date,timestamp,update_timestamp,station_id,station_name,station_device_id,location_longitude,location_latitude,reading_update_timestamp,reading_value,reading_type,reading_unit
2020-01-01,2020-01-01T00:00:00+08:00,2020-01-05T17:47:38+08:00,S07,Lornie Road,S07,103.8334,1.3415,2020-01-05T17:47:38+08:00,0.0,TB1 Rainfall 5 Minute Total F,mm
2020-01-01,2020-01-01T00:05:00+08:00,2020-01-05T17:47:55+08:00,S07,Lornie Road,S07,103.8334,1.3415,2020-01-05T17:47:55+08:00,0.0,TB1 Rainfall 5 Minute Total F,mm
2020-01-01,2020-01-01T00:10:00+08:00,2020-01-05T17:48:11+08:00,S07,Lornie Road,S07,103.8334,1.3415,2020-01-05T17:48:11+08:00,0.0,TB1 Rainfall 5 Minute Total F,mm
2020-01-01,2020-01-01T00:15:00+08:00,2020-01-05T17:48:28+08:00,S07,Lornie Road,S07,103.8334,1.3415,2020-01-05T17:48:28+08:00,0.0,TB1 Rainfall 5 Minute Total F,mm
2020-01-01,2020-01-01T00:20:00+08:00,2020-01-05T17:48:44+08:00,S07,Lornie Road,S07,103.8334,1.3415,2020-01-05T17:48:44+08:00,0.0,TB1 Rainfall 5 Minute Total F,mm
2020-01-01,2020-01-01T00:25:00+08:00,2020-01-05T17:49:00+08:00,S07,Lornie Road,S07,103.8334,1.3415,2020-01-05T17:49:00+08:00,0.0,TB1 Rainfall 5 Minute Total F,mm
2020-01-01,2020-01-01T00:30:00+08:00,2020-01-05T17:49:17+08:00,S07,Lornie Road,S07,103.8334,1.3415,2020-01-05T17:49:17+08:00,0.0,TB1 Rainfall 5 Minute Total F,mm
2020-01-01,2020-01-01T22:35:00+08:00,2020-01-05T19:27:54+08:00,S07,Lornie Road,S07,103.8334,1.3415,2020-01-05T19:27:54+08:00,0.0,TB1 Rainfall 5 Minute Total F,mm
2020-01-01,2020-01-01T22:40:00+08:00,2020-01-05T19:28:10+08:00,S07,Lornie Road,S07,103.8334,1.3415,2020-01-05T19:28:10+08:00,0.0,TB1 Rainfall 5 Minute Total F,mm
2020-01-01,2020-01-01T22:45:00+08:00,2020-01-05T19:28:26+08:00,S07,Lornie Road,S07,103.8334,1.3415,2020-01-05T19:28:26+08:00,0.0,TB1 Rainfall 5 Minute Total F,mm
2020-01-01,2020-01-01T22:50:00+08:00,2020-01-05T19:28:43+08:00,S07,Lornie Road,S07,103.8334,1.3415,2020-01-05T19:28:43+08:00,0.0,TB1 Rainfall 5 Minute Total F,mm
2020-01-01,2020-01-01T22:55:00+08:00,2020-01-05T19:28:59+08:00,S07,Lornie Road,S07,103.8334,1.3415,2020-01-05T19:28:59+08:00,0.0,TB1 Rainfall 5 Minute Total F,mm
2020-01-01,2020-01-01T23:00:00+08:00,2020-01-05T19:29:15+08:00,S07,Lornie Road,S07,103.8334,1.3415,2020-01-05T19:29:15+08:00,0.0,TB1 Rainfall 5 Minute Total F,mm
2020-01-01,2020-01-01T23:05:00+08:00,2020-01-05T19:30:04+08:00,S07,Lornie Road,S07,103.8334,1.3415,2020-01-05T19:29:31+08:00,0.0,TB1 Rainfall 5 Minute Total F,mm
2020-01-01,2020-01-01T23:10:00+08:00,2020-01-05T19:30:04+08:00,S07,Lornie Road,S07,103.8334,1.3415,2020-01-05T19:29:48+08:00,0.0,TB1 Rainfall 5 Minute Total F,mm
2020-01-01,2020-01-01T23:15:00+08:00,2020-01-05T19:30:04+08:00,S07,Lornie Road,S07,103.8334,1.3415,2020-01-05T19:30:04+08:00,0.0,TB1 Rainfall 5 Minute Total F,mm
2020-01-01,2020-01-01T23:20:00+08:00,2020-01-05T19:30:20+08:00,S07,Lornie Road,S07,103.8334,1.3415,2020-01-05T19:30:20+08:00,0.0,TB1 Rainfall 5 Minute Total F,mm
2020-01-01,2020-01-01T23:25:00+08:00,2020-01-05T19:30:53+08:00,S07,Lornie Road,S07,103.8334,1.3415,2020-01-05T19:30:37+08:00,0.0,TB1 Rainfall 5 Minute Total F,mm
2020-01-01,2020-01-01T23:30:00+08:00,2020-01-05T19:31:25+08:00,S07,Lornie Road,S07,103.8334,1.3415,2020-01-05T19:30:53+08:00,0.0,TB1 Rainfall 5 Minute Total F,mm
2020-01-01,2020-01-01T23:35:00+08:00,2020-01-05T19:31:25+08:00,S07,Lornie Road,S07,103.8334,1.3415,2020-01-05T19:31:09+08:00,0.0,TB1 Rainfall 5 Minute Total F,mm
2020-01-01,2020-01-01T23:40:00+08:00,2020-01-05T19:31:25+08:00,S07,Lornie Road,S07,103.8334,1.3415,2020-01-05T19:31:25+08:00,0.0,TB1 Rainfall 5 Minute Total F,mm
2020-01-01,2020-01-01T23:45:00+08:00,2020-01-05T19:31:42+08:00,S07,Lornie Road,S07,103.8334,1.3415,2020-01-05T19:31:42+08:00,0.0,TB1 Rainfall 5 Minute Total F,mm
2020-01-01,2020-01-01T23:50:00+08:00,2020-01-05T19:31:59+08:00,S07,Lornie Road,S07,103.8334,1.3415,2020-01-05T19:31:59+08:00,0.0,TB1 Rainfall 5 Minute Total F,mm
2020-01-01,2020-01-01T23:55:00+08:00,2020-01-05T19:32:34+08:00,S07,Lornie Road,S07,103.8334,1.3415,2020-01-05T19:32:17+08:00,0.0,TB1 Rainfall 5 Minute Total F,mm
2020-01-02,2020-01-02T00:00:00+08:00,2020-01-05T19:32:34+08:00,S07,Lornie Road,S07,103.8334,1.3415,2020-01-05T19:32:34+08:00,0.0,TB1 Rainfall 5 Minute Total F,mm
2020-01-03,2020-01-03T13:00:00+08:00,2020-01-05T21:54:28+08:00,S07,Lornie Road,S07,103.8334,1.3415,2020-01-05T21:54:28+08:00,0.0,TB1 Rainfall 5 Minute Total F,mm
2020-01-03,2020-01-03T13:05:00+08:00,2020-01-05T21:54:45+08:00,S07,Lornie Road,S07,103.8334,1.3415,2020-01-05T21:54:45+08:00,0.0,TB1 Rainfall 5 Minute Total F,mm
2020-01-03,2020-01-03T13:10:00+08:00,2020-01-05T21:55:01+08:00,S07,Lornie Road,S07,103.8334,1.3415,2020-01-05T21:55:01+08:00,0.0,TB1 Rainfall 5 Minute Total F,mm
2020-01-03,2020-01-03T13:15:00+08:00,2020-01-05T21:55:17+08:00,S07,Lornie Road,S07,103.8334,1.3415,2020-01-05T21:55:17+08:00,0.0,TB1 Rainfall 5 Minute Total F,mm
2020-01-03,2020-01-03T13:20:00+08:00,2020-01-05T21:55:34+08:00,S07,Lornie Road,S07,103.8334,1.3415,2020-01-05T21:55:34+08:00,0.0,TB1 Rainfall 5 Minute Total F,mm
2020-01-03,2020-01-03T13:25:00+08:00,2020-01-05T21:55:50+08:00,S07,Lornie Road,S07,103.8334,1.3415,2020-01-05T21:55:50+08:00,0.0,TB1 Rainfall 5 Minute Total F,mm
2020-01-03,2020-01-03T13:30:00+08:00,2020-01-05T21:56:06+08:00,S07,Lornie Road,S07,103.8334,1.3415,2020-01-05T21:56:06+08:00,0.0,TB1 Rainfall 5 Minute Total F,mm
2020-01-03,2020-01-03T13:35:00+08:00,2020-01-05T21:56:22+08:00,S07,Lornie Road,S07,103.8334,1.3415,2020-01-05T21:56:22+08:00,0.0,TB1 Rainfall 5 Minute Total F,mm
2020-01-03,2020-01-03T13:40:00+08:00,2020-01-05T21:56:39+08:00,S07,Lornie Road,S07,103.8334,1.3415,2020-01-05T21:56:39+08:00,0.0,TB1 Rainfall 5 Minute Total F,mm
2020-01-03,2020-01-03T13:45:00+08:00,2020-01-05T21:56:55+08:00,S07,Lornie Road,S07,103.8334,1.3415,2020-01-05T21:56:55+08:00,0.0,TB1 Rainfall 5 Minute Total F,mm
2020-01-03,2020-01-03T13:50:00+08:00,2020-01-05T21:57:46+08:00,S07,Lornie Road,S07,103.8334,1.3415,2020-01-05T21:57:12+08:00,0.0,TB1 Rainfall 5 Minute Total F,mm
2020-01-03,2020-01-03T13:55:00+08:00,2020-01-05T21:57:28+08:00,S07,Lornie Road,S07,103.8334,1.3415,2020-01-05T21:57:28+08:00,0.0,TB1 Rainfall 5 Minute Total F,mm
2020-01-03,2020-01-03T14:00:00+08:00,2020-01-05T21:57:46+08:00,S07,Lornie Road,S07,103.8334,1.3415,2020-01-05T21:57:46+08:00,0.0,TB1 Rainfall 5 Minute Total F,mm
2020-01-03,2020-01-03T14:05:00+08:00,2020-01-05T21:58:02+08:00,S07,Lornie Road,S07,103.8334,1.3415,2020-01-05T21:58:02+08:00,0.0,TB1 Rainfall 5 Minute Total F,mm
2020-01-03,2020-01-03T14:10:00+08:00,2020-01-05T21:58:18+08:00,S07,Lornie Road,S07,103.8334,1.3415,2020-01-05T21:58:18+08:00,0.0,TB1 Rainfall 5 Minute Total F,mm
2020-01-03,2020-01-03T14:15:00+08:00,2020-01-05T21:58:35+08:00,S07,Lornie Road,S07,103.8334,1.3415,2020-01-05T21:58:35+08:00,0.0,TB1 Rainfall 5 Minute Total F,mm
2020-01-03,2020-01-03T14:20:00+08:00,2020-01-05T21:58:51+08:00,S07,Lornie Road,S07,103.8334,1.3415,2020-01-05T21:58:51+08:00,0.0,TB1 Rainfall 5 Minute Total F,mm
2020-01-03,2020-01-03T14:25:00+08:00,2020-01-05T21:59:07+08:00,S07,Lornie Road,S07,103.8334,1.3415,2020-01-05T21:59:07+08:00,0.2,TB1 Rainfall 5 Minute Total F,mm
2020-01-14,2020-01-14T08:50:00+08:00,2020-01-16T02:20:57+08:00,S07,Lornie Road,S07,103.8334,1.3415,2020-01-16T02:20:57+08:00,0.0,TB1 Rainfall 5 Minute Total F,mm
2020-01-14,2020-01-14T08:55:00+08:00,2020-01-16T02:21:13+08:00,S07,Lornie Road,S07,103.8334,1.3415,2020-01-16T02:21:13+08:00,0.0,TB1 Rainfall 5 Minute Total F,mm
2020-01-14,2020-01-14T09:00:00+08:00,2020-01-16T02:21:29+08:00,S07,Lornie Road,S07,103.8334,1.3415,2020-01-16T02:21:29+08:00,0.0,TB1 Rainfall 5 Minute Total F,mm
2020-01-14,2020-01-14T09:05:00+08:00,2020-01-16T02:21:46+08:00,S07,Lornie Road,S07,103.8334,1.3415,2020-01-16T02:21:46+08:00,0.0,TB1 Rainfall 5 Minute Total F,mm
2020-01-14,2020-01-14T09:10:00+08:00,2020-01-16T02:22:02+08:00,S07,Lornie Road,S07,103.8334,1.3415,2020-01-16T02:22:02+08:00,0.0,TB1 Rainfall 5 Minute Total F,mm
2020-01-14,2020-01-14T09:15:00+08:00,2020-01-16T02:22:19+08:00,S07,Lornie Road,S07,103.8334,1.3415,2020-01-16T02:22:19+08:00,0.0,TB1 Rainfall 5 Minute Total F,mm
2020-01-14,2020-01-14T09:20:00+08:00,2020-01-16T02:22:35+08:00,S07,Lornie Road,S07,103.8334,1.3415,2020-01-16T02:22:35+08:00,0.0,TB1 Rainfall 5 Minute Total F,mm
2020-01-14,2020-01-14T09:25:00+08:00,2020-01-16T02:22:55+08:00,S07,Lornie Road,S07,103.8334,1.3415,2020-01-16T02:22:55+08:00,0.0,TB1 Rainfall 5 Minute Total F,mm
2020-01-14,2020-01-14T09:30:00+08:00,2020-01-16T02:23:13+08:00,S07,Lornie Road,S07,103.8334,1.3415,2020-01-16T02:23:13+08:00,0.0,TB1 Rainfall 5 Minute Total F,mm
2020-01-14,2020-01-14T09:35:00+08:00,2020-01-16T02:23:31+08:00,S07,Lornie Road,S07,103.8334,1.3415,2020-01-16T02:23:31+08:00,0.0,TB1 Rainfall 5 Minute Total F,mm
2020-01-14,2020-01-14T09:40:00+08:00,2020-01-16T02:23:48+08:00,S07,Lornie Road,S07,103.8334,1.3415,2020-01-16T02:23:48+08:00,0.0,TB1 Rainfall 5 Minute Total F,mm
2020-01-14,2020-01-14T09:45:00+08:00,2020-01-16T02:24:05+08:00,S07,Lornie Road,S07,103.8334,1.3415,2020-01-16T02:24:05+08:00,0.0,TB1 Rainfall 5 Minute Total F,mm
2020-01-14,2020-01-14T09:50:00+08:00,2020-01-16T02:24:23+08:00,S07,Lornie Road,S07,103.8334,1.3415,2020-01-16T02:24:23+08:00,0.0,TB1 Rainfall 5 Minute Total F,mm
2020-01-14,2020-01-14T09:55:00+08:00,2020-01-16T02:24:39+08:00,S07,Lornie Road,S07,103.8334,1.3415,2020-01-16T02:24:39+08:00,0.0,TB1 Rainfall 5 Minute Total F,mm
2020-01-14,2020-01-14T10:00:00+08:00,2020-01-16T02:24:56+08:00,S07,Lornie Road,S07,103.8334,1.3415,2020-01-16T02:24:56+08:00,0.0,TB1 Rainfall 5 Minute Total F,mm
2020-01-14,2020-01-14T10:05:00+08:00,2020-01-16T02:25:12+08:00,S07,Lornie Road,S07,103.8334,1.3415,2020-01-16T02:25:12+08:00,0.0,TB1 Rainfall 5 Minute Total F,mm
2020-01-14,2020-01-14T10:10:00+08:00,2020-01-16T02:25:28+08:00,S07,Lornie Road,S07,103.8334,1.3415,2020-01-16T02:25:28+08:00,0.0,TB1 Rainfall 5 Minute Total F,mm
2020-01-14,2020-01-14T10:20:00+08:00,2020-01-16T02:26:01+08:00,S07,Lornie Road,S07,103.8334,1.3415,2020-01-16T02:26:01+08:00,0.0,TB1 Rainfall 5 Minute Total F,mm
2020-01-14,2020-01-14T10:25:00+08:00,2020-01-16T02:26:17+08:00,S07,Lornie Road,S07,103.8334,1.3415,2020-01-16T02:26:17+08:00,0.0,TB1 Rainfall 5 Minute Total F,mm
2020-01-14,2020-01-14T10:35:00+08:00,2020-01-16T02:26:50+08:00,S07,Lornie Road,S07,103.8334,1.3415,2020-01-16T02:26:50+08:00,0.0,TB1 Rainfall 5 Minute Total F,mm
2020-01-14,2020-01-14T10:40:00+08:00,2020-01-16T02:27:07+08:00,S07,Lornie Road,S07,103.8334,1.3415,2020-01-16T02:27:07+08:00,0.0,TB1 Rainfall 5 Minute Total F,mm
2020-01-14,2020-01-14T10:45:00+08:00,2020-01-16T02:27:23+08:00,S07,Lornie Road,S07,103.8334,1.3415,2020-01-16T02:27:23+08:00,0.0,TB1 Rainfall 5 Minute Total F,mm
2020-01-14,2020-01-14T10:50:00+08:00,2020-01-16T02:27:39+08:00,S07,Lornie Road,S07,103.8334,1.3415,2020-01-16T02:27:39+08:00,0.0,TB1 Rainfall 5 Minute Total F,mm
2020-01-31,2020-01-31T22:35:00+08:00,2020-01-31T22:45:29+08:00,S07,Lornie Road,S07,103.8334,1.3415,2020-01-31T22:45:29+08:00,0.0,TB1 Rainfall 5 Minute Total F,mm
2020-01-31,2020-01-31T22:40:00+08:00,2020-01-31T22:50:27+08:00,S07,Lornie Road,S07,103.8334,1.3415,2020-01-31T22:50:27+08:00,0.0,TB1 Rainfall 5 Minute Total F,mm
2020-01-31,2020-01-31T22:45:00+08:00,2020-01-31T22:55:27+08:00,S07,Lornie Road,S07,103.8334,1.3415,2020-01-31T22:55:27+08:00,0.0,TB1 Rainfall 5 Minute Total F,mm
2020-01-31,2020-01-31T22:50:00+08:00,2020-01-31T23:00:20+08:00,S07,Lornie Road,S07,103.8334,1.3415,2020-01-31T23:00:20+08:00,0.0,TB1 Rainfall 5 Minute Total F,mm
2020-01-31,2020-01-31T22:55:00+08:00,2020-01-31T23:06:02+08:00,S07,Lornie Road,S07,103.8334,1.3415,2020-01-31T23:06:02+08:00,0.0,TB1 Rainfall 5 Minute Total F,mm
2020-01-31,2020-01-31T23:00:00+08:00,2020-01-31T23:06:19+08:00,S07,Lornie Road,S07,103.8334,1.3415,2020-01-31T23:06:19+08:00,0.0,TB1 Rainfall 5 Minute Total F,mm
2020-01-31,2020-01-31T23:05:00+08:00,2020-01-31T23:15:30+08:00,S07,Lornie Road,S07,103.8334,1.3415,2020-01-31T23:15:30+08:00,0.0,TB1 Rainfall 5 Minute Total F,mm
2020-01-31,2020-01-31T23:10:00+08:00,2020-01-31T23:20:22+08:00,S07,Lornie Road,S07,103.8334,1.3415,2020-01-31T23:20:22+08:00,0.0,TB1 Rainfall 5 Minute Total F,mm
2020-01-31,2020-01-31T23:15:00+08:00,2020-01-31T23:25:39+08:00,S07,Lornie Road,S07,103.8334,1.3415,2020-01-31T23:25:39+08:00,0.0,TB1 Rainfall 5 Minute Total F,mm
2020-01-31,2020-01-31T23:20:00+08:00,2020-01-31T23:30:14+08:00,S07,Lornie Road,S07,103.8334,1.3415,2020-01-31T23:30:14+08:00,0.0,TB1 Rainfall 5 Minute Total F,mm
2020-01-31,2020-01-31T23:25:00+08:00,2020-01-31T23:35:36+08:00,S07,Lornie Road,S07,103.8334,1.3415,2020-01-31T23:35:36+08:00,0.0,TB1 Rainfall 5 Minute Total F,mm
2020-01-31,2020-01-31T23:30:00+08:00,2020-01-31T23:40:28+08:00,S07,Lornie Road,S07,103.8334,1.3415,2020-01-31T23:40:28+08:00,0.0,TB1 Rainfall 5 Minute Total F,mm
2020-01-31,2020-01-31T23:35:00+08:00,2020-01-31T23:46:13+08:00,S07,Lornie Road,S07,103.8334,1.3415,2020-01-31T23:46:13+08:00,0.0,TB1 Rainfall 5 Minute Total F,mm
2020-01-31,2020-01-31T23:40:00+08:00,2020-01-31T23:46:30+08:00,S07,Lornie Road,S07,103.8334,1.3415,2020-01-31T23:46:30+08:00,0.0,TB1 Rainfall 5 Minute Total F,mm
2020-01-31,2020-01-31T23:45:00+08:00,2020-01-31T23:55:57+08:00,S07,Lornie Road,S07,103.8334,1.3415,2020-01-31T23:55:57+08:00,0.0,TB1 Rainfall 5 Minute Total F,mm
2020-01-31,2020-01-31T23:50:00+08:00,2020-02-01T00:00:24+08:00,S07,Lornie Road,S07,103.8334,1.3415,2020-02-01T00:00:24+08:00,0.0,TB1 Rainfall 5 Minute Total F,mm
2020-01-31,2020-01-31T23:55:00+08:00,2020-02-01T00:05:41+08:00,S07,Lornie Road,S07,103.8334,1.3415,2020-02-01T00:05:41+08:00,0.0,TB1 Rainfall 5 Minute Total F,mm
2020-02-01,2020-02-01T00:00:00+08:00,2020-02-01T00:10:58+08:00,S07,Lornie Road,S07,103.8334,1.3415,2020-02-01T00:10:58+08:00,0.0,TB1 Rainfall 5 Minute Total F,mm
2020-12-31,2020-12-31T22:35:00+08:00,2020-12-31T22:44:56+08:00,S07,Lornie Road,S07,103.8334,1.3415,2020-12-31T22:44:56+08:00,0.0,TB1 Rainfall 5 Minute Total F,mm
2020-12-31,2020-12-31T22:40:00+08:00,2020-12-31T22:49:48+08:00,S07,Lornie Road,S07,103.8334,1.3415,2020-12-31T22:49:48+08:00,0.0,TB1 Rainfall 5 Minute Total F,mm
2020-12-31,2020-12-31T22:45:00+08:00,2020-12-31T22:55:05+08:00,S07,Lornie Road,S07,103.8334,1.3415,2020-12-31T22:55:05+08:00,0.0,TB1 Rainfall 5 Minute Total F,mm
2020-12-31,2020-12-31T22:50:00+08:00,2020-12-31T22:59:57+08:00,S07,Lornie Road,S07,103.8334,1.3415,2020-12-31T22:59:57+08:00,0.0,TB1 Rainfall 5 Minute Total F,mm
2020-12-31,2020-12-31T22:55:00+08:00,2020-12-31T23:04:49+08:00,S07,Lornie Road,S07,103.8334,1.3415,2020-12-31T23:04:49+08:00,0.0,TB1 Rainfall 5 Minute Total F,mm
2020-12-31,2020-12-31T23:00:00+08:00,2020-12-31T23:09:41+08:00,S07,Lornie Road,S07,103.8334,1.3415,2020-12-31T23:09:41+08:00,0.0,TB1 Rainfall 5 Minute Total F,mm
2020-12-31,2020-12-31T23:05:00+08:00,2020-12-31T23:14:58+08:00,S07,Lornie Road,S07,103.8334,1.3415,2020-12-31T23:14:58+08:00,0.0,TB1 Rainfall 5 Minute Total F,mm
2020-12-31,2020-12-31T23:10:00+08:00,2020-12-31T23:29:48+08:00,S07,Lornie Road,S07,103.8334,1.3415,2020-12-31T23:19:34+08:00,0.0,TB1 Rainfall 5 Minute Total F,mm
2020-12-31,2020-12-31T23:15:00+08:00,2020-12-31T23:29:48+08:00,S07,Lornie Road,S07,103.8334,1.3415,2020-12-31T23:24:50+08:00,0.0,TB1 Rainfall 5 Minute Total F,mm
2020-12-31,2020-12-31T23:20:00+08:00,2020-12-31T23:29:48+08:00,S07,Lornie Road,S07,103.8334,1.3415,2020-12-31T23:29:48+08:00,0.0,TB1 Rainfall 5 Minute Total F,mm
2020-12-31,2020-12-31T23:25:00+08:00,2020-12-31T23:39:32+08:00,S07,Lornie Road,S07,103.8334,1.3415,2020-12-31T23:35:05+08:00,0.0,TB1 Rainfall 5 Minute Total F,mm
2020-12-31,2020-12-31T23:30:00+08:00,2020-12-31T23:39:32+08:00,S07,Lornie Road,S07,103.8334,1.3415,2020-12-31T23:39:32+08:00,0.0,TB1 Rainfall 5 Minute Total F,mm
2020-12-31,2020-12-31T23:35:00+08:00,2020-12-31T23:54:49+08:00,S07,Lornie Road,S07,103.8334,1.3415,2020-12-31T23:44:34+08:00,0.0,TB1 Rainfall 5 Minute Total F,mm
2020-12-31,2020-12-31T23:40:00+08:00,2020-12-31T23:54:49+08:00,S07,Lornie Road,S07,103.8334,1.3415,2020-12-31T23:49:32+08:00,0.0,TB1 Rainfall 5 Minute Total F,mm
2020-12-31,2020-12-31T23:45:00+08:00,2020-12-31T23:54:49+08:00,S07,Lornie Road,S07,103.8334,1.3415,2020-12-31T23:54:49+08:00,0.0,TB1 Rainfall 5 Minute Total F,mm
2020-12-31,2020-12-31T23:50:00+08:00,2020-12-31T23:59:41+08:00,S07,Lornie Road,S07,103.8334,1.3415,2020-12-31T23:59:41+08:00,0.0,TB1 Rainfall 5 Minute Total F,mm
2020-12-31,2020-12-31T23:55:00+08:00,2021-01-01T00:04:57+08:00,S07,Lornie Road,S07,103.8334,1.3415,2021-01-01T00:04:57+08:00,0.0,TB1 Rainfall 5 Minute Total F,mm
