year,reason,date,timestamp,update_timestamp,station_id,station_name,station_device_id,location_longitude,location_latitude,reading_update_timestamp,reading_value,reading_type,reading_unit,field_count,_corrupt_record,raw_line
2020,update_delay_gt_day,2020-01-01,2020-01-01T00:00:00+08:00,2020-01-05T17:47:38+08:00,S105,Admiralty Road West,S105,103.79525,1.45817,2020-01-05T17:47:38+08:00,0.0,TB1 Rainfall 5 Minute Total F,mm,12,,"2020-01-01,2020-01-01T00:00:00+08:00,2020-01-05T17:47:38+08:00,S105,Admiralty Road West,S105,103.79525,1.45817,2020-01-05T17:47:38+08:00,0.0,TB1 Rainfall 5 Minute Total F,mm"
2020,update_delay_gt_day,2020-01-01,2020-01-01T00:00:00+08:00,2020-01-05T17:47:38+08:00,S77,Alexandra Road,S77,103.8125,1.2937,2020-01-05T17:47:38+08:00,0.0,TB1 Rainfall 5 Minute Total F,mm,12,,"2020-01-01,2020-01-01T00:00:00+08:00,2020-01-05T17:47:38+08:00,S77,Alexandra Road,S77,103.8125,1.2937,2020-01-05T17:47:38+08:00,0.0,TB1 Rainfall 5 Minute Total F,mm"
2020,update_delay_gt_day,2020-01-01,2020-01-01T00:00:00+08:00,2020-01-05T17:47:38+08:00,S109,Ang Mo Kio Avenue 5,S109,103.8492,1.3764,2020-01-05T17:47:38+08:00,0.0,TB1 Rainfall 5 Minute Total F,mm,12,,"2020-01-01,2020-01-01T00:00:00+08:00,2020-01-05T17:47:38+08:00,S109,Ang Mo Kio Avenue 5,S109,103.8492,1.3764,2020-01-05T17:47:38+08:00,0.0,TB1 Rainfall 5 Minute Total F,mm"
2020,update_delay_gt_day,2020-01-01,2020-01-01T00:00:00+08:00,2020-01-05T17:47:38+08:00,S117,Banyan Road,S117,103.679,1.256,2020-01-05T17:47:38+08:00,0.0,TB1 Rainfall 5 Minute Total F,mm,12,,"2020-01-01,2020-01-01T00:00:00+08:00,2020-01-05T17:47:38+08:00,S117,Banyan Road,S117,103.679,1.256,2020-01-05T17:47:38+08:00,0.0,TB1 Rainfall 5 Minute Total F,mm"
2020,update_delay_gt_day,2020-01-01,2020-01-01T00:00:00+08:00,2020-01-05T17:47:38+08:00,S64,Bukit Panjang Road,S64,103.7603,1.3824,2020-01-05T17:47:38+08:00,0.0,TB1 Rainfall 5 Minute Total F,mm,12,,"2020-01-01,2020-01-01T00:00:00+08:00,2020-01-05T17:47:38+08:00,S64,Bukit Panjang Road,S64,103.7603,1.3824,2020-01-05T17:47:38+08:00,0.0,TB1 Rainfall 5 Minute Total F,mm"
2020,reading_update_delay_gt_day,2020-01-01,2020-01-01T00:00:00+08:00,2020-01-05T17:47:38+08:00,S105,Admiralty Road West,S105,103.79525,1.45817,2020-01-05T17:47:38+08:00,0.0,TB1 Rainfall 5 Minute Total F,mm,12,,"2020-01-01,2020-01-01T00:00:00+08:00,2020-01-05T17:47:38+08:00,S105,Admiralty Road West,S105,103.79525,1.45817,2020-01-05T17:47:38+08:00,0.0,TB1 Rainfall 5 Minute Total F,mm"
2020,reading_update_delay_gt_day,2020-01-01,2020-01-01T00:00:00+08:00,2020-01-05T17:47:38+08:00,S77,Alexandra Road,S77,103.8125,1.2937,2020-01-05T17:47:38+08:00,0.0,TB1 Rainfall 5 Minute Total F,mm,12,,"2020-01-01,2020-01-01T00:00:00+08:00,2020-01-05T17:47:38+08:00,S77,Alexandra Road,S77,103.8125,1.2937,2020-01-05T17:47:38+08:00,0.0,TB1 Rainfall 5 Minute Total F,mm"
2020,reading_update_delay_gt_day,2020-01-01,2020-01-01T00:00:00+08:00,2020-01-05T17:47:38+08:00,S109,Ang Mo Kio Avenue 5,S109,103.8492,1.3764,2020-01-05T17:47:38+08:00,0.0,TB1 Rainfall 5 Minute Total F,mm,12,,"2020-01-01,2020-01-01T00:00:00+08:00,2020-01-05T17:47:38+08:00,S109,Ang Mo Kio Avenue 5,S109,103.8492,1.3764,2020-01-05T17:47:38+08:00,0.0,TB1 Rainfall 5 Minute Total F,mm"
2020,reading_update_delay_gt_day,2020-01-01,2020-01-01T00:00:00+08:00,2020-01-05T17:47:38+08:00,S117,Banyan Road,S117,103.679,1.256,2020-01-05T17:47:38+08:00,0.0,TB1 Rainfall 5 Minute Total F,mm,12,,"2020-01-01,2020-01-01T00:00:00+08:00,2020-01-05T17:47:38+08:00,S117,Banyan Road,S117,103.679,1.256,2020-01-05T17:47:38+08:00,0.0,TB1 Rainfall 5 Minute Total F,mm"
2020,reading_update_delay_gt_day,2020-01-01,2020-01-01T00:00:00+08:00,2020-01-05T17:47:38+08:00,S64,Bukit Panjang Road,S64,103.7603,1.3824,2020-01-05T17:47:38+08:00,0.0,TB1 Rainfall 5 Minute Total F,mm,12,,"2020-01-01,2020-01-01T00:00:00+08:00,2020-01-05T17:47:38+08:00,S64,Bukit Panjang Road,S64,103.7603,1.3824,2020-01-05T17:47:38+08:00,0.0,TB1 Rainfall 5 Minute Total F,mm"
