year,station_id,epoch_s,candidate_rows,event_ts,event_year,month,offset_s,slot,previous_epoch_s,gap_s
2020,S205,1601963400,1,2020-10-06 13:50:00,2020,10,0,5339878,1592876700,9086700
2020,S122,1606801800,1,2020-12-01 13:50:00,2020,12,0,5356006,1600828200,5973600
2020,S60,1591862100,1,2020-06-11 15:55:00,2020,6,0,5306207,1587074700,4787400
2020,S69,1597638600,1,2020-08-17 12:30:00,2020,8,0,5325462,1595413200,2225400
2020,S122,1583466300,1,2020-03-06 11:45:00,2020,3,0,5278221,1581527700,1938600
2020,S82,1607052600,1,2020-12-04 11:30:00,2020,12,0,5356842,1605677100,1375500
2020,S36,1604646300,1,2020-11-06 15:05:00,2020,11,0,5348821,1603368000,1278300
2020,S106,1607663400,1,2020-12-11 13:10:00,2020,12,0,5358878,1606681500,981900
2020,S116,1597736100,1,2020-08-18 15:35:00,2020,8,0,5325787,1596848100,888000
2020,S107,1588736100,1,2020-05-06 11:35:00,2020,5,0,5295787,1587927600,808500
2020,S108,1593488400,1,2020-06-30 11:40:00,2020,6,0,5311628,1592693400,795000
2020,S29,1596768300,1,2020-08-07 10:45:00,2020,8,0,5322561,1595988000,780300
2020,S122,1588559400,1,2020-05-04 10:30:00,2020,5,0,5295198,1587780900,778500
2020,S109,1584426600,1,2020-03-17 14:30:00,2020,3,0,5281422,1583675700,750900
2020,S109,1609133700,1,2020-12-28 13:35:00,2020,12,0,5363779,1608431100,702600
2020,S115,1607921400,1,2020-12-14 12:50:00,2020,12,0,5359738,1607295300,626100
2020,S35,1590651600,1,2020-05-28 15:40:00,2020,5,0,5302172,1590030300,621300
2020,S215,1592196600,1,2020-06-15 12:50:00,2020,6,0,5307322,1591581900,614700
2020,S116,1590645000,1,2020-05-28 13:50:00,2020,5,0,5302150,1590040800,604200
2020,S214,1597905000,1,2020-08-20 14:30:00,2020,8,0,5326350,1597302000,603000
2020,S108,1594712400,1,2020-07-14 15:40:00,2020,7,0,5315708,1594123800,588600
2020,S36,1596789300,1,2020-08-07 16:35:00,2020,8,0,5322631,1596225300,564000
2020,S36,1596224100,1,2020-08-01 03:35:00,2020,8,0,5320747,1595664000,560100
2020,S108,1603870200,1,2020-10-28 15:30:00,2020,10,0,5346234,1603335300,534900
2020,S36,1607928000,1,2020-12-14 14:40:00,2020,12,0,5359760,1607401200,526800
2020,S36,1606463100,1,2020-11-27 15:45:00,2020,11,0,5354877,1605977700,485400
2020,S224,1597134600,1,2020-08-11 16:30:00,2020,8,0,5323782,1596657300,477300
2020,S36,1594534800,1,2020-07-12 14:20:00,2020,7,0,5315116,1594066500,468300
2020,S109,1606805700,1,2020-12-01 14:55:00,2020,12,0,5356019,1606345800,459900
2020,S115,1586847000,1,2020-04-14 14:50:00,2020,4,0,5289490,1586403000,444000
