case,station_id,prediction_epoch_s,offset_s,slot_epoch_s,present,rain_decimal_mm
valid_nonzero,S06,1483256100,-3300,1483252800,True,0E-18
valid_nonzero,S06,1483256100,-3000,1483253100,True,0E-18
valid_nonzero,S06,1483256100,-2700,1483253400,True,0E-18
valid_nonzero,S06,1483256100,-2400,1483253700,True,0E-18
valid_nonzero,S06,1483256100,-2100,1483254000,True,0E-18
valid_nonzero,S06,1483256100,-1800,1483254300,True,0E-18
valid_nonzero,S06,1483256100,-1500,1483254600,True,0E-18
valid_nonzero,S06,1483256100,-1200,1483254900,True,0E-18
valid_nonzero,S06,1483256100,-900,1483255200,True,0E-18
valid_nonzero,S06,1483256100,-600,1483255500,True,0E-18
valid_nonzero,S06,1483256100,-300,1483255800,True,0E-18
valid_nonzero,S06,1483256100,0,1483256100,True,0E-18
valid_nonzero,S06,1483256100,300,1483256400,True,0E-18
valid_nonzero,S06,1483256100,600,1483256700,True,0E-18
valid_nonzero,S06,1483256100,900,1483257000,True,0E-18
valid_nonzero,S06,1483256100,1200,1483257300,True,0E-18
valid_nonzero,S06,1483256100,1500,1483257600,True,0E-18
valid_nonzero,S06,1483256100,1800,1483257900,True,1.200000000000000000
valid_zero,S06,1483229100,-3300,1483225800,False,
valid_zero,S06,1483229100,-3000,1483226100,False,
valid_zero,S06,1483229100,-2700,1483226400,False,
valid_zero,S06,1483229100,-2400,1483226700,False,
valid_zero,S06,1483229100,-2100,1483227000,False,
valid_zero,S06,1483229100,-1800,1483227300,False,
valid_zero,S06,1483229100,-1500,1483227600,False,
valid_zero,S06,1483229100,-1200,1483227900,False,
valid_zero,S06,1483229100,-900,1483228200,False,
valid_zero,S06,1483229100,-600,1483228500,False,
valid_zero,S06,1483229100,-300,1483228800,False,
valid_zero,S06,1483229100,0,1483229100,True,0E-18
valid_zero,S06,1483229100,300,1483229400,True,0E-18
valid_zero,S06,1483229100,600,1483229700,True,0E-18
valid_zero,S06,1483229100,900,1483230000,True,0E-18
valid_zero,S06,1483229100,1200,1483230300,True,0E-18
valid_zero,S06,1483229100,1500,1483230600,True,0E-18
valid_zero,S06,1483229100,1800,1483230900,True,0E-18
internal_missing_future,S06,1483568400,-3300,1483565100,True,0E-18
internal_missing_future,S06,1483568400,-3000,1483565400,True,0E-18
internal_missing_future,S06,1483568400,-2700,1483565700,True,0E-18
internal_missing_future,S06,1483568400,-2400,1483566000,True,0E-18
internal_missing_future,S06,1483568400,-2100,1483566300,True,0E-18
internal_missing_future,S06,1483568400,-1800,1483566600,True,0E-18
internal_missing_future,S06,1483568400,-1500,1483566900,True,0E-18
internal_missing_future,S06,1483568400,-1200,1483567200,True,0E-18
internal_missing_future,S06,1483568400,-900,1483567500,True,0E-18
internal_missing_future,S06,1483568400,-600,1483567800,True,0E-18
internal_missing_future,S06,1483568400,-300,1483568100,True,0.200000000000000000
internal_missing_future,S06,1483568400,0,1483568400,True,0.200000000000000000
internal_missing_future,S06,1483568400,300,1483568700,True,0.200000000000000000
internal_missing_future,S06,1483568400,600,1483569000,True,0.200000000000000000
internal_missing_future,S06,1483568400,900,1483569300,True,0E-18
internal_missing_future,S06,1483568400,1200,1483569600,True,0.200000000000000000
internal_missing_future,S06,1483568400,1500,1483569900,True,0E-18
internal_missing_future,S06,1483568400,1800,1483570200,False,
cross_day,S06,1483284600,-3300,1483281300,True,0E-18
cross_day,S06,1483284600,-3000,1483281600,True,0E-18
cross_day,S06,1483284600,-2700,1483281900,True,0E-18
cross_day,S06,1483284600,-2400,1483282200,True,0E-18
cross_day,S06,1483284600,-2100,1483282500,True,0E-18
cross_day,S06,1483284600,-1800,1483282800,True,0E-18
cross_day,S06,1483284600,-1500,1483283100,True,0E-18
cross_day,S06,1483284600,-1200,1483283400,True,0E-18
cross_day,S06,1483284600,-900,1483283700,True,0E-18
cross_day,S06,1483284600,-600,1483284000,True,0E-18
cross_day,S06,1483284600,-300,1483284300,True,0E-18
cross_day,S06,1483284600,0,1483284600,True,0E-18
cross_day,S06,1483284600,300,1483284900,True,0E-18
cross_day,S06,1483284600,600,1483285200,True,0E-18
cross_day,S06,1483284600,900,1483285500,True,0E-18
cross_day,S06,1483284600,1200,1483285800,True,0E-18
cross_day,S06,1483284600,1500,1483286100,True,0E-18
cross_day,S06,1483284600,1800,1483286400,True,0E-18
cross_month,S06,1485876600,-3300,1485873300,True,0E-18
cross_month,S06,1485876600,-3000,1485873600,True,0E-18
cross_month,S06,1485876600,-2700,1485873900,True,0E-18
cross_month,S06,1485876600,-2400,1485874200,True,0E-18
cross_month,S06,1485876600,-2100,1485874500,True,0E-18
cross_month,S06,1485876600,-1800,1485874800,True,0E-18
cross_month,S06,1485876600,-1500,1485875100,True,0E-18
cross_month,S06,1485876600,-1200,1485875400,True,0E-18
cross_month,S06,1485876600,-900,1485875700,True,0E-18
cross_month,S06,1485876600,-600,1485876000,True,0E-18
cross_month,S06,1485876600,-300,1485876300,True,0E-18
cross_month,S06,1485876600,0,1485876600,True,0E-18
cross_month,S06,1485876600,300,1485876900,True,0E-18
cross_month,S06,1485876600,600,1485877200,True,0E-18
cross_month,S06,1485876600,900,1485877500,True,0E-18
cross_month,S06,1485876600,1200,1485877800,True,0E-18
cross_month,S06,1485876600,1500,1485878100,True,0E-18
cross_month,S06,1485876600,1800,1485878400,True,0E-18
cross_year,S07,1514734200,-3300,1514730900,True,0E-18
cross_year,S07,1514734200,-3000,1514731200,True,0E-18
cross_year,S07,1514734200,-2700,1514731500,True,0E-18
cross_year,S07,1514734200,-2400,1514731800,True,0E-18
cross_year,S07,1514734200,-2100,1514732100,True,0.200000000000000000
cross_year,S07,1514734200,-1800,1514732400,True,0.400000000000000000
cross_year,S07,1514734200,-1500,1514732700,True,1.400000000000000000
cross_year,S07,1514734200,-1200,1514733000,True,0.800000000000000000
cross_year,S07,1514734200,-900,1514733300,True,0.800000000000000000
cross_year,S07,1514734200,-600,1514733600,True,0.200000000000000000
cross_year,S07,1514734200,-300,1514733900,True,0E-18
cross_year,S07,1514734200,0,1514734200,True,0.400000000000000000
cross_year,S07,1514734200,300,1514734500,True,0.400000000000000000
cross_year,S07,1514734200,600,1514734800,True,0.600000000000000000
cross_year,S07,1514734200,900,1514735100,True,0.400000000000000000
cross_year,S07,1514734200,1200,1514735400,True,0.800000000000000000
cross_year,S07,1514734200,1500,1514735700,True,1.200000000000000000
cross_year,S07,1514734200,1800,1514736000,True,1.000000000000000000
incomplete_history,S06,1483229100,-3300,1483225800,False,
incomplete_history,S06,1483229100,-3000,1483226100,False,
incomplete_history,S06,1483229100,-2700,1483226400,False,
incomplete_history,S06,1483229100,-2400,1483226700,False,
incomplete_history,S06,1483229100,-2100,1483227000,False,
incomplete_history,S06,1483229100,-1800,1483227300,False,
incomplete_history,S06,1483229100,-1500,1483227600,False,
incomplete_history,S06,1483229100,-1200,1483227900,False,
incomplete_history,S06,1483229100,-900,1483228200,False,
incomplete_history,S06,1483229100,-600,1483228500,False,
incomplete_history,S06,1483229100,-300,1483228800,False,
incomplete_history,S06,1483229100,0,1483229100,True,0E-18
incomplete_history,S06,1483229100,300,1483229400,True,0E-18
incomplete_history,S06,1483229100,600,1483229700,True,0E-18
incomplete_history,S06,1483229100,900,1483230000,True,0E-18
incomplete_history,S06,1483229100,1200,1483230300,True,0E-18
incomplete_history,S06,1483229100,1500,1483230600,True,0E-18
incomplete_history,S06,1483229100,1800,1483230900,True,0E-18
alignment_transition,S113,1493089200,-3300,1493085900,True,0E-18
alignment_transition,S113,1493089200,-3000,1493086200,True,0E-18
alignment_transition,S113,1493089200,-2700,1493086500,True,0E-18
alignment_transition,S113,1493089200,-2400,1493086800,True,0E-18
alignment_transition,S113,1493089200,-2100,1493087100,True,0E-18
alignment_transition,S113,1493089200,-1800,1493087400,True,0E-18
alignment_transition,S113,1493089200,-1500,1493087700,True,0E-18
alignment_transition,S113,1493089200,-1200,1493088000,True,0E-18
alignment_transition,S113,1493089200,-900,1493088300,True,0E-18
alignment_transition,S113,1493089200,-600,1493088600,True,0E-18
alignment_transition,S113,1493089200,-300,1493088900,True,0E-18
alignment_transition,S113,1493089200,0,1493089200,True,0E-18
alignment_transition,S113,1493089200,300,1493089500,True,0E-18
alignment_transition,S113,1493089200,600,1493089800,True,0E-18
alignment_transition,S113,1493089200,900,1493090100,True,0E-18
alignment_transition,S113,1493089200,1200,1493090400,True,0E-18
alignment_transition,S113,1493089200,1500,1493090700,True,0E-18
alignment_transition,S113,1493089200,1800,1493091000,True,0E-18
