year,station_id,month,anchors,future_valid,history_valid,base_model_eligible
2017,S06,1,8820,8814,8798,8792
2017,S06,2,8063,8057,8052,8046
2017,S06,3,7624,7618,7624,7618
2017,S07,1,8831,8831,8820,8820
2017,S07,2,8061,8043,8028,8010
2017,S07,3,8927,8921,8916,8910
2017,S07,4,7417,7160,7018,6878
2017,S07,5,8464,7788,7427,7125
2017,S07,6,8429,8247,8138,8026
2017,S07,7,8436,8230,8095,7939
2017,S07,8,8622,8329,8138,7900
2017,S07,9,8431,8172,7992,7776
2017,S07,10,8591,8249,8021,7749
2017,S07,11,4331,3888,3644,3393
2017,S07,12,8747,8449,8249,8009
2017,S08,1,8830,8824,8808,8802
2017,S08,2,8063,8057,8052,8046
2017,S08,3,8928,8928,8928,8928
2017,S08,4,4236,4146,4114,4089
2017,S08,5,8681,8359,8219,8102
2017,S08,6,2875,2694,2629,2556
2017,S08,7,4389,3893,3567,3236
2017,S08,8,8652,7964,7505,7006
2017,S08,9,8400,7916,7596,7269
2017,S08,10,8673,8366,8157,7915
2017,S08,11,8417,7957,7637,7280
2017,S08,12,8733,8359,8099,7794
2017,S100,1,8815,8719,8628,8532
2017,S100,2,8052,7980,7920,7848
2017,S100,3,8907,8781,8676,8550
2017,S100,4,8197,7781,7535,7320
2017,S100,5,7388,5163,4347,3895
2017,S100,6,8318,7743,7486,7345
2017,S100,7,8741,8512,8357,8183
2017,S100,8,8718,8432,8247,8014
2017,S100,9,8407,8147,7967,7751
2017,S100,10,8479,8176,7961,7714
2017,S100,11,7686,7408,7218,6995
2017,S100,12,8705,8399,8194,7948
2017,S101,1,8829,8817,8796,8784
2017,S101,2,8062,8050,8040,8028
2017,S101,3,8927,8921,8916,8910
2017,S101,4,8085,8049,8019,7988
2017,S101,5,8678,8327,8153,8029
2017,S101,6,8341,7857,7597,7390
2017,S101,7,8760,8568,8443,8299
2017,S101,8,8496,7896,7543,7163
2017,S101,9,8427,8159,7978,7763
2017,S101,10,8645,8343,8134,7892
2017,S101,11,8176,7895,7700,7471
2017,S101,12,1287,1233,1204,1162
2017,S102,1,7920,7398,7055,6693
2017,S102,2,7497,7192,6980,6739
2017,S102,3,8580,8251,8003,7715
2017,S102,4,5290,4227,4077,3916
2017,S102,5,7834,6306,5471,4820
2017,S102,6,8427,7860,7483,7127
2017,S102,7,8748,8541,8401,8239
2017,S102,8,8605,8142,7836,7487
2017,S102,9,8161,7248,6726,6232
2017,S102,10,8628,8324,8109,7862
2017,S102,11,8169,7724,7412,7071
2017,S102,12,3571,3461,3392,3296
2017,S103,3,45,0,0,0
2017,S104,1,8828,8810,8784,8766
2017,S104,2,8059,8029,8004,7974
2017,S104,3,8921,8885,8855,8819
2017,S104,4,7994,7894,7814,7733
2017,S104,5,6514,5467,4899,4437
2017,S104,6,6813,6270,5943,5627
2017,S104,7,5461,5314,5230,5122
2017,S104,8,6047,5853,5717,5556
2017,S104,9,8413,8148,7967,7752
2017,S104,10,8625,8322,8108,7860
2017,S104,11,5512,5317,5193,5036
2017,S106,1,7170,4372,3460,2808
2017,S106,2,7878,7252,6904,6586
2017,S106,3,8421,7236,6644,6145
2017,S106,4,7240,6906,6671,6408
2017,S106,5,7332,7110,6932,6763
2017,S106,6,3499,2765,2454,2233
2017,S106,7,7593,6417,5707,5048
2017,S106,8,8083,6261,5317,4451
2017,S106,9,8018,6572,5776,5023
2017,S106,10,6859,5328,4600,3965
2017,S106,11,7849,6735,6103,5487
2017,S106,12,7841,5867,4880,4005
2017,S107,1,8827,8803,8772,8748
2017,S107,2,8063,8057,8052,8046
2017,S107,3,8928,8928,8928,8928
2017,S107,4,8049,7799,7640,7493
2017,S107,5,5680,3116,2341,1879
2017,S107,6,7641,6506,6023,5690
2017,S107,7,8611,8277,8047,7785
2017,S107,8,8693,8269,7984,7659
2017,S107,9,8389,8019,7758,7447
2017,S107,10,8626,8241,7968,7654
2017,S107,11,8429,8099,7869,7602
2017,S107,12,8705,8378,8158,7900
2017,S108,1,8803,8642,8501,8345
2017,S108,2,7779,7471,7255,7004
2017,S108,3,8774,7908,7252,6536
2017,S108,4,7131,6750,6501,6244
2017,S108,5,4637,3430,2923,2572
2017,S108,6,4073,3183,2783,2461
2017,S108,7,7059,6879,6749,6611
2017,S108,8,8271,7966,7771,7526
2017,S108,9,8072,7771,7560,7314
2017,S108,10,8501,8165,7932,7651
2017,S108,11,6239,5922,5690,5441
2017,S108,12,8135,7799,7580,7310
2017,S109,1,8822,8768,8712,8658
2017,S109,2,8055,8001,7956,7902
2017,S109,3,8925,8907,8892,8874
2017,S109,4,8182,7813,7602,7412
2017,S109,5,6652,3254,1982,1150
2017,S109,6,7593,5562,4602,3868
2017,S109,7,6794,6306,6058,5859
2017,S109,8,7673,7405,7235,7020
2017,S109,9,7369,7132,6972,6780
2017,S109,10,8631,8321,8106,7859
2017,S109,11,8431,8147,7947,7712
2017,S109,12,8713,8394,8179,7927
2017,S11,1,8831,8831,8820,8820
2017,S11,2,8064,8064,8064,8064
2017,S11,3,8914,8875,8858,8840
2017,S11,4,8289,8182,8135,8091
2017,S11,5,8549,8038,7797,7620
2017,S11,6,8423,8126,7999,7882
2017,S11,7,8761,8560,8430,8280
2017,S11,8,8732,8444,8259,8026
2017,S11,9,8436,8173,7992,7777
2017,S11,10,8665,8366,8157,7915
2017,S11,11,8458,8182,7987,7757
2017,S11,12,8748,8448,8248,8008
2017,S110,1,8822,8773,8722,8674
2017,S110,2,8062,8050,8040,8028
2017,S110,3,8927,8921,8916,8910
2017,S110,4,1762,1738,1729,1705
2017,S111,8,167,162,156,151
2017,S111,9,7485,7242,7076,6879
2017,S111,10,8629,8317,8098,7844
2017,S111,11,6580,6348,6188,6001
2017,S111,12,8684,8357,8137,7879
2017,S112,1,8520,6957,5929,4955
2017,S112,2,7842,6722,6012,5291
2017,S112,3,8740,7756,7144,6559
2017,S112,4,8114,8035,7970,7897
2017,S112,5,8823,8671,8576,8473
2017,S112,6,8452,8262,8135,8017
2017,S112,7,7540,7256,7083,6882
2017,S112,8,8613,8325,8139,7918
2017,S112,9,8415,8147,7966,7751
2017,S112,10,8227,7941,7737,7501
2017,S112,11,8438,8154,7954,7719
2017,S112,12,8728,8426,8226,7986
2017,S113,1,8830,8824,8808,8802
2017,S113,2,8062,8056,8051,8045
2017,S113,3,8291,8236,8191,8137
2017,S113,4,8291,8102,7952,7779
2017,S113,5,8876,8840,8815,8796
2017,S113,6,8632,8596,8566,8530
2017,S113,7,8762,8570,8445,8301
2017,S113,8,8721,8428,8243,8010
2017,S113,9,6670,6457,6312,6138
2017,S113,10,8645,8348,8138,7897
2017,S113,11,8436,8157,7962,7733
2017,S113,12,8715,8411,8206,7960
2017,S114,1,8830,8824,8808,8802
2017,S114,2,8062,8050,8040,8028
2017,S114,3,8927,8921,8916,8910
2017,S114,4,7250,7208,7173,7132
2017,S114,5,8497,8118,7977,7874
2017,S114,6,8393,8129,8008,7913
2017,S114,7,8760,8562,8432,8282
2017,S114,8,8717,8429,8244,8011
2017,S114,9,8414,8149,7968,7753
2017,S114,10,8568,8264,8050,7802
2017,S114,11,7902,7582,7352,7092
2017,S114,12,8720,8415,8210,7964
2017,S115,1,8554,7959,7637,7346
2017,S115,2,7944,7637,7444,7279
2017,S115,3,8926,8914,8904,8892
2017,S115,4,8268,8042,7867,7676
2017,S115,5,8123,7648,7347,7028
2017,S115,6,7030,6698,6469,6246
2017,S115,7,7859,7523,7287,7022
2017,S115,8,8223,7826,7567,7252
2017,S115,9,8358,8011,7767,7491
2017,S115,10,8527,8107,7808,7465
2017,S115,11,8326,7880,7574,7217
2017,S115,12,8550,7957,7573,7152
2017,S116,1,8814,8712,8616,8514
2017,S116,2,8051,7973,7908,7830
2017,S116,3,8914,8830,8760,8676
2017,S116,4,8305,8177,8074,7957
2017,S116,5,8826,8783,8746,8706
2017,S116,6,8584,8560,8540,8516
2017,S116,7,8698,8512,8386,8242
2017,S116,8,8689,8367,8157,7894
2017,S116,9,8372,8079,7879,7639
2017,S116,10,8542,8214,7979,7708
2017,S116,11,8375,8067,7852,7600
2017,S116,12,8558,8155,7889,7581
2017,S117,1,8811,8691,8580,8460
2017,S117,2,8048,7952,7872,7776
2017,S117,3,8897,8726,8601,8460
2017,S117,4,8287,8124,7989,7837
2017,S117,5,8891,8876,8866,8854
2017,S117,6,8639,8633,8628,8622
2017,S117,7,8477,8276,8141,7985
2017,S117,8,8716,8413,8223,7984
2017,S117,9,8406,8130,7940,7717
2017,S117,10,8631,8330,8115,7868
2017,S117,11,5795,5588,5443,5270
2017,S117,12,8710,8408,8208,7968
2017,S118,1,7385,7241,7110,6966
2017,S118,2,8062,8050,8040,8028
2017,S118,3,8801,8334,8124,7964
2017,S118,4,6992,6815,6683,6540
2017,S118,5,5946,3603,2505,1696
2017,S118,6,7316,6696,6314,5962
2017,S118,7,8592,8395,8265,8115
2017,S118,8,8617,8316,8121,7876
2017,S118,9,8417,8146,7966,7750
2017,S118,10,8321,8005,7780,7521
2017,S118,11,8034,7753,7558,7329
2017,S118,12,8283,7990,7795,7561
2017,S119,1,8829,8817,8796,8784
2017,S119,2,8063,8057,8052,8046
2017,S119,3,8927,8921,8916,8910
2017,S119,4,8230,8164,8109,8053
2017,S119,5,8015,7930,7865,7787
2017,S119,6,8149,8074,8017,7951
2017,S119,7,7815,7336,6991,6619
2017,S119,8,8685,8364,8153,7891
2017,S119,9,8367,8040,7817,7553
2017,S119,10,8486,8021,7675,7280
2017,S119,11,8355,7992,7736,7440
2017,S119,12,8663,8321,8089,7813
2017,S120,1,8828,8810,8784,8772
2017,S120,2,8062,8050,8040,8028
2017,S120,3,8927,8921,8916,8910
2017,S120,4,7353,7323,7298,7273
2017,S120,5,8738,8379,8164,7964
2017,S120,6,8593,8476,8418,8375
2017,S120,7,8760,8546,8406,8244
2017,S120,8,8711,8419,8234,8001
2017,S120,9,8417,8149,7968,7753
2017,S120,10,8640,8339,8130,7888
2017,S120,11,8442,8158,7963,7734
2017,S120,12,8711,8411,8211,7971
2017,S121,1,8821,8764,8708,8654
2017,S121,2,8054,7997,7952,7898
2017,S121,3,8917,8851,8796,8730
2017,S121,4,3310,3250,3211,3151
2017,S121,5,4266,3147,2544,2017
2017,S121,6,5314,3474,2520,1829
2017,S121,7,7906,7589,7354,7099
2017,S121,8,8689,8299,8034,7705
2017,S121,9,8388,8027,7767,7455
2017,S121,10,8614,8222,7944,7625
2017,S121,11,8415,8083,7853,7582
2017,S121,12,8701,8398,8198,7958
2017,S122,1,8816,8726,8640,8550
2017,S122,2,8038,7882,7752,7598
2017,S122,3,8901,8745,8615,8459
2017,S122,4,8291,8099,7942,7761
2017,S122,5,7807,6197,5320,4624
2017,S122,6,8290,7613,7236,6937
2017,S122,7,8469,8271,8136,7980
2017,S122,8,7503,7238,7068,6853
2017,S122,9,8408,8143,7963,7747
2017,S122,10,8615,8302,8082,7829
2017,S122,11,3327,3186,3097,2982
2017,S122,12,6013,5787,5621,5435
2017,S123,1,8831,8831,8820,8820
2017,S123,2,8064,8064,8064,8064
2017,S123,3,8920,8889,8864,8834
2017,S123,4,8307,8247,8197,8142
2017,S123,5,8771,8586,8511,8452
2017,S123,6,8610,8524,8464,8415
2017,S123,7,8756,8569,8449,8311
2017,S123,8,8702,8406,8216,7977
2017,S123,9,8399,8128,7937,7710
2017,S123,10,8642,8339,8130,7888
2017,S123,11,8440,8160,7965,7736
2017,S123,12,8715,8409,8204,7964
2017,S24,1,8450,8246,8065,7864
2017,S24,2,8004,7746,7531,7273
2017,S24,3,8882,8666,8486,8270
2017,S24,4,8293,8107,7952,7771
2017,S24,5,7310,4539,3403,2712
2017,S24,6,7900,6154,5333,4834
2017,S24,7,8748,8543,8408,8252
2017,S24,8,8660,8361,8173,7940
2017,S24,9,8409,8144,7963,7748
2017,S24,10,8644,8338,8124,7876
2017,S24,11,8426,8124,7917,7676
2017,S24,12,8641,8333,8128,7882
2017,S24B,1,8756,8442,8180,7897
2017,S24B,2,8003,7643,7364,7041
2017,S24B,3,8864,8527,8255,7942
2017,S24B,4,7025,6983,6959,6917
2017,S29,1,8830,8824,8808,8802
2017,S29,2,8060,8038,8023,8006
2017,S29,3,8928,8928,8928,8928
2017,S29,4,7634,7610,7590,7571
2017,S29,5,8313,7843,7588,7362
2017,S29,6,7470,6904,6737,6645
2017,S29,7,8426,8219,8084,7928
2017,S29,8,8726,8437,8251,8019
2017,S29,9,8434,8166,7987,7770
2017,S29,10,8592,8286,8071,7824
2017,S29,11,7885,7508,7272,6996
2017,S29,12,8572,8276,8076,7836
2017,S33,1,8829,8817,8801,8795
2017,S33,2,8062,8056,8051,8045
2017,S33,3,8928,8928,8928,8928
2017,S33,4,8147,7999,7884,7759
2017,S33,5,7596,6745,6336,5983
2017,S33,6,8418,8358,8318,8270
2017,S33,7,8575,8375,8240,8084
2017,S33,8,6145,5901,5745,5549
2017,S33,9,8435,8170,7986,7770
2017,S33,10,8225,7877,7652,7392
2017,S33,11,8020,7705,7480,7214
2017,S33,12,8749,8453,8253,8019
2017,S35,1,8831,8831,8820,8820
2017,S35,2,8063,8057,8052,8046
2017,S35,3,8928,8928,8928,8928
2017,S35,4,8273,8145,8050,7952
2017,S35,5,8868,8793,8735,8680
2017,S35,6,8630,8578,8542,8500
2017,S35,7,8765,8573,8448,8310
2017,S35,8,8727,8438,8253,8020
2017,S35,9,8424,8166,7985,7770
2017,S35,10,8664,8367,8158,7916
2017,S35,11,7303,7050,6870,6658
2017,S35,12,8749,8446,8251,8006
2017,S36,1,8530,8339,8203,8070
2017,S36,2,8061,8049,8039,8027
2017,S36,3,8928,8928,8928,8928
2017,S36,4,1963,1884,1839,1785
2017,S36,5,2590,2013,1724,1489
2017,S36,6,3023,2342,2077,1862
2017,S36,7,3068,2911,2784,2657
2017,S36,8,8726,8439,8253,8021
2017,S36,9,7947,7688,7508,7292
2017,S36,10,8428,8106,7877,7611
2017,S36,11,7350,7045,6825,6571
2017,S36,12,7824,7519,7314,7079
2017,S40,1,8830,8824,8808,8802
2017,S40,2,8062,8050,8040,8028
2017,S40,3,8926,8920,8915,8909
2017,S40,4,8166,8116,8076,8028
2017,S40,5,7978,7835,7725,7608
2017,S40,6,7383,7106,6963,6845
2017,S40,7,8377,8201,8086,7954
2017,S40,8,8730,8438,8252,8020
2017,S40,9,8434,8174,7994,7778
2017,S40,10,8656,8355,8146,7904
2017,S40,11,8202,7920,7728,7505
2017,S40,12,8748,8459,8264,8030
2017,S43,1,8830,8824,8808,8802
2017,S43,2,8064,8064,8064,8064
2017,S43,3,8919,8865,8820,8766
2017,S43,4,8205,7752,7421,7094
2017,S43,5,7458,5424,4692,4175
2017,S43,6,7204,6388,6045,5840
2017,S43,7,8747,8531,8386,8218
2017,S43,8,8714,8423,8238,8005
2017,S43,9,8421,8156,7976,7760
2017,S43,10,8208,7905,7695,7455
2017,S43,11,8452,8167,7972,7742
2017,S43,12,8732,8424,8219,7979
2017,S44,1,8829,8817,8796,8784
2017,S44,2,8053,8035,8020,8002
2017,S44,3,8925,8907,8892,8874
2017,S44,4,7056,6659,6513,6390
2017,S44,5,4372,1627,973,674
2017,S44,6,3361,1650,1128,843
2017,S44,7,6723,6273,5991,5706
2017,S44,8,8076,7795,7616,7388
2017,S44,9,7136,6915,6758,6574
2017,S44,10,8634,8301,8070,7814
2017,S44,11,6992,6676,6497,6284
2017,S44,12,4287,4124,4013,3893
2017,S46,1,8830,8824,8808,8802
2017,S46,2,8060,8036,8016,7992
2017,S46,3,8927,8921,8916,8910
2017,S46,4,8322,8292,8267,8242
2017,S46,5,8530,8204,8044,7905
2017,S46,6,7950,7570,7438,7336
2017,S46,7,8238,7999,7859,7697
2017,S46,8,8011,7619,7358,7041
2017,S46,9,6909,6538,6276,5971
2017,S46,10,8657,8356,8147,7905
2017,S46,11,8454,8177,7982,7753
2017,S46,12,8747,8443,8238,7998
2017,S50,1,8828,8810,8784,8766
2017,S50,2,8058,8022,7992,7961
2017,S50,3,8915,8897,8882,8864
2017,S50,4,7994,7850,7740,7626
2017,S50,5,6704,5674,5057,4454
2017,S50,6,3895,2625,2131,1809
2017,S50,7,7050,6851,6716,6560
2017,S50,8,8374,7982,7717,7414
2017,S50,9,7877,7433,7141,6824
2017,S50,10,7129,6778,6544,6284
2017,S50,11,7684,7176,6869,6533
2017,S50,12,7504,6998,6697,6364
2017,S55,1,8830,8824,8808,8802
2017,S55,2,8062,8050,8040,8028
2017,S55,3,8927,8921,8916,8910
2017,S55,4,8279,8179,8103,8022
2017,S55,5,8805,8592,8468,8360
2017,S55,6,8624,8555,8500,8434
2017,S55,7,8770,8608,8503,8383
2017,S55,8,8739,8449,8264,8031
2017,S55,9,8446,8180,7999,7784
2017,S55,10,8661,8358,8149,7907
2017,S55,11,8438,8086,7852,7585
2017,S55,12,8745,8431,8221,7969
2017,S60,1,5104,4809,4557,4290
2017,S60,2,5118,4875,4682,4477
2017,S60,3,3396,3269,3175,3049
2017,S60,8,167,162,156,151
2017,S60,9,8424,8103,7877,7608
2017,S60,10,8627,8246,7977,7663
2017,S60,11,4290,4124,4009,3876
2017,S60,12,8251,7918,7699,7429
2017,S61,1,8831,8831,8820,8820
2017,S61,2,8063,8057,8052,8046
2017,S61,3,8925,8913,8903,8891
2017,S61,4,8301,8265,8235,8204
2017,S61,5,8832,8670,8562,8456
2017,S61,6,8572,8437,8370,8299
2017,S61,7,8766,8587,8472,8340
2017,S61,8,8717,8381,8156,7875
2017,S61,9,8413,8103,7896,7651
2017,S61,10,8646,8301,8067,7795
2017,S61,11,8431,8038,7759,7441
2017,S61,12,8712,8289,7999,7657
2017,S63,1,8830,8824,8808,8802
2017,S63,2,8063,8057,8052,8046
2017,S63,3,8837,8819,8815,8797
2017,S63,4,5805,5676,5562,5450
2017,S63,5,7513,7029,6772,6529
2017,S63,6,7554,7195,7012,6841
2017,S63,7,8069,7847,7691,7523
2017,S63,8,8726,8432,8246,8014
2017,S63,9,8373,8088,7903,7680
2017,S63,10,8480,8168,7948,7695
2017,S63,11,8461,8181,7986,7757
2017,S63,12,5177,4982,4858,4702
2017,S64,1,8830,8824,8808,8802
2017,S64,2,8062,8050,8040,8028
2017,S64,3,8927,8921,8916,8910
2017,S64,4,8315,8273,8238,8201
2017,S64,5,8891,8876,8866,8854
2017,S64,6,8634,8622,8612,8600
2017,S64,7,8760,8562,8432,8282
2017,S64,8,8712,8416,8225,7987
2017,S64,9,8428,8161,7982,7765
2017,S64,10,8664,8358,8143,7896
2017,S64,11,8447,8158,7958,7723
2017,S64,12,8745,8451,8256,8022
2017,S66,1,8828,8810,8784,8766
2017,S66,2,8059,8026,8004,7971
2017,S66,3,8870,8741,8666,8591
2017,S66,4,8288,8164,8069,7976
2017,S66,5,8712,8470,8312,8150
2017,S66,6,8095,8035,7985,7925
2017,S66,7,8535,8326,8186,8024
2017,S66,8,8339,7999,7784,7517
2017,S66,9,5817,5502,5292,5055
2017,S66,10,8421,8096,7876,7622
2017,S66,11,7932,7606,7371,7094
2017,S66,12,8744,8445,8245,8011
2017,S69,1,8410,7736,7366,6997
2017,S69,2,7912,7596,7401,7199
2017,S69,3,8778,8565,8459,8350
2017,S69,4,2367,2337,2323,2293
2017,S69,5,8040,7821,7696,7595
2017,S69,6,8637,8625,8615,8603
2017,S69,7,8777,8626,8531,8423
2017,S69,8,8735,8444,8258,8026
2017,S69,9,8427,8143,7953,7725
2017,S69,10,8662,8364,8155,7913
2017,S69,11,8441,8135,7916,7663
2017,S69,12,8743,8451,8256,8022
2017,S71,1,8788,8612,8458,8294
2017,S71,2,8015,7793,7630,7438
2017,S71,3,8713,8116,7715,7261
2017,S71,4,6165,5962,5829,5698
2017,S71,5,5368,4629,4218,3819
2017,S71,6,8000,7852,7767,7696
2017,S71,7,8766,8571,8441,8291
2017,S71,8,8563,8235,8020,7756
2017,S71,9,8426,8159,7979,7763
2017,S71,10,8643,8338,8123,7876
2017,S71,11,7240,6897,6652,6367
2017,S71,12,8732,8418,8203,7945
2017,S72,2,17,0,0,0
2017,S72,3,16,0,0,0
2017,S77,1,8831,8831,8820,8820
2017,S77,2,8063,8057,8052,8046
2017,S77,3,8926,8914,8904,8892
2017,S77,4,8312,8282,8257,8232
2017,S77,5,8622,8012,7677,7391
2017,S77,6,8635,8617,8591,8573
2017,S77,7,8767,8591,8476,8344
2017,S77,8,8714,8415,8224,7986
2017,S77,9,8431,8157,7977,7761
2017,S77,10,8644,8346,8137,7895
2017,S77,11,8455,8172,7977,7748
2017,S77,12,8749,8451,8251,8011
2017,S78,1,8829,8817,8796,8784
2017,S78,2,8063,8057,8052,8046
2017,S78,3,8316,8304,8294,8282
2017,S78,4,8312,8282,8257,8232
2017,S78,5,8772,8477,8306,8153
2017,S78,6,8553,8344,8252,8179
2017,S78,7,8764,8585,8470,8338
2017,S78,8,8722,8436,8250,8018
2017,S78,9,8424,8154,7975,7758
2017,S78,10,8652,8354,8144,7903
2017,S78,11,8448,8165,7970,7741
2017,S78,12,8742,8443,8243,8003
2017,S79,1,8815,8744,8683,8627
2017,S79,2,8057,8039,8024,8006
2017,S79,3,8917,8911,8906,8900
2017,S79,4,8225,8177,8137,8094
2017,S79,5,8842,8697,8584,8465
2017,S79,6,8564,8429,8365,8312
2017,S79,7,8756,8574,8455,8323
2017,S79,8,8734,8443,8257,8025
2017,S79,9,8381,8102,7912,7684
2017,S79,10,8640,8302,8064,7793
2017,S79,11,8443,8167,7972,7743
2017,S79,12,7403,7052,6882,6678
2017,S81,1,8831,8831,8820,8820
2017,S81,2,8063,8057,8052,8046
2017,S81,3,8927,8921,8916,8910
2017,S81,4,7599,7509,7434,7353
2017,S81,5,8752,8462,8304,8158
2017,S81,6,8478,8254,8137,8044
2017,S81,7,8764,8585,8470,8338
2017,S81,8,8725,8436,8251,8018
2017,S81,9,8428,8162,7981,7766
2017,S81,10,8645,8344,8130,7882
2017,S81,11,8446,8165,7970,7741
2017,S81,12,8738,8435,8230,7990
2017,S82,11,6095,5900,5754,5592
2017,S82,12,8723,8419,8214,7968
2017,S84,1,8828,8810,8784,8766
2017,S84,2,8063,8057,8052,8046
2017,S84,3,8928,8928,8928,8928
2017,S84,4,7399,7370,7355,7342
2017,S84,5,8623,8248,8088,7943
2017,S84,6,5810,5454,5291,5160
2017,S84,7,5832,5669,5558,5444
2017,S84,8,8725,8436,8251,8018
2017,S84,9,8421,8162,7981,7766
2017,S84,10,8646,8347,8138,7896
2017,S84,11,8446,8166,7971,7742
2017,S84,12,8723,8417,8212,7966
2017,S88,1,8820,8808,8787,8775
2017,S88,2,8060,8042,8027,8009
2017,S88,3,8928,8928,8928,8928
2017,S88,4,6479,6390,6320,6250
2017,S88,5,8800,8627,8520,8438
2017,S88,6,8588,8455,8370,8305
2017,S88,7,8760,8568,8443,8299
2017,S88,8,8723,8422,8227,7983
2017,S88,9,8425,8158,7977,7762
2017,S88,10,8642,8340,8131,7889
2017,S88,11,8447,8155,7957,7728
2017,S88,12,8728,8420,8215,7975
2017,S89,1,6895,5387,4998,4675
2017,S89,2,4990,2478,1907,1494
2017,S89,3,6851,4836,4353,4034
2017,S89,4,8322,8292,8267,8242
2017,S89,5,8585,8140,7956,7803
2017,S89,6,8194,7655,7442,7292
2017,S89,7,8759,8570,8445,8301
2017,S89,8,8732,8441,8256,8023
2017,S89,9,8425,8157,7976,7761
2017,S89,10,8646,8347,8138,7896
2017,S89,11,8181,7906,7711,7482
2017,S89,12,8731,8430,8230,7990
2017,S90,1,8831,8831,8820,8820
2017,S90,2,8060,8041,8026,8008
2017,S90,3,8928,8928,8928,8928
2017,S90,4,4913,4883,4869,4839
2017,S90,5,7835,7515,7358,7235
2017,S90,6,8450,8236,8156,8094
2017,S90,7,8760,8567,8437,8287
2017,S90,8,8732,8440,8255,8022
2017,S90,9,8369,8023,7779,7503
2017,S90,10,8608,8246,7990,7704
2017,S90,11,8445,8168,7973,7744
2017,S90,12,8729,8422,8217,7977
2017,S900,1,8831,8831,8820,8820
2017,S900,2,8062,8050,8040,8028
2017,S900,3,8928,8928,8928,8928
2017,S900,4,8291,8188,8110,8025
2017,S900,5,7285,6222,5692,5275
2017,S900,6,7415,6530,6055,5651
2017,S900,7,8614,8427,8307,8169
2017,S900,8,8578,8271,8076,7831
2017,S900,9,8080,7817,7631,7410
2017,S900,10,8634,8321,8102,7848
2017,S900,11,8420,8122,7918,7683
2017,S900,12,8601,8304,8104,7864
2017,S91,1,8831,8831,8820,8820
2017,S91,2,8064,8064,8064,8064
2017,S91,3,8928,8928,8928,8928
2017,S91,4,2226,2015,2001,1971
2017,S91,5,4319,4182,4072,3944
2017,S91,6,6965,6953,6932,6920
2017,S91,7,8746,8547,8416,8266
2017,S91,8,8736,8448,8262,8030
2017,S91,9,8435,8165,7986,7769
2017,S91,10,8656,8345,8125,7872
2017,S91,11,8442,8143,7933,7686
2017,S91,12,8729,8422,8217,7971
2017,S92,1,8830,8824,8808,8802
2017,S92,2,8063,8057,8052,8046
2017,S92,3,8927,8921,8916,8910
2017,S92,4,6493,6457,6427,6396
2017,S92,5,8789,8592,8486,8388
2017,S92,6,8042,7717,7518,7335
2017,S92,7,7731,7569,7477,7365
2017,S92,8,8524,8224,8018,7773
2017,S92,9,8419,8146,7961,7739
2017,S92,10,8645,8344,8134,7893
2017,S92,11,7457,7151,6931,6673
2017,S92,12,8729,8429,8229,7989
2017,S94,1,8831,8831,8820,8820
2017,S94,2,8064,8064,8064,8064
2017,S94,3,8919,8882,8855,8825
2017,S94,4,8303,8184,8094,8008
2017,S94,5,8721,8382,8224,8094
2017,S94,6,8567,8494,8436,8376
2017,S94,7,8730,8544,8424,8286
2017,S94,8,8692,8307,8046,7724
2017,S94,9,8429,8135,7936,7695
2017,S94,10,8649,8332,8107,7848
2017,S94,11,8421,8121,7911,7664
2017,S94,12,8694,8373,8158,7906
2017,S96,1,8806,8776,8740,8710
2017,S96,2,8043,8016,8001,7983
2017,S96,3,8910,8860,8828,8792
2017,S96,4,4874,4808,4779,4731
2017,S97,1,6,0,0,0
