year,event_date,offset_s,count
2017,2017-01-01,299,10619
2017,2017-01-02,299,15914
2017,2017-01-03,299,15770
2017,2017-01-04,299,16053
2017,2017-01-05,299,16015
2017,2017-01-06,299,16114
2017,2017-01-07,299,16274
2017,2017-01-08,299,16297
2017,2017-01-09,299,16229
2017,2017-01-10,299,16317
2017,2017-01-11,299,16242
2017,2017-01-12,299,15912
2017,2017-01-13,299,15778
2017,2017-01-14,299,16104
2017,2017-01-15,299,16074
2017,2017-01-16,299,16099
2017,2017-01-17,299,16085
2017,2017-01-18,299,16137
2017,2017-01-19,299,15901
2017,2017-01-20,299,15966
2017,2017-01-21,299,16045
2017,2017-01-22,299,15828
2017,2017-01-23,299,15719
2017,2017-01-24,299,15850
2017,2017-01-25,299,15926
2017,2017-01-26,299,16046
2017,2017-01-27,299,16073
2017,2017-01-28,299,16007
2017,2017-01-29,299,16112
2017,2017-01-30,299,16109
2017,2017-01-31,299,16098
2017,2017-02-01,299,16196
2017,2017-02-02,299,15979
2017,2017-02-03,299,16100
2017,2017-02-04,299,16140
2017,2017-02-05,299,16098
2017,2017-02-06,299,16173
2017,2017-02-07,299,16054
2017,2017-02-08,299,16172
2017,2017-02-09,299,16231
2017,2017-02-10,299,16198
2017,2017-02-11,299,16262
2017,2017-02-12,299,16275
2017,2017-02-13,299,16051
2017,2017-02-14,299,16149
2017,2017-02-15,299,16153
2017,2017-02-16,299,16141
2017,2017-02-17,299,16143
2017,2017-02-18,299,16069
2017,2017-02-19,299,16255
2017,2017-02-20,299,16147
2017,2017-02-21,299,16010
2017,2017-02-22,299,16207
2017,2017-02-23,299,16138
2017,2017-02-24,299,15890
2017,2017-02-25,299,16106
2017,2017-02-26,299,16203
2017,2017-02-27,299,16134
2017,2017-02-28,299,16071
2017,2017-03-01,299,15894
2017,2017-03-02,299,16200
2017,2017-03-03,299,16174
2017,2017-03-04,299,15901
2017,2017-03-05,299,16178
2017,2017-03-06,299,16145
2017,2017-03-07,299,16168
2017,2017-03-08,299,16198
2017,2017-03-09,299,16156
2017,2017-03-10,299,16124
2017,2017-03-11,299,16237
2017,2017-03-12,299,16063
2017,2017-03-13,299,16220
2017,2017-03-14,299,16293
2017,2017-03-15,299,16077
2017,2017-03-16,299,16103
2017,2017-03-17,299,16154
2017,2017-03-18,299,16191
2017,2017-03-19,299,16231
2017,2017-03-20,299,16102
2017,2017-03-21,299,15961
2017,2017-03-22,299,15727
2017,2017-03-23,299,15475
2017,2017-03-24,299,15692
2017,2017-03-25,299,16052
2017,2017-03-26,299,16040
2017,2017-03-27,299,15837
2017,2017-03-28,299,15791
2017,2017-03-29,299,15777
2017,2017-03-30,299,15773
2017,2017-03-31,299,15692
2017,2017-04-01,299,15511
2017,2017-04-02,299,15273
2017,2017-04-03,299,14389
2017,2017-04-04,299,13424
2017,2017-04-05,299,14803
2017,2017-04-06,299,15176
2017,2017-04-07,299,14089
2017,2017-04-08,299,13992
2017,2017-04-09,299,13734
2017,2017-04-10,299,13892
2017,2017-04-11,299,13583
2017,2017-04-12,299,13635
2017,2017-04-13,299,13169
2017,2017-04-14,299,13170
2017,2017-04-15,299,13100
2017,2017-04-16,299,12961
2017,2017-04-17,299,13216
2017,2017-04-18,299,12207
2017,2017-04-19,299,12293
2017,2017-04-20,299,13286
2017,2017-04-21,299,13329
2017,2017-04-22,299,14158
2017,2017-04-23,299,13719
2017,2017-04-24,299,13276
2017,2017-04-25,0,6604
2017,2017-04-25,299,5858
2017,2017-04-26,0,5190
2017,2017-04-27,0,6444
2017,2017-04-28,0,12405
2017,2017-04-29,0,12731
2017,2017-04-30,0,12631
2017,2017-05-01,0,12890
2017,2017-05-02,0,12246
2017,2017-05-03,0,12106
2017,2017-05-04,0,12797
2017,2017-05-05,0,12727
2017,2017-05-06,0,13124
2017,2017-05-07,0,13307
2017,2017-05-08,0,13140
2017,2017-05-09,0,12437
2017,2017-05-10,0,12916
2017,2017-05-11,0,12861
2017,2017-05-12,0,13617
2017,2017-05-13,0,13250
2017,2017-05-14,0,12876
2017,2017-05-15,0,12943
2017,2017-05-16,0,12455
2017,2017-05-17,0,12664
2017,2017-05-18,0,13003
2017,2017-05-19,0,13409
2017,2017-05-20,0,13562
2017,2017-05-21,0,13427
2017,2017-05-22,0,11802
2017,2017-05-23,0,13242
2017,2017-05-24,0,13151
2017,2017-05-25,0,13026
2017,2017-05-26,0,13111
2017,2017-05-27,0,12795
2017,2017-05-28,0,13056
2017,2017-05-29,0,13215
2017,2017-05-30,0,12853
2017,2017-05-31,0,11805
2017,2017-06-01,0,12613
2017,2017-06-02,0,12505
2017,2017-06-03,0,13154
2017,2017-06-04,0,12561
2017,2017-06-05,0,12672
2017,2017-06-06,0,12595
2017,2017-06-07,0,12966
2017,2017-06-08,0,13619
2017,2017-06-09,0,13242
2017,2017-06-10,0,13889
2017,2017-06-11,0,13476
2017,2017-06-12,0,13299
2017,2017-06-13,0,13738
2017,2017-06-14,0,13310
2017,2017-06-15,0,12973
2017,2017-06-16,0,13272
2017,2017-06-17,0,12933
2017,2017-06-18,0,13118
2017,2017-06-19,0,13031
2017,2017-06-20,0,13644
2017,2017-06-21,0,13538
2017,2017-06-22,0,12882
2017,2017-06-23,0,12742
2017,2017-06-24,0,12894
2017,2017-06-25,0,13539
2017,2017-06-26,0,13025
2017,2017-06-27,0,12653
2017,2017-06-28,0,12235
2017,2017-06-29,0,12005
2017,2017-06-30,0,11922
2017,2017-07-01,0,13053
2017,2017-07-02,0,13290
2017,2017-07-03,0,13160
2017,2017-07-04,0,13459
2017,2017-07-05,0,13290
2017,2017-07-06,0,11672
2017,2017-07-07,0,13222
2017,2017-07-08,0,13813
2017,2017-07-09,0,13228
2017,2017-07-10,0,13607
2017,2017-07-11,0,13619
2017,2017-07-12,0,13986
2017,2017-07-13,0,14028
2017,2017-07-14,0,14215
2017,2017-07-15,0,13127
2017,2017-07-16,0,13832
2017,2017-07-17,0,14022
2017,2017-07-18,0,12068
2017,2017-07-19,0,14546
2017,2017-07-20,0,14732
2017,2017-07-21,0,10458
2017,2017-07-22,0,14607
2017,2017-07-23,0,14170
2017,2017-07-24,0,13894
2017,2017-07-25,0,14042
2017,2017-07-26,0,14168
2017,2017-07-27,0,14326
2017,2017-07-28,0,14232
2017,2017-07-29,0,14363
2017,2017-07-30,0,13976
2017,2017-07-31,0,13685
2017,2017-08-01,0,13101
2017,2017-08-02,0,14079
2017,2017-08-03,0,14295
2017,2017-08-04,0,14461
2017,2017-08-05,0,14337
2017,2017-08-06,0,14435
2017,2017-08-07,0,14262
2017,2017-08-08,0,14321
2017,2017-08-09,0,14211
2017,2017-08-10,0,14479
2017,2017-08-11,0,14576
2017,2017-08-12,0,14073
2017,2017-08-13,0,14038
2017,2017-08-14,0,13736
2017,2017-08-15,0,14261
2017,2017-08-16,0,14223
2017,2017-08-17,0,14139
2017,2017-08-18,0,14118
2017,2017-08-19,0,14358
2017,2017-08-20,0,14036
2017,2017-08-21,0,14156
2017,2017-08-22,0,14228
2017,2017-08-23,0,14598
2017,2017-08-24,0,14657
2017,2017-08-25,0,14320
2017,2017-08-26,0,14404
2017,2017-08-27,0,14060
2017,2017-08-28,0,14387
2017,2017-08-29,0,14423
2017,2017-08-30,0,13956
2017,2017-08-31,0,14541
2017,2017-09-01,0,14522
2017,2017-09-02,0,14864
2017,2017-09-03,0,14928
2017,2017-09-04,0,14862
2017,2017-09-05,0,15069
2017,2017-09-06,0,14810
2017,2017-09-07,0,15068
2017,2017-09-08,0,15062
2017,2017-09-09,0,14978
2017,2017-09-10,0,15096
2017,2017-09-11,0,14355
2017,2017-09-12,0,14515
2017,2017-09-13,0,14184
2017,2017-09-14,0,14148
2017,2017-09-15,0,14071
2017,2017-09-16,0,14194
2017,2017-09-17,0,14572
2017,2017-09-18,0,14328
2017,2017-09-19,0,14622
2017,2017-09-20,0,14775
2017,2017-09-21,0,14463
2017,2017-09-22,0,14921
2017,2017-09-23,0,15102
2017,2017-09-24,0,15068
2017,2017-09-25,0,15162
2017,2017-09-26,0,14797
2017,2017-09-27,0,15006
2017,2017-09-28,0,15090
2017,2017-09-29,0,15071
2017,2017-09-30,0,15183
2017,2017-10-01,0,14621
2017,2017-10-02,0,14981
2017,2017-10-03,0,13545
2017,2017-10-04,0,14982
2017,2017-10-05,0,14934
2017,2017-10-06,0,14558
2017,2017-10-07,0,14960
2017,2017-10-08,0,14957
2017,2017-10-09,0,14780
2017,2017-10-10,0,14987
2017,2017-10-11,0,14687
2017,2017-10-12,0,15220
2017,2017-10-13,0,15196
2017,2017-10-14,0,15118
2017,2017-10-15,0,15169
2017,2017-10-16,0,14695
2017,2017-10-17,0,14920
2017,2017-10-18,0,14955
2017,2017-10-19,0,14841
2017,2017-10-20,0,15171
2017,2017-10-21,0,14897
2017,2017-10-22,0,14833
2017,2017-10-23,0,15144
2017,2017-10-24,0,15079
2017,2017-10-25,0,15021
2017,2017-10-26,0,13560
2017,2017-10-27,0,14854
2017,2017-10-28,0,14955
2017,2017-10-29,0,14987
2017,2017-10-30,0,15076
2017,2017-10-31,0,14675
2017,2017-11-01,0,14512
2017,2017-11-02,0,14683
2017,2017-11-03,0,14712
2017,2017-11-04,0,14912
2017,2017-11-05,0,14589
2017,2017-11-06,0,14402
2017,2017-11-07,0,14668
2017,2017-11-08,0,14438
2017,2017-11-09,0,14802
2017,2017-11-10,0,14448
2017,2017-11-11,0,14119
2017,2017-11-12,0,13876
2017,2017-11-13,0,14365
2017,2017-11-14,0,14479
2017,2017-11-15,0,13994
2017,2017-11-16,0,14192
2017,2017-11-17,0,14174
2017,2017-11-18,0,14169
2017,2017-11-19,0,13797
2017,2017-11-20,0,13465
2017,2017-11-21,0,12805
2017,2017-11-22,0,13514
2017,2017-11-23,0,13796
2017,2017-11-24,0,14143
2017,2017-11-25,0,14154
2017,2017-11-26,0,14559
2017,2017-11-27,0,14244
2017,2017-11-28,0,14042
2017,2017-11-29,0,14747
2017,2017-11-30,0,14356
2017,2017-12-01,0,14678
2017,2017-12-02,0,14867
2017,2017-12-03,0,14402
2017,2017-12-04,0,14767
2017,2017-12-05,0,14408
2017,2017-12-06,0,14711
2017,2017-12-07,0,14525
2017,2017-12-08,0,14575
2017,2017-12-09,0,14701
2017,2017-12-10,0,14300
2017,2017-12-11,0,12566
2017,2017-12-12,0,14260
2017,2017-12-13,0,14066
2017,2017-12-14,0,14075
2017,2017-12-15,0,13873
2017,2017-12-16,0,13909
2017,2017-12-17,0,14264
2017,2017-12-18,0,14340
2017,2017-12-19,0,14292
2017,2017-12-20,0,13781
2017,2017-12-21,0,14065
2017,2017-12-22,0,14383
2017,2017-12-23,0,14155
2017,2017-12-24,0,14518
2017,2017-12-25,0,13864
2017,2017-12-26,0,14198
2017,2017-12-27,0,14386
2017,2017-12-28,0,14113
2017,2017-12-29,0,14313
2017,2017-12-30,0,14049
2017,2017-12-31,0,13953
