year,station_id,month,unique_timestamps,occupied_nominal_slots,expected_calendar_slots,calendar_coverage_ratio,calendar_unobserved_slots,observed_span_slots,observed_span_unobserved_slots,observed_span_coverage_ratio,time_phase_variants,off_grid_unique_timestamps,slot_collision_excess,candidate_unique_timestamps,candidate_calendar_coverage_ratio,first_epoch_s,last_epoch_s
2022,S08,1,8875,8875,8928,0.99406362,53,8928,53,0.99406362,1,0,0,8875,0.99406362,1640966400,1643644500
2022,S08,2,7940,7940,8064,0.98462302,124,8064,124,0.98462302,1,0,0,7940,0.98462302,1643644800,1646063700
2022,S08,3,8922,8922,8928,0.99932796,6,8928,6,0.99932796,1,0,0,8922,0.99932796,1646064000,1648742100
2022,S08,4,8637,8637,8640,0.99965278,3,8640,3,0.99965278,1,0,0,8637,0.99965278,1648742400,1651334100
2022,S08,5,8924,8924,8928,0.99955197,4,8928,4,0.99955197,1,0,0,8924,0.99955197,1651334400,1654012500
2022,S08,6,8638,8638,8640,0.99976852,2,8640,2,0.99976852,1,0,0,8638,0.99976852,1654012800,1656604500
2022,S08,7,8924,8924,8928,0.99955197,4,8928,4,0.99955197,1,0,0,8924,0.99955197,1656604800,1659282900
2022,S08,8,8924,8924,8928,0.99955197,4,8928,4,0.99955197,1,0,0,8924,0.99955197,1659283200,1661961300
2022,S08,9,8608,8608,8640,0.9962963,32,8640,32,0.9962963,1,0,0,8608,0.9962963,1661961600,1664553300
2022,S08,10,8925,8925,8928,0.99966398,3,8928,3,0.99966398,1,0,0,8925,0.99966398,1664553600,1667231700
2022,S08,11,8638,8638,8640,0.99976852,2,8640,2,0.99976852,1,0,0,8638,0.99976852,1667232000,1669823700
2022,S08,12,8902,8902,8928,0.99708781,26,8928,26,0.99708781,1,0,0,8902,0.99708781,1669824000,1672502100
2022,S100,1,8876,8876,8928,0.99417563,52,8928,52,0.99417563,1,0,0,8876,0.99417563,1640966400,1643644500
2022,S100,2,7774,7774,8064,0.9640377,290,8064,290,0.9640377,1,0,0,7774,0.9640377,1643644800,1646063700
2022,S100,3,8927,8927,8928,0.99988799,1,8928,1,0.99988799,1,0,0,8927,0.99988799,1646064000,1648742100
2022,S100,4,8351,8351,8640,0.96655093,289,8640,289,0.96655093,1,0,0,8351,0.96655093,1648742400,1651334100
2022,S100,5,8928,8928,8928,1.0,0,8928,0,1.0,1,0,0,8928,1.0,1651334400,1654012500
2022,S100,6,8632,8632,8640,0.99907407,8,8640,8,0.99907407,1,0,0,8632,0.99907407,1654012800,1656604500
2022,S100,7,8928,8928,8928,1.0,0,8928,0,1.0,1,0,0,8928,1.0,1656604800,1659282900
2022,S100,8,8925,8925,8928,0.99966398,3,8928,3,0.99966398,1,0,0,8925,0.99966398,1659283200,1661961300
2022,S100,9,8616,8616,8640,0.99722222,24,8640,24,0.99722222,1,0,0,8616,0.99722222,1661961600,1664553300
2022,S100,10,8924,8924,8928,0.99955197,4,8928,4,0.99955197,1,0,0,8924,0.99955197,1664553600,1667231700
2022,S100,11,8629,8629,8640,0.99872685,11,8640,11,0.99872685,1,0,0,8629,0.99872685,1667232000,1669823700
2022,S100,12,8899,8899,8928,0.99675179,29,8928,29,0.99675179,1,0,0,8899,0.99675179,1669824000,1672502100
2022,S102,1,0,0,8928,0.0,8928,0,0,,0,0,0,0,0.0,,
2022,S102,2,0,0,8064,0.0,8064,0,0,,0,0,0,0,0.0,,
2022,S102,3,0,0,8928,0.0,8928,0,0,,0,0,0,0,0.0,,
2022,S102,4,0,0,8640,0.0,8640,0,0,,0,0,0,0,0.0,,
2022,S102,5,0,0,8928,0.0,8928,0,0,,0,0,0,0,0.0,,
2022,S102,6,0,0,8640,0.0,8640,0,0,,0,0,0,0,0.0,,
2022,S102,7,0,0,8928,0.0,8928,0,0,,0,0,0,0,0.0,,
2022,S102,8,0,0,8928,0.0,8928,0,0,,0,0,0,0,0.0,,
2022,S102,9,2075,2075,8640,0.24016204,6565,4348,2273,0.47723091,1,0,0,2075,0.24016204,1663222500,1664526600
2022,S102,10,2001,2001,8928,0.22412634,6927,6053,4052,0.33057988,1,0,0,2001,0.22412634,1665416100,1667231700
2022,S102,11,8301,8301,8640,0.96076389,339,8640,339,0.96076389,1,0,0,8301,0.96076389,1667232000,1669823700
2022,S102,12,8082,8082,8928,0.90524194,846,8928,846,0.90524194,1,0,0,8082,0.90524194,1669824000,1672502100
2022,S104,1,8875,8875,8928,0.99406362,53,8928,53,0.99406362,1,0,0,8875,0.99406362,1640966400,1643644500
2022,S104,2,8015,8015,8064,0.99392361,49,8064,49,0.99392361,1,0,0,8015,0.99392361,1643644800,1646063700
2022,S104,3,8928,8928,8928,1.0,0,8928,0,1.0,1,0,0,8928,1.0,1646064000,1648742100
2022,S104,4,8640,8640,8640,1.0,0,8640,0,1.0,1,0,0,8640,1.0,1648742400,1651334100
2022,S104,5,8926,8926,8928,0.99977599,2,8928,2,0.99977599,1,0,0,8926,0.99977599,1651334400,1654012500
2022,S104,6,8636,8636,8640,0.99953704,4,8640,4,0.99953704,1,0,0,8636,0.99953704,1654012800,1656604500
2022,S104,7,8928,8928,8928,1.0,0,8928,0,1.0,1,0,0,8928,1.0,1656604800,1659282900
2022,S104,8,7153,7153,8928,0.80118728,1775,8928,1775,0.80118728,1,0,0,7153,0.80118728,1659283200,1661961300
2022,S104,9,8619,8619,8640,0.99756944,21,8640,21,0.99756944,1,0,0,8619,0.99756944,1661961600,1664553300
2022,S104,10,8926,8926,8928,0.99977599,2,8928,2,0.99977599,1,0,0,8926,0.99977599,1664553600,1667231700
2022,S104,11,8639,8639,8640,0.99988426,1,8640,1,0.99988426,1,0,0,8639,0.99988426,1667232000,1669823700
2022,S104,12,8901,8901,8928,0.99697581,27,8928,27,0.99697581,1,0,0,8901,0.99697581,1669824000,1672502100
2022,S106,1,8229,8229,8928,0.92170699,699,8915,686,0.92305104,1,0,0,8229,0.92170699,1640970300,1643644500
2022,S106,2,8016,8016,8064,0.99404762,48,8064,48,0.99404762,1,0,0,8016,0.99404762,1643644800,1646063700
2022,S106,3,8928,8928,8928,1.0,0,8928,0,1.0,1,0,0,8928,1.0,1646064000,1648742100
2022,S106,4,8639,8639,8640,0.99988426,1,8640,1,0.99988426,1,0,0,8639,0.99988426,1648742400,1651334100
2022,S106,5,8767,8767,8928,0.98196685,161,8928,161,0.98196685,1,0,0,8767,0.98196685,1651334400,1654012500
2022,S106,6,8615,8615,8640,0.99710648,25,8640,25,0.99710648,1,0,0,8615,0.99710648,1654012800,1656604500
2022,S106,7,8853,8853,8928,0.99159946,75,8928,75,0.99159946,1,0,0,8853,0.99159946,1656604800,1659282900
2022,S106,8,8910,8910,8928,0.99798387,18,8928,18,0.99798387,1,0,0,8910,0.99798387,1659283200,1661961300
2022,S106,9,8616,8616,8640,0.99722222,24,8640,24,0.99722222,1,0,0,8616,0.99722222,1661961600,1664553300
2022,S106,10,8881,8881,8928,0.99473566,47,8928,47,0.99473566,1,0,0,8881,0.99473566,1664553600,1667231700
2022,S106,11,8544,8544,8640,0.98888889,96,8636,92,0.98934692,1,0,0,8544,0.98888889,1667232000,1669822500
2022,S106,12,8372,8372,8928,0.93772401,556,8928,556,0.93772401,1,0,0,8372,0.93772401,1669824000,1672502100
2022,S107,1,8693,8693,8928,0.97367832,235,8928,235,0.97367832,1,0,0,8693,0.97367832,1640966400,1643644500
2022,S107,2,8016,8016,8064,0.99404762,48,8064,48,0.99404762,1,0,0,8016,0.99404762,1643644800,1646063700
2022,S107,3,8924,8924,8928,0.99955197,4,8928,4,0.99955197,1,0,0,8924,0.99955197,1646064000,1648742100
2022,S107,4,8640,8640,8640,1.0,0,8640,0,1.0,1,0,0,8640,1.0,1648742400,1651334100
2022,S107,5,8923,8923,8928,0.99943996,5,8928,5,0.99943996,1,0,0,8923,0.99943996,1651334400,1654012500
2022,S107,6,8637,8637,8640,0.99965278,3,8640,3,0.99965278,1,0,0,8637,0.99965278,1654012800,1656604500
2022,S107,7,8926,8926,8928,0.99977599,2,8928,2,0.99977599,1,0,0,8926,0.99977599,1656604800,1659282900
2022,S107,8,8899,8899,8928,0.99675179,29,8928,29,0.99675179,1,0,0,8899,0.99675179,1659283200,1661961300
2022,S107,9,8619,8619,8640,0.99756944,21,8640,21,0.99756944,1,0,0,8619,0.99756944,1661961600,1664553300
2022,S107,10,8926,8926,8928,0.99977599,2,8928,2,0.99977599,1,0,0,8926,0.99977599,1664553600,1667231700
2022,S107,11,8639,8639,8640,0.99988426,1,8640,1,0.99988426,1,0,0,8639,0.99988426,1667232000,1669823700
2022,S107,12,8902,8902,8928,0.99708781,26,8928,26,0.99708781,1,0,0,8902,0.99708781,1669824000,1672502100
2022,S108,1,8876,8876,8928,0.99417563,52,8928,52,0.99417563,1,0,0,8876,0.99417563,1640966400,1643644500
2022,S108,2,8016,8016,8064,0.99404762,48,8064,48,0.99404762,1,0,0,8016,0.99404762,1643644800,1646063700
2022,S108,3,8927,8927,8928,0.99988799,1,8928,1,0.99988799,1,0,0,8927,0.99988799,1646064000,1648742100
2022,S108,4,8639,8639,8640,0.99988426,1,8640,1,0.99988426,1,0,0,8639,0.99988426,1648742400,1651334100
2022,S108,5,8926,8926,8928,0.99977599,2,8928,2,0.99977599,1,0,0,8926,0.99977599,1651334400,1654012500
2022,S108,6,8636,8636,8640,0.99953704,4,8640,4,0.99953704,1,0,0,8636,0.99953704,1654012800,1656604500
2022,S108,7,8926,8926,8928,0.99977599,2,8928,2,0.99977599,1,0,0,8926,0.99977599,1656604800,1659282900
2022,S108,8,8925,8925,8928,0.99966398,3,8928,3,0.99966398,1,0,0,8925,0.99966398,1659283200,1661961300
2022,S108,9,8617,8617,8640,0.99733796,23,8640,23,0.99733796,1,0,0,8617,0.99733796,1661961600,1664553300
2022,S108,10,6842,6842,8928,0.76635305,2086,8928,2086,0.76635305,1,0,0,6842,0.76635305,1664553600,1667231700
2022,S108,11,6480,6480,8640,0.75,2160,8640,2160,0.75,1,0,0,6480,0.75,1667232000,1669823700
2022,S108,12,7845,7845,8928,0.87869624,1083,8928,1083,0.87869624,1,0,0,7845,0.87869624,1669824000,1672502100
2022,S109,1,8876,8876,8928,0.99417563,52,8928,52,0.99417563,1,0,0,8876,0.99417563,1640966400,1643644500
2022,S109,2,8016,8016,8064,0.99404762,48,8064,48,0.99404762,1,0,0,8016,0.99404762,1643644800,1646063700
2022,S109,3,7826,7826,8928,0.8765681,1102,8928,1102,0.8765681,1,0,0,7826,0.8765681,1646064000,1648742100
2022,S109,4,8639,8639,8640,0.99988426,1,8640,1,0.99988426,1,0,0,8639,0.99988426,1648742400,1651334100
2022,S109,5,8924,8924,8928,0.99955197,4,8928,4,0.99955197,1,0,0,8924,0.99955197,1651334400,1654012500
2022,S109,6,7754,7754,8640,0.8974537,886,8640,886,0.8974537,1,0,0,7754,0.8974537,1654012800,1656604500
2022,S109,7,8919,8919,8928,0.99899194,9,8928,9,0.99899194,1,0,0,8919,0.99899194,1656604800,1659282900
2022,S109,8,6184,6184,8928,0.69265233,2744,8928,2744,0.69265233,1,0,0,6184,0.69265233,1659283200,1661961300
2022,S109,9,8602,8602,8640,0.99560185,38,8640,38,0.99560185,1,0,0,8602,0.99560185,1661961600,1664553300
2022,S109,10,8926,8926,8928,0.99977599,2,8928,2,0.99977599,1,0,0,8926,0.99977599,1664553600,1667231700
2022,S109,11,8638,8638,8640,0.99976852,2,8640,2,0.99976852,1,0,0,8638,0.99976852,1667232000,1669823700
2022,S109,12,8895,8895,8928,0.99630376,33,8928,33,0.99630376,1,0,0,8895,0.99630376,1669824000,1672502100
2022,S111,1,8474,8474,8928,0.94914875,454,8831,357,0.95957423,1,0,0,8474,0.94914875,1640995500,1643644500
2022,S111,2,7932,7932,8064,0.98363095,132,8064,132,0.98363095,1,0,0,7932,0.98363095,1643644800,1646063700
2022,S111,3,7758,7758,8928,0.86895161,1170,8928,1170,0.86895161,1,0,0,7758,0.86895161,1646064000,1648742100
2022,S111,4,8625,8625,8640,0.99826389,15,8640,15,0.99826389,1,0,0,8625,0.99826389,1648742400,1651334100
2022,S111,5,8922,8922,8928,0.99932796,6,8928,6,0.99932796,1,0,0,8922,0.99932796,1651334400,1654012500
2022,S111,6,8632,8632,8640,0.99907407,8,8640,8,0.99907407,1,0,0,8632,0.99907407,1654012800,1656604500
2022,S111,7,8914,8914,8928,0.9984319,14,8928,14,0.9984319,1,0,0,8914,0.9984319,1656604800,1659282900
2022,S111,8,8907,8907,8928,0.99764785,21,8928,21,0.99764785,1,0,0,8907,0.99764785,1659283200,1661961300
2022,S111,9,8555,8555,8640,0.99016204,85,8640,85,0.99016204,1,0,0,8555,0.99016204,1661961600,1664553300
2022,S111,10,8640,8640,8928,0.96774194,288,8928,288,0.96774194,1,0,0,8640,0.96774194,1664553600,1667231700
2022,S111,11,8635,8635,8640,0.9994213,5,8640,5,0.9994213,1,0,0,8635,0.9994213,1667232000,1669823700
2022,S111,12,8902,8902,8928,0.99708781,26,8928,26,0.99708781,1,0,0,8902,0.99708781,1669824000,1672502100
2022,S112,1,8851,8851,8928,0.99137545,77,8928,77,0.99137545,1,0,0,8851,0.99137545,1640966400,1643644500
2022,S112,2,8016,8016,8064,0.99404762,48,8064,48,0.99404762,1,0,0,8016,0.99404762,1643644800,1646063700
2022,S112,3,8928,8928,8928,1.0,0,8928,0,1.0,1,0,0,8928,1.0,1646064000,1648742100
2022,S112,4,8640,8640,8640,1.0,0,8640,0,1.0,1,0,0,8640,1.0,1648742400,1651334100
2022,S112,5,8928,8928,8928,1.0,0,8928,0,1.0,1,0,0,8928,1.0,1651334400,1654012500
2022,S112,6,8638,8638,8640,0.99976852,2,8640,2,0.99976852,1,0,0,8638,0.99976852,1654012800,1656604500
2022,S112,7,8867,8867,8928,0.99316756,61,8928,61,0.99316756,1,0,0,8867,0.99316756,1656604800,1659282900
2022,S112,8,8924,8924,8928,0.99955197,4,8928,4,0.99955197,1,0,0,8924,0.99955197,1659283200,1661961300
2022,S112,9,8622,8622,8640,0.99791667,18,8640,18,0.99791667,1,0,0,8622,0.99791667,1661961600,1664553300
2022,S112,10,8925,8925,8928,0.99966398,3,8928,3,0.99966398,1,0,0,8925,0.99966398,1664553600,1667231700
2022,S112,11,8638,8638,8640,0.99976852,2,8640,2,0.99976852,1,0,0,8638,0.99976852,1667232000,1669823700
2022,S112,12,8902,8902,8928,0.99708781,26,8928,26,0.99708781,1,0,0,8902,0.99708781,1669824000,1672502100
2022,S113,1,8876,8876,8928,0.99417563,52,8928,52,0.99417563,1,0,0,8876,0.99417563,1640966400,1643644500
2022,S113,2,8016,8016,8064,0.99404762,48,8064,48,0.99404762,1,0,0,8016,0.99404762,1643644800,1646063700
2022,S113,3,8928,8928,8928,1.0,0,8928,0,1.0,1,0,0,8928,1.0,1646064000,1648742100
2022,S113,4,8640,8640,8640,1.0,0,8640,0,1.0,1,0,0,8640,1.0,1648742400,1651334100
2022,S113,5,8923,8923,8928,0.99943996,5,8928,5,0.99943996,1,0,0,8923,0.99943996,1651334400,1654012500
2022,S113,6,8627,8627,8640,0.99849537,13,8640,13,0.99849537,1,0,0,8627,0.99849537,1654012800,1656604500
2022,S113,7,8925,8925,8928,0.99966398,3,8928,3,0.99966398,1,0,0,8925,0.99966398,1656604800,1659282900
2022,S113,8,8924,8924,8928,0.99955197,4,8928,4,0.99955197,1,0,0,8924,0.99955197,1659283200,1661961300
2022,S113,9,8618,8618,8640,0.9974537,22,8640,22,0.9974537,1,0,0,8618,0.9974537,1661961600,1664553300
2022,S113,10,8925,8925,8928,0.99966398,3,8928,3,0.99966398,1,0,0,8925,0.99966398,1664553600,1667231700
2022,S113,11,8637,8637,8640,0.99965278,3,8640,3,0.99965278,1,0,0,8637,0.99965278,1667232000,1669823700
2022,S113,12,8852,8852,8928,0.99148746,76,8928,76,0.99148746,1,0,0,8852,0.99148746,1669824000,1672502100
2022,S114,1,8874,8874,8928,0.99395161,54,8928,54,0.99395161,1,0,0,8874,0.99395161,1640966400,1643644500
2022,S114,2,8016,8016,8064,0.99404762,48,8064,48,0.99404762,1,0,0,8016,0.99404762,1643644800,1646063700
2022,S114,3,8928,8928,8928,1.0,0,8928,0,1.0,1,0,0,8928,1.0,1646064000,1648742100
2022,S114,4,8640,8640,8640,1.0,0,8640,0,1.0,1,0,0,8640,1.0,1648742400,1651334100
2022,S114,5,8927,8927,8928,0.99988799,1,8928,1,0.99988799,1,0,0,8927,0.99988799,1651334400,1654012500
2022,S114,6,8639,8639,8640,0.99988426,1,8640,1,0.99988426,1,0,0,8639,0.99988426,1654012800,1656604500
2022,S114,7,8927,8927,8928,0.99988799,1,8928,1,0.99988799,1,0,0,8927,0.99988799,1656604800,1659282900
2022,S114,8,8925,8925,8928,0.99966398,3,8928,3,0.99966398,1,0,0,8925,0.99966398,1659283200,1661961300
2022,S114,9,8619,8619,8640,0.99756944,21,8640,21,0.99756944,1,0,0,8619,0.99756944,1661961600,1664553300
2022,S114,10,8925,8925,8928,0.99966398,3,8928,3,0.99966398,1,0,0,8925,0.99966398,1664553600,1667231700
2022,S114,11,8639,8639,8640,0.99988426,1,8640,1,0.99988426,1,0,0,8639,0.99988426,1667232000,1669823700
2022,S114,12,8902,8902,8928,0.99708781,26,8928,26,0.99708781,1,0,0,8902,0.99708781,1669824000,1672502100
2022,S115,1,8787,8787,8928,0.98420699,141,8928,141,0.98420699,1,0,0,8787,0.98420699,1640966400,1643644500
2022,S115,2,8013,8013,8064,0.9936756,51,8064,51,0.9936756,1,0,0,8013,0.9936756,1643644800,1646063700
2022,S115,3,8918,8918,8928,0.99887993,10,8928,10,0.99887993,1,0,0,8918,0.99887993,1646064000,1648742100
2022,S115,4,8612,8612,8640,0.99675926,28,8640,28,0.99675926,1,0,0,8612,0.99675926,1648742400,1651334100
2022,S115,5,7918,7918,8928,0.88687276,1010,8928,1010,0.88687276,1,0,0,7918,0.88687276,1651334400,1654012500
2022,S115,6,7546,7546,8640,0.87337963,1094,8640,1094,0.87337963,1,0,0,7546,0.87337963,1654012800,1656604500
2022,S115,7,8902,8902,8928,0.99708781,26,8928,26,0.99708781,1,0,0,8902,0.99708781,1656604800,1659282900
2022,S115,8,8910,8910,8928,0.99798387,18,8928,18,0.99798387,1,0,0,8910,0.99798387,1659283200,1661961300
2022,S115,9,8611,8611,8640,0.99664352,29,8640,29,0.99664352,1,0,0,8611,0.99664352,1661961600,1664553300
2022,S115,10,8867,8867,8928,0.99316756,61,8928,61,0.99316756,1,0,0,8867,0.99316756,1664553600,1667231700
2022,S115,11,8636,8636,8640,0.99953704,4,8640,4,0.99953704,1,0,0,8636,0.99953704,1667232000,1669823700
2022,S115,12,8758,8758,8928,0.98095878,170,8928,170,0.98095878,1,0,0,8758,0.98095878,1669824000,1672502100
2022,S116,1,8870,8870,8928,0.99350358,58,8928,58,0.99350358,1,0,0,8870,0.99350358,1640966400,1643644500
2022,S116,2,6673,6673,8064,0.82750496,1391,6721,48,0.99285821,1,0,0,6673,0.82750496,1643644800,1645660800
2022,S116,3,8542,8542,8928,0.95676523,386,8767,225,0.97433558,1,0,0,8542,0.95676523,1646112300,1648742100
2022,S116,4,8615,8615,8640,0.99710648,25,8640,25,0.99710648,1,0,0,8615,0.99710648,1648742400,1651334100
2022,S116,5,8898,8898,8928,0.99663978,30,8928,30,0.99663978,1,0,0,8898,0.99663978,1651334400,1654012500
2022,S116,6,7211,7211,8640,0.83460648,1429,8640,1429,0.83460648,1,0,0,7211,0.83460648,1654012800,1656604500
2022,S116,7,8878,8878,8928,0.99439964,50,8928,50,0.99439964,1,0,0,8878,0.99439964,1656604800,1659282900
2022,S116,8,8883,8883,8928,0.99495968,45,8928,45,0.99495968,1,0,0,8883,0.99495968,1659283200,1661961300
2022,S116,9,8615,8615,8640,0.99710648,25,8640,25,0.99710648,1,0,0,8615,0.99710648,1661961600,1664553300
2022,S116,10,8913,8913,8928,0.99831989,15,8928,15,0.99831989,1,0,0,8913,0.99831989,1664553600,1667231700
2022,S116,11,8630,8630,8640,0.99884259,10,8640,10,0.99884259,1,0,0,8630,0.99884259,1667232000,1669823700
2022,S116,12,8901,8901,8928,0.99697581,27,8928,27,0.99697581,1,0,0,8901,0.99697581,1669824000,1672502100
2022,S118,1,8726,8726,8928,0.97737455,202,8928,202,0.97737455,1,0,0,8726,0.97737455,1640966400,1643644500
2022,S118,2,8016,8016,8064,0.99404762,48,8064,48,0.99404762,1,0,0,8016,0.99404762,1643644800,1646063700
2022,S118,3,8927,8927,8928,0.99988799,1,8928,1,0.99988799,1,0,0,8927,0.99988799,1646064000,1648742100
2022,S118,4,8640,8640,8640,1.0,0,8640,0,1.0,1,0,0,8640,1.0,1648742400,1651334100
2022,S118,5,8928,8928,8928,1.0,0,8928,0,1.0,1,0,0,8928,1.0,1651334400,1654012500
2022,S118,6,8640,8640,8640,1.0,0,8640,0,1.0,1,0,0,8640,1.0,1654012800,1656604500
2022,S118,7,8926,8926,8928,0.99977599,2,8928,2,0.99977599,1,0,0,8926,0.99977599,1656604800,1659282900
2022,S118,8,8923,8923,8928,0.99943996,5,8928,5,0.99943996,1,0,0,8923,0.99943996,1659283200,1661961300
2022,S118,9,8615,8615,8640,0.99710648,25,8640,25,0.99710648,1,0,0,8615,0.99710648,1661961600,1664553300
2022,S118,10,8924,8924,8928,0.99955197,4,8928,4,0.99955197,1,0,0,8924,0.99955197,1664553600,1667231700
2022,S118,11,8638,8638,8640,0.99976852,2,8640,2,0.99976852,1,0,0,8638,0.99976852,1667232000,1669823700
2022,S118,12,8521,8521,8928,0.95441308,407,8928,407,0.95441308,1,0,0,8521,0.95441308,1669824000,1672502100
2022,S119,1,8742,8742,8928,0.97916667,186,8928,186,0.97916667,1,0,0,8742,0.97916667,1640966400,1643644500
2022,S119,2,7856,7856,8064,0.97420635,208,8064,208,0.97420635,1,0,0,7856,0.97420635,1643644800,1646063700
2022,S119,3,8910,8910,8928,0.99798387,18,8928,18,0.99798387,1,0,0,8910,0.99798387,1646064000,1648742100
2022,S119,4,8637,8637,8640,0.99965278,3,8640,3,0.99965278,1,0,0,8637,0.99965278,1648742400,1651334100
2022,S119,5,8925,8925,8928,0.99966398,3,8928,3,0.99966398,1,0,0,8925,0.99966398,1651334400,1654012500
2022,S119,6,8640,8640,8640,1.0,0,8640,0,1.0,1,0,0,8640,1.0,1654012800,1656604500
2022,S119,7,8926,8926,8928,0.99977599,2,8928,2,0.99977599,1,0,0,8926,0.99977599,1656604800,1659282900
2022,S119,8,8923,8923,8928,0.99943996,5,8928,5,0.99943996,1,0,0,8923,0.99943996,1659283200,1661961300
2022,S119,9,8356,8356,8640,0.96712963,284,8640,284,0.96712963,1,0,0,8356,0.96712963,1661961600,1664553300
2022,S119,10,8852,8852,8928,0.99148746,76,8928,76,0.99148746,1,0,0,8852,0.99148746,1664553600,1667231700
2022,S119,11,7354,7354,8640,0.85115741,1286,8640,1286,0.85115741,1,0,0,7354,0.85115741,1667232000,1669823700
2022,S119,12,8896,8896,8928,0.99641577,32,8928,32,0.99641577,1,0,0,8896,0.99641577,1669824000,1672502100
2022,S120,1,8876,8876,8928,0.99417563,52,8928,52,0.99417563,1,0,0,8876,0.99417563,1640966400,1643644500
2022,S120,2,8016,8016,8064,0.99404762,48,8064,48,0.99404762,1,0,0,8016,0.99404762,1643644800,1646063700
2022,S120,3,8928,8928,8928,1.0,0,8928,0,1.0,1,0,0,8928,1.0,1646064000,1648742100
2022,S120,4,8640,8640,8640,1.0,0,8640,0,1.0,1,0,0,8640,1.0,1648742400,1651334100
2022,S120,5,8928,8928,8928,1.0,0,8928,0,1.0,1,0,0,8928,1.0,1651334400,1654012500
2022,S120,6,8639,8639,8640,0.99988426,1,8640,1,0.99988426,1,0,0,8639,0.99988426,1654012800,1656604500
2022,S120,7,8925,8925,8928,0.99966398,3,8928,3,0.99966398,1,0,0,8925,0.99966398,1656604800,1659282900
2022,S120,8,8924,8924,8928,0.99955197,4,8928,4,0.99955197,1,0,0,8924,0.99955197,1659283200,1661961300
2022,S120,9,8615,8615,8640,0.99710648,25,8640,25,0.99710648,1,0,0,8615,0.99710648,1661961600,1664553300
2022,S120,10,7642,7642,8928,0.85595878,1286,8928,1286,0.85595878,1,0,0,7642,0.85595878,1664553600,1667231700
2022,S120,11,8639,8639,8640,0.99988426,1,8640,1,0.99988426,1,0,0,8639,0.99988426,1667232000,1669823700
2022,S120,12,8902,8902,8928,0.99708781,26,8928,26,0.99708781,1,0,0,8902,0.99708781,1669824000,1672502100
2022,S121,1,7592,7592,8928,0.85035842,1336,8394,802,0.90445556,1,0,0,7592,0.85035842,1640966400,1643484300
2022,S121,2,5824,5824,8064,0.72222222,2240,5872,48,0.99182561,1,0,0,5824,0.72222222,1644302400,1646063700
2022,S121,3,8928,8928,8928,1.0,0,8928,0,1.0,1,0,0,8928,1.0,1646064000,1648742100
2022,S121,4,8639,8639,8640,0.99988426,1,8640,1,0.99988426,1,0,0,8639,0.99988426,1648742400,1651334100
2022,S121,5,8924,8924,8928,0.99955197,4,8928,4,0.99955197,1,0,0,8924,0.99955197,1651334400,1654012500
2022,S121,6,8636,8636,8640,0.99953704,4,8640,4,0.99953704,1,0,0,8636,0.99953704,1654012800,1656604500
2022,S121,7,8924,8924,8928,0.99955197,4,8928,4,0.99955197,1,0,0,8924,0.99955197,1656604800,1659282900
2022,S121,8,8883,8883,8928,0.99495968,45,8928,45,0.99495968,1,0,0,8883,0.99495968,1659283200,1661961300
2022,S121,9,8606,8606,8640,0.99606481,34,8640,34,0.99606481,1,0,0,8606,0.99606481,1661961600,1664553300
2022,S121,10,8919,8919,8928,0.99899194,9,8928,9,0.99899194,1,0,0,8919,0.99899194,1664553600,1667231700
2022,S121,11,7034,7034,8640,0.81412037,1606,8640,1606,0.81412037,1,0,0,7034,0.81412037,1667232000,1669823700
2022,S121,12,8899,8899,8928,0.99675179,29,8928,29,0.99675179,1,0,0,8899,0.99675179,1669824000,1672502100
2022,S123,1,8876,8876,8928,0.99417563,52,8928,52,0.99417563,1,0,0,8876,0.99417563,1640966400,1643644500
2022,S123,2,8016,8016,8064,0.99404762,48,8064,48,0.99404762,1,0,0,8016,0.99404762,1643644800,1646063700
2022,S123,3,8317,8317,8928,0.93156362,611,8928,611,0.93156362,1,0,0,8317,0.93156362,1646064000,1648742100
2022,S123,4,8639,8639,8640,0.99988426,1,8640,1,0.99988426,1,0,0,8639,0.99988426,1648742400,1651334100
2022,S123,5,8927,8927,8928,0.99988799,1,8928,1,0.99988799,1,0,0,8927,0.99988799,1651334400,1654012500
2022,S123,6,8640,8640,8640,1.0,0,8640,0,1.0,1,0,0,8640,1.0,1654012800,1656604500
2022,S123,7,8928,8928,8928,1.0,0,8928,0,1.0,1,0,0,8928,1.0,1656604800,1659282900
2022,S123,8,8925,8925,8928,0.99966398,3,8928,3,0.99966398,1,0,0,8925,0.99966398,1659283200,1661961300
2022,S123,9,8620,8620,8640,0.99768519,20,8640,20,0.99768519,1,0,0,8620,0.99768519,1661961600,1664553300
2022,S123,10,8924,8924,8928,0.99955197,4,8928,4,0.99955197,1,0,0,8924,0.99955197,1664553600,1667231700
2022,S123,11,8635,8635,8640,0.9994213,5,8640,5,0.9994213,1,0,0,8635,0.9994213,1667232000,1669823700
2022,S123,12,8891,8891,8928,0.99585573,37,8928,37,0.99585573,1,0,0,8891,0.99585573,1669824000,1672502100
2022,S201,1,8875,8875,8928,0.99406362,53,8928,53,0.99406362,1,0,0,8875,0.99406362,1640966400,1643644500
2022,S201,2,8016,8016,8064,0.99404762,48,8064,48,0.99404762,1,0,0,8016,0.99404762,1643644800,1646063700
2022,S201,3,8928,8928,8928,1.0,0,8928,0,1.0,1,0,0,8928,1.0,1646064000,1648742100
2022,S201,4,8638,8638,8640,0.99976852,2,8640,2,0.99976852,1,0,0,8638,0.99976852,1648742400,1651334100
2022,S201,5,8928,8928,8928,1.0,0,8928,0,1.0,1,0,0,8928,1.0,1651334400,1654012500
2022,S201,6,8639,8639,8640,0.99988426,1,8640,1,0.99988426,1,0,0,8639,0.99988426,1654012800,1656604500
2022,S201,7,8928,8928,8928,1.0,0,8928,0,1.0,1,0,0,8928,1.0,1656604800,1659282900
2022,S201,8,8925,8925,8928,0.99966398,3,8928,3,0.99966398,1,0,0,8925,0.99966398,1659283200,1661961300
2022,S201,9,8622,8622,8640,0.99791667,18,8640,18,0.99791667,1,0,0,8622,0.99791667,1661961600,1664553300
2022,S201,10,8908,8908,8928,0.99775986,20,8928,20,0.99775986,1,0,0,8908,0.99775986,1664553600,1667231700
2022,S201,11,8640,8640,8640,1.0,0,8640,0,1.0,1,0,0,8640,1.0,1667232000,1669823700
2022,S201,12,8904,8904,8928,0.99731183,24,8928,24,0.99731183,1,0,0,8904,0.99731183,1669824000,1672502100
2022,S202,1,8876,8876,8928,0.99417563,52,8928,52,0.99417563,1,0,0,8876,0.99417563,1640966400,1643644500
2022,S202,2,8016,8016,8064,0.99404762,48,8064,48,0.99404762,1,0,0,8016,0.99404762,1643644800,1646063700
2022,S202,3,8928,8928,8928,1.0,0,8928,0,1.0,1,0,0,8928,1.0,1646064000,1648742100
2022,S202,4,8638,8638,8640,0.99976852,2,8640,2,0.99976852,1,0,0,8638,0.99976852,1648742400,1651334100
2022,S202,5,8928,8928,8928,1.0,0,8928,0,1.0,1,0,0,8928,1.0,1651334400,1654012500
2022,S202,6,8638,8638,8640,0.99976852,2,8640,2,0.99976852,1,0,0,8638,0.99976852,1654012800,1656604500
2022,S202,7,8928,8928,8928,1.0,0,8928,0,1.0,1,0,0,8928,1.0,1656604800,1659282900
2022,S202,8,8925,8925,8928,0.99966398,3,8928,3,0.99966398,1,0,0,8925,0.99966398,1659283200,1661961300
2022,S202,9,8623,8623,8640,0.99803241,17,8640,17,0.99803241,1,0,0,8623,0.99803241,1661961600,1664553300
2022,S202,10,8908,8908,8928,0.99775986,20,8928,20,0.99775986,1,0,0,8908,0.99775986,1664553600,1667231700
2022,S202,11,8640,8640,8640,1.0,0,8640,0,1.0,1,0,0,8640,1.0,1667232000,1669823700
2022,S202,12,8904,8904,8928,0.99731183,24,8928,24,0.99731183,1,0,0,8904,0.99731183,1669824000,1672502100
2022,S203,1,8876,8876,8928,0.99417563,52,8928,52,0.99417563,1,0,0,8876,0.99417563,1640966400,1643644500
2022,S203,2,8016,8016,8064,0.99404762,48,8064,48,0.99404762,1,0,0,8016,0.99404762,1643644800,1646063700
2022,S203,3,8928,8928,8928,1.0,0,8928,0,1.0,1,0,0,8928,1.0,1646064000,1648742100
2022,S203,4,8637,8637,8640,0.99965278,3,8640,3,0.99965278,1,0,0,8637,0.99965278,1648742400,1651334100
2022,S203,5,8928,8928,8928,1.0,0,8928,0,1.0,1,0,0,8928,1.0,1651334400,1654012500
2022,S203,6,8639,8639,8640,0.99988426,1,8640,1,0.99988426,1,0,0,8639,0.99988426,1654012800,1656604500
2022,S203,7,8928,8928,8928,1.0,0,8928,0,1.0,1,0,0,8928,1.0,1656604800,1659282900
2022,S203,8,8925,8925,8928,0.99966398,3,8928,3,0.99966398,1,0,0,8925,0.99966398,1659283200,1661961300
2022,S203,9,8622,8622,8640,0.99791667,18,8640,18,0.99791667,1,0,0,8622,0.99791667,1661961600,1664553300
2022,S203,10,8908,8908,8928,0.99775986,20,8928,20,0.99775986,1,0,0,8908,0.99775986,1664553600,1667231700
2022,S203,11,8640,8640,8640,1.0,0,8640,0,1.0,1,0,0,8640,1.0,1667232000,1669823700
2022,S203,12,8904,8904,8928,0.99731183,24,8928,24,0.99731183,1,0,0,8904,0.99731183,1669824000,1672502100
2022,S204,1,8876,8876,8928,0.99417563,52,8928,52,0.99417563,1,0,0,8876,0.99417563,1640966400,1643644500
2022,S204,2,8016,8016,8064,0.99404762,48,8064,48,0.99404762,1,0,0,8016,0.99404762,1643644800,1646063700
2022,S204,3,8928,8928,8928,1.0,0,8928,0,1.0,1,0,0,8928,1.0,1646064000,1648742100
2022,S204,4,8638,8638,8640,0.99976852,2,8640,2,0.99976852,1,0,0,8638,0.99976852,1648742400,1651334100
2022,S204,5,8928,8928,8928,1.0,0,8928,0,1.0,1,0,0,8928,1.0,1651334400,1654012500
2022,S204,6,8639,8639,8640,0.99988426,1,8640,1,0.99988426,1,0,0,8639,0.99988426,1654012800,1656604500
2022,S204,7,8928,8928,8928,1.0,0,8928,0,1.0,1,0,0,8928,1.0,1656604800,1659282900
2022,S204,8,8925,8925,8928,0.99966398,3,8928,3,0.99966398,1,0,0,8925,0.99966398,1659283200,1661961300
2022,S204,9,8622,8622,8640,0.99791667,18,8640,18,0.99791667,1,0,0,8622,0.99791667,1661961600,1664553300
2022,S204,10,8908,8908,8928,0.99775986,20,8928,20,0.99775986,1,0,0,8908,0.99775986,1664553600,1667231700
2022,S204,11,8640,8640,8640,1.0,0,8640,0,1.0,1,0,0,8640,1.0,1667232000,1669823700
2022,S204,12,8904,8904,8928,0.99731183,24,8928,24,0.99731183,1,0,0,8904,0.99731183,1669824000,1672502100
2022,S205,1,8876,8876,8928,0.99417563,52,8928,52,0.99417563,1,0,0,8876,0.99417563,1640966400,1643644500
2022,S205,2,8016,8016,8064,0.99404762,48,8064,48,0.99404762,1,0,0,8016,0.99404762,1643644800,1646063700
2022,S205,3,8928,8928,8928,1.0,0,8928,0,1.0,1,0,0,8928,1.0,1646064000,1648742100
2022,S205,4,8638,8638,8640,0.99976852,2,8640,2,0.99976852,1,0,0,8638,0.99976852,1648742400,1651334100
2022,S205,5,8928,8928,8928,1.0,0,8928,0,1.0,1,0,0,8928,1.0,1651334400,1654012500
2022,S205,6,8638,8638,8640,0.99976852,2,8640,2,0.99976852,1,0,0,8638,0.99976852,1654012800,1656604500
2022,S205,7,8928,8928,8928,1.0,0,8928,0,1.0,1,0,0,8928,1.0,1656604800,1659282900
2022,S205,8,8925,8925,8928,0.99966398,3,8928,3,0.99966398,1,0,0,8925,0.99966398,1659283200,1661961300
2022,S205,9,8623,8623,8640,0.99803241,17,8640,17,0.99803241,1,0,0,8623,0.99803241,1661961600,1664553300
2022,S205,10,8908,8908,8928,0.99775986,20,8928,20,0.99775986,1,0,0,8908,0.99775986,1664553600,1667231700
2022,S205,11,8640,8640,8640,1.0,0,8640,0,1.0,1,0,0,8640,1.0,1667232000,1669823700
2022,S205,12,8904,8904,8928,0.99731183,24,8928,24,0.99731183,1,0,0,8904,0.99731183,1669824000,1672502100
2022,S207,1,8876,8876,8928,0.99417563,52,8928,52,0.99417563,1,0,0,8876,0.99417563,1640966400,1643644500
2022,S207,2,8016,8016,8064,0.99404762,48,8064,48,0.99404762,1,0,0,8016,0.99404762,1643644800,1646063700
2022,S207,3,8928,8928,8928,1.0,0,8928,0,1.0,1,0,0,8928,1.0,1646064000,1648742100
2022,S207,4,8638,8638,8640,0.99976852,2,8640,2,0.99976852,1,0,0,8638,0.99976852,1648742400,1651334100
2022,S207,5,8928,8928,8928,1.0,0,8928,0,1.0,1,0,0,8928,1.0,1651334400,1654012500
2022,S207,6,8639,8639,8640,0.99988426,1,8640,1,0.99988426,1,0,0,8639,0.99988426,1654012800,1656604500
2022,S207,7,8928,8928,8928,1.0,0,8928,0,1.0,1,0,0,8928,1.0,1656604800,1659282900
2022,S207,8,8925,8925,8928,0.99966398,3,8928,3,0.99966398,1,0,0,8925,0.99966398,1659283200,1661961300
2022,S207,9,8622,8622,8640,0.99791667,18,8640,18,0.99791667,1,0,0,8622,0.99791667,1661961600,1664553300
2022,S207,10,8908,8908,8928,0.99775986,20,8928,20,0.99775986,1,0,0,8908,0.99775986,1664553600,1667231700
2022,S207,11,8640,8640,8640,1.0,0,8640,0,1.0,1,0,0,8640,1.0,1667232000,1669823700
2022,S207,12,8904,8904,8928,0.99731183,24,8928,24,0.99731183,1,0,0,8904,0.99731183,1669824000,1672502100
2022,S208,1,8876,8876,8928,0.99417563,52,8928,52,0.99417563,1,0,0,8876,0.99417563,1640966400,1643644500
2022,S208,2,8016,8016,8064,0.99404762,48,8064,48,0.99404762,1,0,0,8016,0.99404762,1643644800,1646063700
2022,S208,3,8927,8927,8928,0.99988799,1,8928,1,0.99988799,1,0,0,8927,0.99988799,1646064000,1648742100
2022,S208,4,8635,8635,8640,0.9994213,5,8640,5,0.9994213,1,0,0,8635,0.9994213,1648742400,1651334100
2022,S208,5,8928,8928,8928,1.0,0,8928,0,1.0,1,0,0,8928,1.0,1651334400,1654012500
2022,S208,6,8637,8637,8640,0.99965278,3,8640,3,0.99965278,1,0,0,8637,0.99965278,1654012800,1656604500
2022,S208,7,8928,8928,8928,1.0,0,8928,0,1.0,1,0,0,8928,1.0,1656604800,1659282900
2022,S208,8,8924,8924,8928,0.99955197,4,8928,4,0.99955197,1,0,0,8924,0.99955197,1659283200,1661961300
2022,S208,9,8623,8623,8640,0.99803241,17,8640,17,0.99803241,1,0,0,8623,0.99803241,1661961600,1664553300
2022,S208,10,8908,8908,8928,0.99775986,20,8928,20,0.99775986,1,0,0,8908,0.99775986,1664553600,1667231700
2022,S208,11,8640,8640,8640,1.0,0,8640,0,1.0,1,0,0,8640,1.0,1667232000,1669823700
2022,S208,12,8904,8904,8928,0.99731183,24,8928,24,0.99731183,1,0,0,8904,0.99731183,1669824000,1672502100
2022,S209,1,8876,8876,8928,0.99417563,52,8928,52,0.99417563,1,0,0,8876,0.99417563,1640966400,1643644500
2022,S209,2,8016,8016,8064,0.99404762,48,8064,48,0.99404762,1,0,0,8016,0.99404762,1643644800,1646063700
2022,S209,3,8927,8927,8928,0.99988799,1,8928,1,0.99988799,1,0,0,8927,0.99988799,1646064000,1648742100
2022,S209,4,8636,8636,8640,0.99953704,4,8640,4,0.99953704,1,0,0,8636,0.99953704,1648742400,1651334100
2022,S209,5,8928,8928,8928,1.0,0,8928,0,1.0,1,0,0,8928,1.0,1651334400,1654012500
2022,S209,6,8639,8639,8640,0.99988426,1,8640,1,0.99988426,1,0,0,8639,0.99988426,1654012800,1656604500
2022,S209,7,8928,8928,8928,1.0,0,8928,0,1.0,1,0,0,8928,1.0,1656604800,1659282900
2022,S209,8,8925,8925,8928,0.99966398,3,8928,3,0.99966398,1,0,0,8925,0.99966398,1659283200,1661961300
2022,S209,9,8622,8622,8640,0.99791667,18,8640,18,0.99791667,1,0,0,8622,0.99791667,1661961600,1664553300
2022,S209,10,8908,8908,8928,0.99775986,20,8928,20,0.99775986,1,0,0,8908,0.99775986,1664553600,1667231700
2022,S209,11,8640,8640,8640,1.0,0,8640,0,1.0,1,0,0,8640,1.0,1667232000,1669823700
2022,S209,12,8904,8904,8928,0.99731183,24,8928,24,0.99731183,1,0,0,8904,0.99731183,1669824000,1672502100
2022,S210,1,8876,8876,8928,0.99417563,52,8928,52,0.99417563,1,0,0,8876,0.99417563,1640966400,1643644500
2022,S210,2,8016,8016,8064,0.99404762,48,8064,48,0.99404762,1,0,0,8016,0.99404762,1643644800,1646063700
2022,S210,3,8928,8928,8928,1.0,0,8928,0,1.0,1,0,0,8928,1.0,1646064000,1648742100
2022,S210,4,8638,8638,8640,0.99976852,2,8640,2,0.99976852,1,0,0,8638,0.99976852,1648742400,1651334100
2022,S210,5,8928,8928,8928,1.0,0,8928,0,1.0,1,0,0,8928,1.0,1651334400,1654012500
2022,S210,6,8639,8639,8640,0.99988426,1,8640,1,0.99988426,1,0,0,8639,0.99988426,1654012800,1656604500
2022,S210,7,8921,8921,8928,0.99921595,7,8928,7,0.99921595,1,0,0,8921,0.99921595,1656604800,1659282900
2022,S210,8,8729,8729,8928,0.97771057,199,8734,5,0.99942752,1,0,0,8729,0.97771057,1659283200,1661903100
2022,S210,9,7011,7011,8640,0.81145833,1629,7030,19,0.9972973,1,0,0,7011,0.81145833,1662444600,1664553300
2022,S210,10,8908,8908,8928,0.99775986,20,8928,20,0.99775986,1,0,0,8908,0.99775986,1664553600,1667231700
2022,S210,11,8640,8640,8640,1.0,0,8640,0,1.0,1,0,0,8640,1.0,1667232000,1669823700
2022,S210,12,8904,8904,8928,0.99731183,24,8928,24,0.99731183,1,0,0,8904,0.99731183,1669824000,1672502100
2022,S211,1,8876,8876,8928,0.99417563,52,8928,52,0.99417563,1,0,0,8876,0.99417563,1640966400,1643644500
2022,S211,2,8016,8016,8064,0.99404762,48,8064,48,0.99404762,1,0,0,8016,0.99404762,1643644800,1646063700
2022,S211,3,8928,8928,8928,1.0,0,8928,0,1.0,1,0,0,8928,1.0,1646064000,1648742100
2022,S211,4,8638,8638,8640,0.99976852,2,8640,2,0.99976852,1,0,0,8638,0.99976852,1648742400,1651334100
2022,S211,5,8928,8928,8928,1.0,0,8928,0,1.0,1,0,0,8928,1.0,1651334400,1654012500
2022,S211,6,8636,8636,8640,0.99953704,4,8640,4,0.99953704,1,0,0,8636,0.99953704,1654012800,1656604500
2022,S211,7,8927,8927,8928,0.99988799,1,8928,1,0.99988799,1,0,0,8927,0.99988799,1656604800,1659282900
2022,S211,8,8925,8925,8928,0.99966398,3,8928,3,0.99966398,1,0,0,8925,0.99966398,1659283200,1661961300
2022,S211,9,8622,8622,8640,0.99791667,18,8640,18,0.99791667,1,0,0,8622,0.99791667,1661961600,1664553300
2022,S211,10,8884,8884,8928,0.99507168,44,8928,44,0.99507168,1,0,0,8884,0.99507168,1664553600,1667231700
2022,S211,11,8634,8634,8640,0.99930556,6,8640,6,0.99930556,1,0,0,8634,0.99930556,1667232000,1669823700
2022,S211,12,8785,8785,8928,0.98398297,143,8928,143,0.98398297,1,0,0,8785,0.98398297,1669824000,1672502100
2022,S212,1,8857,8857,8928,0.99204749,71,8928,71,0.99204749,1,0,0,8857,0.99204749,1640966400,1643644500
2022,S212,2,8016,8016,8064,0.99404762,48,8064,48,0.99404762,1,0,0,8016,0.99404762,1643644800,1646063700
2022,S212,3,8928,8928,8928,1.0,0,8928,0,1.0,1,0,0,8928,1.0,1646064000,1648742100
2022,S212,4,8627,8627,8640,0.99849537,13,8640,13,0.99849537,1,0,0,8627,0.99849537,1648742400,1651334100
2022,S212,5,8466,8466,8928,0.94825269,462,8928,462,0.94825269,1,0,0,8466,0.94825269,1651334400,1654012500
2022,S212,6,8639,8639,8640,0.99988426,1,8640,1,0.99988426,1,0,0,8639,0.99988426,1654012800,1656604500
2022,S212,7,8928,8928,8928,1.0,0,8928,0,1.0,1,0,0,8928,1.0,1656604800,1659282900
2022,S212,8,8925,8925,8928,0.99966398,3,8928,3,0.99966398,1,0,0,8925,0.99966398,1659283200,1661961300
2022,S212,9,8623,8623,8640,0.99803241,17,8640,17,0.99803241,1,0,0,8623,0.99803241,1661961600,1664553300
2022,S212,10,8908,8908,8928,0.99775986,20,8928,20,0.99775986,1,0,0,8908,0.99775986,1664553600,1667231700
2022,S212,11,8640,8640,8640,1.0,0,8640,0,1.0,1,0,0,8640,1.0,1667232000,1669823700
2022,S212,12,8904,8904,8928,0.99731183,24,8928,24,0.99731183,1,0,0,8904,0.99731183,1669824000,1672502100
2022,S213,1,8876,8876,8928,0.99417563,52,8928,52,0.99417563,1,0,0,8876,0.99417563,1640966400,1643644500
2022,S213,2,8016,8016,8064,0.99404762,48,8064,48,0.99404762,1,0,0,8016,0.99404762,1643644800,1646063700
2022,S213,3,8927,8927,8928,0.99988799,1,8928,1,0.99988799,1,0,0,8927,0.99988799,1646064000,1648742100
2022,S213,4,8637,8637,8640,0.99965278,3,8640,3,0.99965278,1,0,0,8637,0.99965278,1648742400,1651334100
2022,S213,5,8927,8927,8928,0.99988799,1,8928,1,0.99988799,1,0,0,8927,0.99988799,1651334400,1654012500
2022,S213,6,8639,8639,8640,0.99988426,1,8640,1,0.99988426,1,0,0,8639,0.99988426,1654012800,1656604500
2022,S213,7,8928,8928,8928,1.0,0,8928,0,1.0,1,0,0,8928,1.0,1656604800,1659282900
2022,S213,8,8925,8925,8928,0.99966398,3,8928,3,0.99966398,1,0,0,8925,0.99966398,1659283200,1661961300
2022,S213,9,8620,8620,8640,0.99768519,20,8640,20,0.99768519,1,0,0,8620,0.99768519,1661961600,1664553300
2022,S213,10,8908,8908,8928,0.99775986,20,8928,20,0.99775986,1,0,0,8908,0.99775986,1664553600,1667231700
2022,S213,11,8640,8640,8640,1.0,0,8640,0,1.0,1,0,0,8640,1.0,1667232000,1669823700
2022,S213,12,8904,8904,8928,0.99731183,24,8928,24,0.99731183,1,0,0,8904,0.99731183,1669824000,1672502100
2022,S214,1,8876,8876,8928,0.99417563,52,8928,52,0.99417563,1,0,0,8876,0.99417563,1640966400,1643644500
2022,S214,2,8016,8016,8064,0.99404762,48,8064,48,0.99404762,1,0,0,8016,0.99404762,1643644800,1646063700
2022,S214,3,8928,8928,8928,1.0,0,8928,0,1.0,1,0,0,8928,1.0,1646064000,1648742100
2022,S214,4,8638,8638,8640,0.99976852,2,8640,2,0.99976852,1,0,0,8638,0.99976852,1648742400,1651334100
2022,S214,5,8928,8928,8928,1.0,0,8928,0,1.0,1,0,0,8928,1.0,1651334400,1654012500
2022,S214,6,8638,8638,8640,0.99976852,2,8640,2,0.99976852,1,0,0,8638,0.99976852,1654012800,1656604500
2022,S214,7,8928,8928,8928,1.0,0,8928,0,1.0,1,0,0,8928,1.0,1656604800,1659282900
2022,S214,8,8925,8925,8928,0.99966398,3,8928,3,0.99966398,1,0,0,8925,0.99966398,1659283200,1661961300
2022,S214,9,8622,8622,8640,0.99791667,18,8640,18,0.99791667,1,0,0,8622,0.99791667,1661961600,1664553300
2022,S214,10,8908,8908,8928,0.99775986,20,8928,20,0.99775986,1,0,0,8908,0.99775986,1664553600,1667231700
2022,S214,11,8640,8640,8640,1.0,0,8640,0,1.0,1,0,0,8640,1.0,1667232000,1669823700
2022,S214,12,8903,8903,8928,0.99719982,25,8928,25,0.99719982,1,0,0,8903,0.99719982,1669824000,1672502100
2022,S215,1,8876,8876,8928,0.99417563,52,8928,52,0.99417563,1,0,0,8876,0.99417563,1640966400,1643644500
2022,S215,2,8016,8016,8064,0.99404762,48,8064,48,0.99404762,1,0,0,8016,0.99404762,1643644800,1646063700
2022,S215,3,8928,8928,8928,1.0,0,8928,0,1.0,1,0,0,8928,1.0,1646064000,1648742100
2022,S215,4,8638,8638,8640,0.99976852,2,8640,2,0.99976852,1,0,0,8638,0.99976852,1648742400,1651334100
2022,S215,5,8928,8928,8928,1.0,0,8928,0,1.0,1,0,0,8928,1.0,1651334400,1654012500
2022,S215,6,8639,8639,8640,0.99988426,1,8640,1,0.99988426,1,0,0,8639,0.99988426,1654012800,1656604500
2022,S215,7,8928,8928,8928,1.0,0,8928,0,1.0,1,0,0,8928,1.0,1656604800,1659282900
2022,S215,8,8925,8925,8928,0.99966398,3,8928,3,0.99966398,1,0,0,8925,0.99966398,1659283200,1661961300
2022,S215,9,8623,8623,8640,0.99803241,17,8640,17,0.99803241,1,0,0,8623,0.99803241,1661961600,1664553300
2022,S215,10,8908,8908,8928,0.99775986,20,8928,20,0.99775986,1,0,0,8908,0.99775986,1664553600,1667231700
2022,S215,11,8640,8640,8640,1.0,0,8640,0,1.0,1,0,0,8640,1.0,1667232000,1669823700
2022,S215,12,8904,8904,8928,0.99731183,24,8928,24,0.99731183,1,0,0,8904,0.99731183,1669824000,1672502100
2022,S216,1,8876,8876,8928,0.99417563,52,8928,52,0.99417563,1,0,0,8876,0.99417563,1640966400,1643644500
2022,S216,2,8016,8016,8064,0.99404762,48,8064,48,0.99404762,1,0,0,8016,0.99404762,1643644800,1646063700
2022,S216,3,8927,8927,8928,0.99988799,1,8928,1,0.99988799,1,0,0,8927,0.99988799,1646064000,1648742100
2022,S216,4,8638,8638,8640,0.99976852,2,8640,2,0.99976852,1,0,0,8638,0.99976852,1648742400,1651334100
2022,S216,5,8928,8928,8928,1.0,0,8928,0,1.0,1,0,0,8928,1.0,1651334400,1654012500
2022,S216,6,8639,8639,8640,0.99988426,1,8640,1,0.99988426,1,0,0,8639,0.99988426,1654012800,1656604500
2022,S216,7,8928,8928,8928,1.0,0,8928,0,1.0,1,0,0,8928,1.0,1656604800,1659282900
2022,S216,8,8925,8925,8928,0.99966398,3,8928,3,0.99966398,1,0,0,8925,0.99966398,1659283200,1661961300
2022,S216,9,8621,8621,8640,0.99780093,19,8640,19,0.99780093,1,0,0,8621,0.99780093,1661961600,1664553300
2022,S216,10,8908,8908,8928,0.99775986,20,8928,20,0.99775986,1,0,0,8908,0.99775986,1664553600,1667231700
2022,S216,11,8640,8640,8640,1.0,0,8640,0,1.0,1,0,0,8640,1.0,1667232000,1669823700
2022,S216,12,8904,8904,8928,0.99731183,24,8928,24,0.99731183,1,0,0,8904,0.99731183,1669824000,1672502100
2022,S217,1,8876,8876,8928,0.99417563,52,8928,52,0.99417563,1,0,0,8876,0.99417563,1640966400,1643644500
2022,S217,2,8016,8016,8064,0.99404762,48,8064,48,0.99404762,1,0,0,8016,0.99404762,1643644800,1646063700
2022,S217,3,8927,8927,8928,0.99988799,1,8928,1,0.99988799,1,0,0,8927,0.99988799,1646064000,1648742100
2022,S217,4,8638,8638,8640,0.99976852,2,8640,2,0.99976852,1,0,0,8638,0.99976852,1648742400,1651334100
2022,S217,5,8928,8928,8928,1.0,0,8928,0,1.0,1,0,0,8928,1.0,1651334400,1654012500
2022,S217,6,8639,8639,8640,0.99988426,1,8640,1,0.99988426,1,0,0,8639,0.99988426,1654012800,1656604500
2022,S217,7,8928,8928,8928,1.0,0,8928,0,1.0,1,0,0,8928,1.0,1656604800,1659282900
2022,S217,8,8925,8925,8928,0.99966398,3,8928,3,0.99966398,1,0,0,8925,0.99966398,1659283200,1661961300
2022,S217,9,8622,8622,8640,0.99791667,18,8640,18,0.99791667,1,0,0,8622,0.99791667,1661961600,1664553300
2022,S217,10,8895,8895,8928,0.99630376,33,8928,33,0.99630376,1,0,0,8895,0.99630376,1664553600,1667231700
2022,S217,11,8640,8640,8640,1.0,0,8640,0,1.0,1,0,0,8640,1.0,1667232000,1669823700
2022,S217,12,8904,8904,8928,0.99731183,24,8928,24,0.99731183,1,0,0,8904,0.99731183,1669824000,1672502100
2022,S218,1,8876,8876,8928,0.99417563,52,8928,52,0.99417563,1,0,0,8876,0.99417563,1640966400,1643644500
2022,S218,2,8016,8016,8064,0.99404762,48,8064,48,0.99404762,1,0,0,8016,0.99404762,1643644800,1646063700
2022,S218,3,8927,8927,8928,0.99988799,1,8928,1,0.99988799,1,0,0,8927,0.99988799,1646064000,1648742100
2022,S218,4,8639,8639,8640,0.99988426,1,8640,1,0.99988426,1,0,0,8639,0.99988426,1648742400,1651334100
2022,S218,5,8927,8927,8928,0.99988799,1,8928,1,0.99988799,1,0,0,8927,0.99988799,1651334400,1654012500
2022,S218,6,8637,8637,8640,0.99965278,3,8640,3,0.99965278,1,0,0,8637,0.99965278,1654012800,1656604500
2022,S218,7,8920,8920,8928,0.99910394,8,8928,8,0.99910394,1,0,0,8920,0.99910394,1656604800,1659282900
2022,S218,8,8925,8925,8928,0.99966398,3,8928,3,0.99966398,1,0,0,8925,0.99966398,1659283200,1661961300
2022,S218,9,8621,8621,8640,0.99780093,19,8640,19,0.99780093,1,0,0,8621,0.99780093,1661961600,1664553300
2022,S218,10,8905,8905,8928,0.99742384,23,8928,23,0.99742384,1,0,0,8905,0.99742384,1664553600,1667231700
2022,S218,11,8640,8640,8640,1.0,0,8640,0,1.0,1,0,0,8640,1.0,1667232000,1669823700
2022,S218,12,8898,8898,8928,0.99663978,30,8928,30,0.99663978,1,0,0,8898,0.99663978,1669824000,1672502100
2022,S219,1,8876,8876,8928,0.99417563,52,8928,52,0.99417563,1,0,0,8876,0.99417563,1640966400,1643644500
2022,S219,2,8016,8016,8064,0.99404762,48,8064,48,0.99404762,1,0,0,8016,0.99404762,1643644800,1646063700
2022,S219,3,8928,8928,8928,1.0,0,8928,0,1.0,1,0,0,8928,1.0,1646064000,1648742100
2022,S219,4,8638,8638,8640,0.99976852,2,8640,2,0.99976852,1,0,0,8638,0.99976852,1648742400,1651334100
2022,S219,5,8926,8926,8928,0.99977599,2,8928,2,0.99977599,1,0,0,8926,0.99977599,1651334400,1654012500
2022,S219,6,8639,8639,8640,0.99988426,1,8640,1,0.99988426,1,0,0,8639,0.99988426,1654012800,1656604500
2022,S219,7,8928,8928,8928,1.0,0,8928,0,1.0,1,0,0,8928,1.0,1656604800,1659282900
2022,S219,8,8925,8925,8928,0.99966398,3,8928,3,0.99966398,1,0,0,8925,0.99966398,1659283200,1661961300
2022,S219,9,8323,8323,8640,0.96331019,317,8640,317,0.96331019,1,0,0,8323,0.96331019,1661961600,1664553300
2022,S219,10,8908,8908,8928,0.99775986,20,8928,20,0.99775986,1,0,0,8908,0.99775986,1664553600,1667231700
2022,S219,11,8640,8640,8640,1.0,0,8640,0,1.0,1,0,0,8640,1.0,1667232000,1669823700
2022,S219,12,8904,8904,8928,0.99731183,24,8928,24,0.99731183,1,0,0,8904,0.99731183,1669824000,1672502100
2022,S220,1,8876,8876,8928,0.99417563,52,8928,52,0.99417563,1,0,0,8876,0.99417563,1640966400,1643644500
2022,S220,2,8016,8016,8064,0.99404762,48,8064,48,0.99404762,1,0,0,8016,0.99404762,1643644800,1646063700
2022,S220,3,8928,8928,8928,1.0,0,8928,0,1.0,1,0,0,8928,1.0,1646064000,1648742100
2022,S220,4,8639,8639,8640,0.99988426,1,8640,1,0.99988426,1,0,0,8639,0.99988426,1648742400,1651334100
2022,S220,5,8928,8928,8928,1.0,0,8928,0,1.0,1,0,0,8928,1.0,1651334400,1654012500
2022,S220,6,8632,8632,8640,0.99907407,8,8640,8,0.99907407,1,0,0,8632,0.99907407,1654012800,1656604500
2022,S220,7,8928,8928,8928,1.0,0,8928,0,1.0,1,0,0,8928,1.0,1656604800,1659282900
2022,S220,8,8925,8925,8928,0.99966398,3,8928,3,0.99966398,1,0,0,8925,0.99966398,1659283200,1661961300
2022,S220,9,8622,8622,8640,0.99791667,18,8640,18,0.99791667,1,0,0,8622,0.99791667,1661961600,1664553300
2022,S220,10,8908,8908,8928,0.99775986,20,8928,20,0.99775986,1,0,0,8908,0.99775986,1664553600,1667231700
2022,S220,11,8640,8640,8640,1.0,0,8640,0,1.0,1,0,0,8640,1.0,1667232000,1669823700
2022,S220,12,8904,8904,8928,0.99731183,24,8928,24,0.99731183,1,0,0,8904,0.99731183,1669824000,1672502100
2022,S221,1,8875,8875,8928,0.99406362,53,8928,53,0.99406362,1,0,0,8875,0.99406362,1640966400,1643644500
2022,S221,2,8013,8013,8064,0.9936756,51,8064,51,0.9936756,1,0,0,8013,0.9936756,1643644800,1646063700
2022,S221,3,8926,8926,8928,0.99977599,2,8928,2,0.99977599,1,0,0,8926,0.99977599,1646064000,1648742100
2022,S221,4,8638,8638,8640,0.99976852,2,8640,2,0.99976852,1,0,0,8638,0.99976852,1648742400,1651334100
2022,S221,5,8928,8928,8928,1.0,0,8928,0,1.0,1,0,0,8928,1.0,1651334400,1654012500
2022,S221,6,8639,8639,8640,0.99988426,1,8640,1,0.99988426,1,0,0,8639,0.99988426,1654012800,1656604500
2022,S221,7,8928,8928,8928,1.0,0,8928,0,1.0,1,0,0,8928,1.0,1656604800,1659282900
2022,S221,8,8925,8925,8928,0.99966398,3,8928,3,0.99966398,1,0,0,8925,0.99966398,1659283200,1661961300
2022,S221,9,8623,8623,8640,0.99803241,17,8640,17,0.99803241,1,0,0,8623,0.99803241,1661961600,1664553300
2022,S221,10,8908,8908,8928,0.99775986,20,8928,20,0.99775986,1,0,0,8908,0.99775986,1664553600,1667231700
2022,S221,11,8640,8640,8640,1.0,0,8640,0,1.0,1,0,0,8640,1.0,1667232000,1669823700
2022,S221,12,8904,8904,8928,0.99731183,24,8928,24,0.99731183,1,0,0,8904,0.99731183,1669824000,1672502100
2022,S222,1,8875,8875,8928,0.99406362,53,8928,53,0.99406362,1,0,0,8875,0.99406362,1640966400,1643644500
2022,S222,2,8016,8016,8064,0.99404762,48,8064,48,0.99404762,1,0,0,8016,0.99404762,1643644800,1646063700
2022,S222,3,8928,8928,8928,1.0,0,8928,0,1.0,1,0,0,8928,1.0,1646064000,1648742100
2022,S222,4,8639,8639,8640,0.99988426,1,8640,1,0.99988426,1,0,0,8639,0.99988426,1648742400,1651334100
2022,S222,5,8928,8928,8928,1.0,0,8928,0,1.0,1,0,0,8928,1.0,1651334400,1654012500
2022,S222,6,8639,8639,8640,0.99988426,1,8640,1,0.99988426,1,0,0,8639,0.99988426,1654012800,1656604500
2022,S222,7,8928,8928,8928,1.0,0,8928,0,1.0,1,0,0,8928,1.0,1656604800,1659282900
2022,S222,8,8925,8925,8928,0.99966398,3,8928,3,0.99966398,1,0,0,8925,0.99966398,1659283200,1661961300
2022,S222,9,8621,8621,8640,0.99780093,19,8640,19,0.99780093,1,0,0,8621,0.99780093,1661961600,1664553300
2022,S222,10,8908,8908,8928,0.99775986,20,8928,20,0.99775986,1,0,0,8908,0.99775986,1664553600,1667231700
2022,S222,11,8640,8640,8640,1.0,0,8640,0,1.0,1,0,0,8640,1.0,1667232000,1669823700
2022,S222,12,8904,8904,8928,0.99731183,24,8928,24,0.99731183,1,0,0,8904,0.99731183,1669824000,1672502100
2022,S223,1,8876,8876,8928,0.99417563,52,8928,52,0.99417563,1,0,0,8876,0.99417563,1640966400,1643644500
2022,S223,2,8016,8016,8064,0.99404762,48,8064,48,0.99404762,1,0,0,8016,0.99404762,1643644800,1646063700
2022,S223,3,8927,8927,8928,0.99988799,1,8928,1,0.99988799,1,0,0,8927,0.99988799,1646064000,1648742100
2022,S223,4,8638,8638,8640,0.99976852,2,8640,2,0.99976852,1,0,0,8638,0.99976852,1648742400,1651334100
2022,S223,5,8928,8928,8928,1.0,0,8928,0,1.0,1,0,0,8928,1.0,1651334400,1654012500
2022,S223,6,8628,8628,8640,0.99861111,12,8640,12,0.99861111,1,0,0,8628,0.99861111,1654012800,1656604500
2022,S223,7,8928,8928,8928,1.0,0,8928,0,1.0,1,0,0,8928,1.0,1656604800,1659282900
2022,S223,8,8925,8925,8928,0.99966398,3,8928,3,0.99966398,1,0,0,8925,0.99966398,1659283200,1661961300
2022,S223,9,8620,8620,8640,0.99768519,20,8640,20,0.99768519,1,0,0,8620,0.99768519,1661961600,1664553300
2022,S223,10,8908,8908,8928,0.99775986,20,8928,20,0.99775986,1,0,0,8908,0.99775986,1664553600,1667231700
2022,S223,11,8640,8640,8640,1.0,0,8640,0,1.0,1,0,0,8640,1.0,1667232000,1669823700
2022,S223,12,8902,8902,8928,0.99708781,26,8928,26,0.99708781,1,0,0,8902,0.99708781,1669824000,1672502100
2022,S224,1,8876,8876,8928,0.99417563,52,8928,52,0.99417563,1,0,0,8876,0.99417563,1640966400,1643644500
2022,S224,2,8016,8016,8064,0.99404762,48,8064,48,0.99404762,1,0,0,8016,0.99404762,1643644800,1646063700
2022,S224,3,8926,8926,8928,0.99977599,2,8928,2,0.99977599,1,0,0,8926,0.99977599,1646064000,1648742100
2022,S224,4,8639,8639,8640,0.99988426,1,8640,1,0.99988426,1,0,0,8639,0.99988426,1648742400,1651334100
2022,S224,5,8928,8928,8928,1.0,0,8928,0,1.0,1,0,0,8928,1.0,1651334400,1654012500
2022,S224,6,8638,8638,8640,0.99976852,2,8640,2,0.99976852,1,0,0,8638,0.99976852,1654012800,1656604500
2022,S224,7,8928,8928,8928,1.0,0,8928,0,1.0,1,0,0,8928,1.0,1656604800,1659282900
2022,S224,8,8925,8925,8928,0.99966398,3,8928,3,0.99966398,1,0,0,8925,0.99966398,1659283200,1661961300
2022,S224,9,8623,8623,8640,0.99803241,17,8640,17,0.99803241,1,0,0,8623,0.99803241,1661961600,1664553300
2022,S224,10,8908,8908,8928,0.99775986,20,8928,20,0.99775986,1,0,0,8908,0.99775986,1664553600,1667231700
2022,S224,11,8640,8640,8640,1.0,0,8640,0,1.0,1,0,0,8640,1.0,1667232000,1669823700
2022,S224,12,8904,8904,8928,0.99731183,24,8928,24,0.99731183,1,0,0,8904,0.99731183,1669824000,1672502100
2022,S226,1,8876,8876,8928,0.99417563,52,8928,52,0.99417563,1,0,0,8876,0.99417563,1640966400,1643644500
2022,S226,2,8016,8016,8064,0.99404762,48,8064,48,0.99404762,1,0,0,8016,0.99404762,1643644800,1646063700
2022,S226,3,8928,8928,8928,1.0,0,8928,0,1.0,1,0,0,8928,1.0,1646064000,1648742100
2022,S226,4,8638,8638,8640,0.99976852,2,8640,2,0.99976852,1,0,0,8638,0.99976852,1648742400,1651334100
2022,S226,5,8928,8928,8928,1.0,0,8928,0,1.0,1,0,0,8928,1.0,1651334400,1654012500
2022,S226,6,8638,8638,8640,0.99976852,2,8640,2,0.99976852,1,0,0,8638,0.99976852,1654012800,1656604500
2022,S226,7,8928,8928,8928,1.0,0,8928,0,1.0,1,0,0,8928,1.0,1656604800,1659282900
2022,S226,8,8925,8925,8928,0.99966398,3,8928,3,0.99966398,1,0,0,8925,0.99966398,1659283200,1661961300
2022,S226,9,8621,8621,8640,0.99780093,19,8640,19,0.99780093,1,0,0,8621,0.99780093,1661961600,1664553300
2022,S226,10,8908,8908,8928,0.99775986,20,8928,20,0.99775986,1,0,0,8908,0.99775986,1664553600,1667231700
2022,S226,11,8640,8640,8640,1.0,0,8640,0,1.0,1,0,0,8640,1.0,1667232000,1669823700
2022,S226,12,8904,8904,8928,0.99731183,24,8928,24,0.99731183,1,0,0,8904,0.99731183,1669824000,1672502100
2022,S227,1,8876,8876,8928,0.99417563,52,8928,52,0.99417563,1,0,0,8876,0.99417563,1640966400,1643644500
2022,S227,2,8016,8016,8064,0.99404762,48,8064,48,0.99404762,1,0,0,8016,0.99404762,1643644800,1646063700
2022,S227,3,8921,8921,8928,0.99921595,7,8928,7,0.99921595,1,0,0,8921,0.99921595,1646064000,1648742100
2022,S227,4,8638,8638,8640,0.99976852,2,8640,2,0.99976852,1,0,0,8638,0.99976852,1648742400,1651334100
2022,S227,5,8928,8928,8928,1.0,0,8928,0,1.0,1,0,0,8928,1.0,1651334400,1654012500
2022,S227,6,8639,8639,8640,0.99988426,1,8640,1,0.99988426,1,0,0,8639,0.99988426,1654012800,1656604500
2022,S227,7,8928,8928,8928,1.0,0,8928,0,1.0,1,0,0,8928,1.0,1656604800,1659282900
2022,S227,8,8925,8925,8928,0.99966398,3,8928,3,0.99966398,1,0,0,8925,0.99966398,1659283200,1661961300
2022,S227,9,8623,8623,8640,0.99803241,17,8640,17,0.99803241,1,0,0,8623,0.99803241,1661961600,1664553300
2022,S227,10,8908,8908,8928,0.99775986,20,8928,20,0.99775986,1,0,0,8908,0.99775986,1664553600,1667231700
2022,S227,11,8640,8640,8640,1.0,0,8640,0,1.0,1,0,0,8640,1.0,1667232000,1669823700
2022,S227,12,8904,8904,8928,0.99731183,24,8928,24,0.99731183,1,0,0,8904,0.99731183,1669824000,1672502100
2022,S228,1,8876,8876,8928,0.99417563,52,8928,52,0.99417563,1,0,0,8876,0.99417563,1640966400,1643644500
2022,S228,2,8016,8016,8064,0.99404762,48,8064,48,0.99404762,1,0,0,8016,0.99404762,1643644800,1646063700
2022,S228,3,8928,8928,8928,1.0,0,8928,0,1.0,1,0,0,8928,1.0,1646064000,1648742100
2022,S228,4,8639,8639,8640,0.99988426,1,8640,1,0.99988426,1,0,0,8639,0.99988426,1648742400,1651334100
2022,S228,5,8928,8928,8928,1.0,0,8928,0,1.0,1,0,0,8928,1.0,1651334400,1654012500
2022,S228,6,8639,8639,8640,0.99988426,1,8640,1,0.99988426,1,0,0,8639,0.99988426,1654012800,1656604500
2022,S228,7,8928,8928,8928,1.0,0,8928,0,1.0,1,0,0,8928,1.0,1656604800,1659282900
2022,S228,8,8925,8925,8928,0.99966398,3,8928,3,0.99966398,1,0,0,8925,0.99966398,1659283200,1661961300
2022,S228,9,8621,8621,8640,0.99780093,19,8640,19,0.99780093,1,0,0,8621,0.99780093,1661961600,1664553300
2022,S228,10,8908,8908,8928,0.99775986,20,8928,20,0.99775986,1,0,0,8908,0.99775986,1664553600,1667231700
2022,S228,11,8640,8640,8640,1.0,0,8640,0,1.0,1,0,0,8640,1.0,1667232000,1669823700
2022,S228,12,8904,8904,8928,0.99731183,24,8928,24,0.99731183,1,0,0,8904,0.99731183,1669824000,1672502100
2022,S229,1,8876,8876,8928,0.99417563,52,8928,52,0.99417563,1,0,0,8876,0.99417563,1640966400,1643644500
2022,S229,2,8016,8016,8064,0.99404762,48,8064,48,0.99404762,1,0,0,8016,0.99404762,1643644800,1646063700
2022,S229,3,8928,8928,8928,1.0,0,8928,0,1.0,1,0,0,8928,1.0,1646064000,1648742100
2022,S229,4,8639,8639,8640,0.99988426,1,8640,1,0.99988426,1,0,0,8639,0.99988426,1648742400,1651334100
2022,S229,5,8927,8927,8928,0.99988799,1,8928,1,0.99988799,1,0,0,8927,0.99988799,1651334400,1654012500
2022,S229,6,8639,8639,8640,0.99988426,1,8640,1,0.99988426,1,0,0,8639,0.99988426,1654012800,1656604500
2022,S229,7,8927,8927,8928,0.99988799,1,8928,1,0.99988799,1,0,0,8927,0.99988799,1656604800,1659282900
2022,S229,8,8925,8925,8928,0.99966398,3,8928,3,0.99966398,1,0,0,8925,0.99966398,1659283200,1661961300
2022,S229,9,8620,8620,8640,0.99768519,20,8640,20,0.99768519,1,0,0,8620,0.99768519,1661961600,1664553300
2022,S229,10,8908,8908,8928,0.99775986,20,8928,20,0.99775986,1,0,0,8908,0.99775986,1664553600,1667231700
2022,S229,11,8640,8640,8640,1.0,0,8640,0,1.0,1,0,0,8640,1.0,1667232000,1669823700
2022,S229,12,8904,8904,8928,0.99731183,24,8928,24,0.99731183,1,0,0,8904,0.99731183,1669824000,1672502100
2022,S230,1,8876,8876,8928,0.99417563,52,8928,52,0.99417563,1,0,0,8876,0.99417563,1640966400,1643644500
2022,S230,2,8016,8016,8064,0.99404762,48,8064,48,0.99404762,1,0,0,8016,0.99404762,1643644800,1646063700
2022,S230,3,8928,8928,8928,1.0,0,8928,0,1.0,1,0,0,8928,1.0,1646064000,1648742100
2022,S230,4,8638,8638,8640,0.99976852,2,8640,2,0.99976852,1,0,0,8638,0.99976852,1648742400,1651334100
2022,S230,5,8928,8928,8928,1.0,0,8928,0,1.0,1,0,0,8928,1.0,1651334400,1654012500
2022,S230,6,8639,8639,8640,0.99988426,1,8640,1,0.99988426,1,0,0,8639,0.99988426,1654012800,1656604500
2022,S230,7,8928,8928,8928,1.0,0,8928,0,1.0,1,0,0,8928,1.0,1656604800,1659282900
2022,S230,8,8925,8925,8928,0.99966398,3,8928,3,0.99966398,1,0,0,8925,0.99966398,1659283200,1661961300
2022,S230,9,8622,8622,8640,0.99791667,18,8640,18,0.99791667,1,0,0,8622,0.99791667,1661961600,1664553300
2022,S230,10,8908,8908,8928,0.99775986,20,8928,20,0.99775986,1,0,0,8908,0.99775986,1664553600,1667231700
2022,S230,11,8640,8640,8640,1.0,0,8640,0,1.0,1,0,0,8640,1.0,1667232000,1669823700
2022,S230,12,8904,8904,8928,0.99731183,24,8928,24,0.99731183,1,0,0,8904,0.99731183,1669824000,1672502100
2022,S24,1,8875,8875,8928,0.99406362,53,8928,53,0.99406362,1,0,0,8875,0.99406362,1640966400,1643644500
2022,S24,2,8011,8011,8064,0.99342758,53,8064,53,0.99342758,1,0,0,8011,0.99342758,1643644800,1646063700
2022,S24,3,8928,8928,8928,1.0,0,8928,0,1.0,1,0,0,8928,1.0,1646064000,1648742100
2022,S24,4,8576,8576,8640,0.99259259,64,8640,64,0.99259259,1,0,0,8576,0.99259259,1648742400,1651334100
2022,S24,5,8928,8928,8928,1.0,0,8928,0,1.0,1,0,0,8928,1.0,1651334400,1654012500
2022,S24,6,8608,8608,8640,0.9962963,32,8640,32,0.9962963,1,0,0,8608,0.9962963,1654012800,1656604500
2022,S24,7,8910,8910,8928,0.99798387,18,8928,18,0.99798387,1,0,0,8910,0.99798387,1656604800,1659282900
2022,S24,8,8925,8925,8928,0.99966398,3,8928,3,0.99966398,1,0,0,8925,0.99966398,1659283200,1661961300
2022,S24,9,8619,8619,8640,0.99756944,21,8640,21,0.99756944,1,0,0,8619,0.99756944,1661961600,1664553300
2022,S24,10,8925,8925,8928,0.99966398,3,8928,3,0.99966398,1,0,0,8925,0.99966398,1664553600,1667231700
2022,S24,11,8638,8638,8640,0.99976852,2,8640,2,0.99976852,1,0,0,8638,0.99976852,1667232000,1669823700
2022,S24,12,8899,8899,8928,0.99675179,29,8928,29,0.99675179,1,0,0,8899,0.99675179,1669824000,1672502100
2022,S33,1,8728,8728,8928,0.97759857,200,8928,200,0.97759857,1,0,0,8728,0.97759857,1640966400,1643644500
2022,S33,2,8016,8016,8064,0.99404762,48,8064,48,0.99404762,1,0,0,8016,0.99404762,1643644800,1646063700
2022,S33,3,8928,8928,8928,1.0,0,8928,0,1.0,1,0,0,8928,1.0,1646064000,1648742100
2022,S33,4,8629,8629,8640,0.99872685,11,8640,11,0.99872685,1,0,0,8629,0.99872685,1648742400,1651334100
2022,S33,5,8928,8928,8928,1.0,0,8928,0,1.0,1,0,0,8928,1.0,1651334400,1654012500
2022,S33,6,8639,8639,8640,0.99988426,1,8640,1,0.99988426,1,0,0,8639,0.99988426,1654012800,1656604500
2022,S33,7,8925,8925,8928,0.99966398,3,8928,3,0.99966398,1,0,0,8925,0.99966398,1656604800,1659282900
2022,S33,8,8789,8789,8928,0.984431,139,8928,139,0.984431,1,0,0,8789,0.984431,1659283200,1661961300
2022,S33,9,8386,8386,8640,0.97060185,254,8640,254,0.97060185,1,0,0,8386,0.97060185,1661961600,1664553300
2022,S33,10,7763,7763,8928,0.86951165,1165,8928,1165,0.86951165,1,0,0,7763,0.86951165,1664553600,1667231700
2022,S33,11,8639,8639,8640,0.99988426,1,8640,1,0.99988426,1,0,0,8639,0.99988426,1667232000,1669823700
2022,S33,12,8902,8902,8928,0.99708781,26,8928,26,0.99708781,1,0,0,8902,0.99708781,1669824000,1672502100
2022,S35,1,7323,7323,8928,0.82022849,1605,8487,1164,0.86284906,1,0,0,7323,0.82022849,1641098700,1643644500
2022,S35,2,5561,5561,8064,0.68960813,2503,8064,2503,0.68960813,1,0,0,5561,0.68960813,1643644800,1646063700
2022,S35,3,5435,5435,8928,0.60875896,3493,8919,3484,0.60937325,1,0,0,5435,0.60875896,1646064000,1648739400
2022,S35,4,8251,8251,8640,0.95497685,389,8544,293,0.96570693,1,0,0,8251,0.95497685,1648771200,1651334100
2022,S35,5,8919,8919,8928,0.99899194,9,8928,9,0.99899194,1,0,0,8919,0.99899194,1651334400,1654012500
2022,S35,6,8638,8638,8640,0.99976852,2,8640,2,0.99976852,1,0,0,8638,0.99976852,1654012800,1656604500
2022,S35,7,8925,8925,8928,0.99966398,3,8928,3,0.99966398,1,0,0,8925,0.99966398,1656604800,1659282900
2022,S35,8,8638,8638,8928,0.96751792,290,8928,290,0.96751792,1,0,0,8638,0.96751792,1659283200,1661961300
2022,S35,9,8614,8614,8640,0.99699074,26,8640,26,0.99699074,1,0,0,8614,0.99699074,1661961600,1664553300
2022,S35,10,8925,8925,8928,0.99966398,3,8928,3,0.99966398,1,0,0,8925,0.99966398,1664553600,1667231700
2022,S35,11,8638,8638,8640,0.99976852,2,8640,2,0.99976852,1,0,0,8638,0.99976852,1667232000,1669823700
2022,S35,12,8902,8902,8928,0.99708781,26,8928,26,0.99708781,1,0,0,8902,0.99708781,1669824000,1672502100
2022,S36,1,1140,1140,8928,0.12768817,7788,8088,6948,0.14094955,1,0,0,1140,0.12768817,1641193500,1643619600
2022,S36,2,1992,1992,8064,0.24702381,6072,7949,5957,0.25059756,1,0,0,1992,0.24702381,1643679300,1646063700
2022,S36,3,6040,6040,8928,0.6765233,2888,8889,2849,0.67949151,1,0,0,6040,0.6765233,1646064000,1648730400
2022,S36,4,3641,3641,8640,0.42141204,4999,8463,4822,0.43022569,1,0,0,3641,0.42141204,1648778700,1651317300
2022,S36,5,2760,2760,8928,0.30913978,6168,8765,6005,0.31488876,1,0,0,2760,0.30913978,1651371000,1654000200
2022,S36,6,3657,3657,8640,0.42326389,4983,8482,4825,0.43114831,1,0,0,3657,0.42326389,1654047300,1656591600
2022,S36,7,5068,5068,8928,0.56765233,3860,8688,3620,0.58333333,1,0,0,5068,0.56765233,1656658200,1659264300
2022,S36,8,2238,2238,8928,0.25067204,6690,8820,6582,0.2537415,1,0,0,2238,0.25067204,1659312000,1661957700
2022,S36,9,3633,3633,8640,0.42048611,5007,8540,4907,0.42540984,1,0,0,3633,0.42048611,1661991600,1664553300
2022,S36,10,4375,4375,8928,0.49003136,4553,8928,4553,0.49003136,1,0,0,4375,0.49003136,1664553600,1667231700
2022,S36,11,2602,2602,8640,0.30115741,6038,8540,5938,0.30468384,1,0,0,2602,0.30115741,1667232000,1669793700
2022,S36,12,2459,2459,8928,0.27542563,6469,8776,6317,0.28019599,1,0,0,2459,0.27542563,1669857900,1672490400
2022,S40,1,8876,8876,8928,0.99417563,52,8928,52,0.99417563,1,0,0,8876,0.99417563,1640966400,1643644500
2022,S40,2,8005,8005,8064,0.99268353,59,8064,59,0.99268353,1,0,0,8005,0.99268353,1643644800,1646063700
2022,S40,3,8766,8766,8928,0.98185484,162,8928,162,0.98185484,1,0,0,8766,0.98185484,1646064000,1648742100
2022,S40,4,8637,8637,8640,0.99965278,3,8640,3,0.99965278,1,0,0,8637,0.99965278,1648742400,1651334100
2022,S40,5,8799,8799,8928,0.98555108,129,8928,129,0.98555108,1,0,0,8799,0.98555108,1651334400,1654012500
2022,S40,6,8639,8639,8640,0.99988426,1,8640,1,0.99988426,1,0,0,8639,0.99988426,1654012800,1656604500
2022,S40,7,8922,8922,8928,0.99932796,6,8928,6,0.99932796,1,0,0,8922,0.99932796,1656604800,1659282900
2022,S40,8,8898,8898,8928,0.99663978,30,8928,30,0.99663978,1,0,0,8898,0.99663978,1659283200,1661961300
2022,S40,9,8605,8605,8640,0.99594907,35,8640,35,0.99594907,1,0,0,8605,0.99594907,1661961600,1664553300
2022,S40,10,8915,8915,8928,0.99854391,13,8928,13,0.99854391,1,0,0,8915,0.99854391,1664553600,1667231700
2022,S40,11,8624,8624,8640,0.99814815,16,8640,16,0.99814815,1,0,0,8624,0.99814815,1667232000,1669823700
2022,S40,12,8540,8540,8928,0.95654122,388,8928,388,0.95654122,1,0,0,8540,0.95654122,1669824000,1672502100
2022,S43,1,8876,8876,8928,0.99417563,52,8928,52,0.99417563,1,0,0,8876,0.99417563,1640966400,1643644500
2022,S43,2,7795,7795,8064,0.96664187,269,8064,269,0.96664187,1,0,0,7795,0.96664187,1643644800,1646063700
2022,S43,3,8846,8846,8928,0.99081541,82,8928,82,0.99081541,1,0,0,8846,0.99081541,1646064000,1648742100
2022,S43,4,8640,8640,8640,1.0,0,8640,0,1.0,1,0,0,8640,1.0,1648742400,1651334100
2022,S43,5,8631,8631,8928,0.96673387,297,8928,297,0.96673387,1,0,0,8631,0.96673387,1651334400,1654012500
2022,S43,6,8630,8630,8640,0.99884259,10,8640,10,0.99884259,1,0,0,8630,0.99884259,1654012800,1656604500
2022,S43,7,8920,8920,8928,0.99910394,8,8928,8,0.99910394,1,0,0,8920,0.99910394,1656604800,1659282900
2022,S43,8,8827,8827,8928,0.98868728,101,8928,101,0.98868728,1,0,0,8827,0.98868728,1659283200,1661961300
2022,S43,9,8620,8620,8640,0.99768519,20,8640,20,0.99768519,1,0,0,8620,0.99768519,1661961600,1664553300
2022,S43,10,8923,8923,8928,0.99943996,5,8928,5,0.99943996,1,0,0,8923,0.99943996,1664553600,1667231700
2022,S43,11,8636,8636,8640,0.99953704,4,8640,4,0.99953704,1,0,0,8636,0.99953704,1667232000,1669823700
2022,S43,12,8901,8901,8928,0.99697581,27,8928,27,0.99697581,1,0,0,8901,0.99697581,1669824000,1672502100
2022,S44,1,8876,8876,8928,0.99417563,52,8928,52,0.99417563,1,0,0,8876,0.99417563,1640966400,1643644500
2022,S44,2,8016,8016,8064,0.99404762,48,8064,48,0.99404762,1,0,0,8016,0.99404762,1643644800,1646063700
2022,S44,3,8928,8928,8928,1.0,0,8928,0,1.0,1,0,0,8928,1.0,1646064000,1648742100
2022,S44,4,8637,8637,8640,0.99965278,3,8640,3,0.99965278,1,0,0,8637,0.99965278,1648742400,1651334100
2022,S44,5,8924,8924,8928,0.99955197,4,8928,4,0.99955197,1,0,0,8924,0.99955197,1651334400,1654012500
2022,S44,6,8639,8639,8640,0.99988426,1,8640,1,0.99988426,1,0,0,8639,0.99988426,1654012800,1656604500
2022,S44,7,8653,8653,8928,0.96919803,275,8928,275,0.96919803,1,0,0,8653,0.96919803,1656604800,1659282900
2022,S44,8,8923,8923,8928,0.99943996,5,8928,5,0.99943996,1,0,0,8923,0.99943996,1659283200,1661961300
2022,S44,9,8620,8620,8640,0.99768519,20,8640,20,0.99768519,1,0,0,8620,0.99768519,1661961600,1664553300
2022,S44,10,8925,8925,8928,0.99966398,3,8928,3,0.99966398,1,0,0,8925,0.99966398,1664553600,1667231700
2022,S44,11,8639,8639,8640,0.99988426,1,8640,1,0.99988426,1,0,0,8639,0.99988426,1667232000,1669823700
2022,S44,12,8902,8902,8928,0.99708781,26,8928,26,0.99708781,1,0,0,8902,0.99708781,1669824000,1672502100
2022,S50,1,8875,8875,8928,0.99406362,53,8928,53,0.99406362,1,0,0,8875,0.99406362,1640966400,1643644500
2022,S50,2,8016,8016,8064,0.99404762,48,8064,48,0.99404762,1,0,0,8016,0.99404762,1643644800,1646063700
2022,S50,3,8928,8928,8928,1.0,0,8928,0,1.0,1,0,0,8928,1.0,1646064000,1648742100
2022,S50,4,8640,8640,8640,1.0,0,8640,0,1.0,1,0,0,8640,1.0,1648742400,1651334100
2022,S50,5,8925,8925,8928,0.99966398,3,8928,3,0.99966398,1,0,0,8925,0.99966398,1651334400,1654012500
2022,S50,6,8460,8460,8640,0.97916667,180,8640,180,0.97916667,1,0,0,8460,0.97916667,1654012800,1656604500
2022,S50,7,8925,8925,8928,0.99966398,3,8928,3,0.99966398,1,0,0,8925,0.99966398,1656604800,1659282900
2022,S50,8,8866,8866,8928,0.99305556,62,8928,62,0.99305556,1,0,0,8866,0.99305556,1659283200,1661961300
2022,S50,9,8617,8617,8640,0.99733796,23,8640,23,0.99733796,1,0,0,8617,0.99733796,1661961600,1664553300
2022,S50,10,8923,8923,8928,0.99943996,5,8928,5,0.99943996,1,0,0,8923,0.99943996,1664553600,1667231700
2022,S50,11,8638,8638,8640,0.99976852,2,8640,2,0.99976852,1,0,0,8638,0.99976852,1667232000,1669823700
2022,S50,12,8902,8902,8928,0.99708781,26,8928,26,0.99708781,1,0,0,8902,0.99708781,1669824000,1672502100
2022,S60,1,0,0,8928,0.0,8928,0,0,,0,0,0,0,0.0,,
2022,S60,2,0,0,8064,0.0,8064,0,0,,0,0,0,0,0.0,,
2022,S60,3,0,0,8928,0.0,8928,0,0,,0,0,0,0,0.0,,
2022,S60,4,0,0,8640,0.0,8640,0,0,,0,0,0,0,0.0,,
2022,S60,5,0,0,8928,0.0,8928,0,0,,0,0,0,0,0.0,,
2022,S60,6,0,0,8640,0.0,8640,0,0,,0,0,0,0,0.0,,
2022,S60,7,0,0,8928,0.0,8928,0,0,,0,0,0,0,0.0,,
2022,S60,8,401,401,8928,0.04491487,8527,401,0,1.0,1,0,0,401,0.04491487,1661841300,1661961300
2022,S60,9,8310,8310,8640,0.96180556,330,8640,330,0.96180556,1,0,0,8310,0.96180556,1661961600,1664553300
2022,S60,10,8925,8925,8928,0.99966398,3,8928,3,0.99966398,1,0,0,8925,0.99966398,1664553600,1667231700
2022,S60,11,7955,7955,8640,0.92071759,685,8640,685,0.92071759,1,0,0,7955,0.92071759,1667232000,1669823700
2022,S60,12,8902,8902,8928,0.99708781,26,8928,26,0.99708781,1,0,0,8902,0.99708781,1669824000,1672502100
2022,S61,1,0,0,8928,0.0,8928,0,0,,0,0,0,0,0.0,,
2022,S61,2,0,0,8064,0.0,8064,0,0,,0,0,0,0,0.0,,
2022,S61,3,0,0,8928,0.0,8928,0,0,,0,0,0,0,0.0,,
2022,S61,4,0,0,8640,0.0,8640,0,0,,0,0,0,0,0.0,,
2022,S61,5,0,0,8928,0.0,8928,0,0,,0,0,0,0,0.0,,
2022,S61,6,0,0,8640,0.0,8640,0,0,,0,0,0,0,0.0,,
2022,S61,7,0,0,8928,0.0,8928,0,0,,0,0,0,0,0.0,,
2022,S61,8,401,401,8928,0.04491487,8527,401,0,1.0,1,0,0,401,0.04491487,1661841300,1661961300
2022,S61,9,8617,8617,8640,0.99733796,23,8640,23,0.99733796,1,0,0,8617,0.99733796,1661961600,1664553300
2022,S61,10,7243,7243,8928,0.81126792,1685,8928,1685,0.81126792,1,0,0,7243,0.81126792,1664553600,1667231700
2022,S61,11,8639,8639,8640,0.99988426,1,8640,1,0.99988426,1,0,0,8639,0.99988426,1667232000,1669823700
2022,S61,12,8902,8902,8928,0.99708781,26,8928,26,0.99708781,1,0,0,8902,0.99708781,1669824000,1672502100
2022,S64,1,0,0,8928,0.0,8928,0,0,,0,0,0,0,0.0,,
2022,S64,2,0,0,8064,0.0,8064,0,0,,0,0,0,0,0.0,,
2022,S64,3,0,0,8928,0.0,8928,0,0,,0,0,0,0,0.0,,
2022,S64,4,0,0,8640,0.0,8640,0,0,,0,0,0,0,0.0,,
2022,S64,5,0,0,8928,0.0,8928,0,0,,0,0,0,0,0.0,,
2022,S64,6,0,0,8640,0.0,8640,0,0,,0,0,0,0,0.0,,
2022,S64,7,0,0,8928,0.0,8928,0,0,,0,0,0,0,0.0,,
2022,S64,8,401,401,8928,0.04491487,8527,401,0,1.0,1,0,0,401,0.04491487,1661841300,1661961300
2022,S64,9,8619,8619,8640,0.99756944,21,8640,21,0.99756944,1,0,0,8619,0.99756944,1661961600,1664553300
2022,S64,10,8925,8925,8928,0.99966398,3,8928,3,0.99966398,1,0,0,8925,0.99966398,1664553600,1667231700
2022,S64,11,8638,8638,8640,0.99976852,2,8640,2,0.99976852,1,0,0,8638,0.99976852,1667232000,1669823700
2022,S64,12,8902,8902,8928,0.99708781,26,8928,26,0.99708781,1,0,0,8902,0.99708781,1669824000,1672502100
2022,S66,1,8236,8236,8928,0.92249104,692,8928,692,0.92249104,1,0,0,8236,0.92249104,1640966400,1643644500
2022,S66,2,7587,7587,8064,0.94084821,477,8064,477,0.94084821,1,0,0,7587,0.94084821,1643644800,1646063700
2022,S66,3,8920,8920,8928,0.99910394,8,8928,8,0.99910394,1,0,0,8920,0.99910394,1646064000,1648742100
2022,S66,4,8639,8639,8640,0.99988426,1,8640,1,0.99988426,1,0,0,8639,0.99988426,1648742400,1651334100
2022,S66,5,8924,8924,8928,0.99955197,4,8928,4,0.99955197,1,0,0,8924,0.99955197,1651334400,1654012500
2022,S66,6,8634,8634,8640,0.99930556,6,8640,6,0.99930556,1,0,0,8634,0.99930556,1654012800,1656604500
2022,S66,7,8924,8924,8928,0.99955197,4,8928,4,0.99955197,1,0,0,8924,0.99955197,1656604800,1659282900
2022,S66,8,8924,8924,8928,0.99955197,4,8928,4,0.99955197,1,0,0,8924,0.99955197,1659283200,1661961300
2022,S66,9,8620,8620,8640,0.99768519,20,8640,20,0.99768519,1,0,0,8620,0.99768519,1661961600,1664553300
2022,S66,10,8923,8923,8928,0.99943996,5,8928,5,0.99943996,1,0,0,8923,0.99943996,1664553600,1667231700
2022,S66,11,8635,8635,8640,0.9994213,5,8640,5,0.9994213,1,0,0,8635,0.9994213,1667232000,1669823700
2022,S66,12,8902,8902,8928,0.99708781,26,8928,26,0.99708781,1,0,0,8902,0.99708781,1669824000,1672502100
2022,S69,1,8543,8543,8928,0.95687724,385,8805,262,0.97024418,1,0,0,8543,0.95687724,1641003300,1643644500
2022,S69,2,7982,7982,8064,0.98983135,82,8064,82,0.98983135,1,0,0,7982,0.98983135,1643644800,1646063700
2022,S69,3,8927,8927,8928,0.99988799,1,8928,1,0.99988799,1,0,0,8927,0.99988799,1646064000,1648742100
2022,S69,4,8448,8448,8640,0.97777778,192,8640,192,0.97777778,1,0,0,8448,0.97777778,1648742400,1651334100
2022,S69,5,8926,8926,8928,0.99977599,2,8928,2,0.99977599,1,0,0,8926,0.99977599,1651334400,1654012500
2022,S69,6,8574,8574,8640,0.99236111,66,8640,66,0.99236111,1,0,0,8574,0.99236111,1654012800,1656604500
2022,S69,7,8925,8925,8928,0.99966398,3,8928,3,0.99966398,1,0,0,8925,0.99966398,1656604800,1659282900
2022,S69,8,8924,8924,8928,0.99955197,4,8928,4,0.99955197,1,0,0,8924,0.99955197,1659283200,1661961300
2022,S69,9,8618,8618,8640,0.9974537,22,8640,22,0.9974537,1,0,0,8618,0.9974537,1661961600,1664553300
2022,S69,10,8926,8926,8928,0.99977599,2,8928,2,0.99977599,1,0,0,8926,0.99977599,1664553600,1667231700
2022,S69,11,8638,8638,8640,0.99976852,2,8640,2,0.99976852,1,0,0,8638,0.99976852,1667232000,1669823700
2022,S69,12,8902,8902,8928,0.99708781,26,8928,26,0.99708781,1,0,0,8902,0.99708781,1669824000,1672502100
2022,S71,1,8876,8876,8928,0.99417563,52,8928,52,0.99417563,1,0,0,8876,0.99417563,1640966400,1643644500
2022,S71,2,8015,8015,8064,0.99392361,49,8064,49,0.99392361,1,0,0,8015,0.99392361,1643644800,1646063700
2022,S71,3,8911,8911,8928,0.99809588,17,8928,17,0.99809588,1,0,0,8911,0.99809588,1646064000,1648742100
2022,S71,4,8555,8555,8640,0.99016204,85,8640,85,0.99016204,1,0,0,8555,0.99016204,1648742400,1651334100
2022,S71,5,8868,8868,8928,0.99327957,60,8928,60,0.99327957,1,0,0,8868,0.99327957,1651334400,1654012500
2022,S71,6,8560,8560,8640,0.99074074,80,8640,80,0.99074074,1,0,0,8560,0.99074074,1654012800,1656604500
2022,S71,7,8924,8924,8928,0.99955197,4,8928,4,0.99955197,1,0,0,8924,0.99955197,1656604800,1659282900
2022,S71,8,8924,8924,8928,0.99955197,4,8928,4,0.99955197,1,0,0,8924,0.99955197,1659283200,1661961300
2022,S71,9,8616,8616,8640,0.99722222,24,8640,24,0.99722222,1,0,0,8616,0.99722222,1661961600,1664553300
2022,S71,10,8925,8925,8928,0.99966398,3,8928,3,0.99966398,1,0,0,8925,0.99966398,1664553600,1667231700
2022,S71,11,8635,8635,8640,0.9994213,5,8640,5,0.9994213,1,0,0,8635,0.9994213,1667232000,1669823700
2022,S71,12,8901,8901,8928,0.99697581,27,8928,27,0.99697581,1,0,0,8901,0.99697581,1669824000,1672502100
2022,S77,1,8868,8868,8928,0.99327957,60,8928,60,0.99327957,1,0,0,8868,0.99327957,1640966400,1643644500
2022,S77,2,8004,8004,8064,0.99255952,60,8064,60,0.99255952,1,0,0,8004,0.99255952,1643644800,1646063700
2022,S77,3,8921,8921,8928,0.99921595,7,8928,7,0.99921595,1,0,0,8921,0.99921595,1646064000,1648742100
2022,S77,4,8640,8640,8640,1.0,0,8640,0,1.0,1,0,0,8640,1.0,1648742400,1651334100
2022,S77,5,8927,8927,8928,0.99988799,1,8928,1,0.99988799,1,0,0,8927,0.99988799,1651334400,1654012500
2022,S77,6,8639,8639,8640,0.99988426,1,8640,1,0.99988426,1,0,0,8639,0.99988426,1654012800,1656604500
2022,S77,7,8928,8928,8928,1.0,0,8928,0,1.0,1,0,0,8928,1.0,1656604800,1659282900
2022,S77,8,8924,8924,8928,0.99955197,4,8928,4,0.99955197,1,0,0,8924,0.99955197,1659283200,1661961300
2022,S77,9,8620,8620,8640,0.99768519,20,8640,20,0.99768519,1,0,0,8620,0.99768519,1661961600,1664553300
2022,S77,10,8924,8924,8928,0.99955197,4,8928,4,0.99955197,1,0,0,8924,0.99955197,1664553600,1667231700
2022,S77,11,8638,8638,8640,0.99976852,2,8640,2,0.99976852,1,0,0,8638,0.99976852,1667232000,1669823700
2022,S77,12,8902,8902,8928,0.99708781,26,8928,26,0.99708781,1,0,0,8902,0.99708781,1669824000,1672502100
2022,S78,1,8876,8876,8928,0.99417563,52,8928,52,0.99417563,1,0,0,8876,0.99417563,1640966400,1643644500
2022,S78,2,8012,8012,8064,0.99355159,52,8064,52,0.99355159,1,0,0,8012,0.99355159,1643644800,1646063700
2022,S78,3,8923,8923,8928,0.99943996,5,8928,5,0.99943996,1,0,0,8923,0.99943996,1646064000,1648742100
2022,S78,4,8637,8637,8640,0.99965278,3,8640,3,0.99965278,1,0,0,8637,0.99965278,1648742400,1651334100
2022,S78,5,8924,8924,8928,0.99955197,4,8928,4,0.99955197,1,0,0,8924,0.99955197,1651334400,1654012500
2022,S78,6,8637,8637,8640,0.99965278,3,8640,3,0.99965278,1,0,0,8637,0.99965278,1654012800,1656604500
2022,S78,7,8924,8924,8928,0.99955197,4,8928,4,0.99955197,1,0,0,8924,0.99955197,1656604800,1659282900
2022,S78,8,8923,8923,8928,0.99943996,5,8928,5,0.99943996,1,0,0,8923,0.99943996,1659283200,1661961300
2022,S78,9,8618,8618,8640,0.9974537,22,8640,22,0.9974537,1,0,0,8618,0.9974537,1661961600,1664553300
2022,S78,10,8925,8925,8928,0.99966398,3,8928,3,0.99966398,1,0,0,8925,0.99966398,1664553600,1667231700
2022,S78,11,8638,8638,8640,0.99976852,2,8640,2,0.99976852,1,0,0,8638,0.99976852,1667232000,1669823700
2022,S78,12,8901,8901,8928,0.99697581,27,8928,27,0.99697581,1,0,0,8901,0.99697581,1669824000,1672502100
2022,S79,1,8730,8730,8928,0.97782258,198,8928,198,0.97782258,1,0,0,8730,0.97782258,1640966400,1643644500
2022,S79,2,7937,7937,8064,0.98425099,127,8064,127,0.98425099,1,0,0,7937,0.98425099,1643644800,1646063700
2022,S79,3,8314,8314,8928,0.9312276,614,8928,614,0.9312276,1,0,0,8314,0.9312276,1646064000,1648742100
2022,S79,4,8637,8637,8640,0.99965278,3,8640,3,0.99965278,1,0,0,8637,0.99965278,1648742400,1651334100
2022,S79,5,8923,8923,8928,0.99943996,5,8928,5,0.99943996,1,0,0,8923,0.99943996,1651334400,1654012500
2022,S79,6,8638,8638,8640,0.99976852,2,8640,2,0.99976852,1,0,0,8638,0.99976852,1654012800,1656604500
2022,S79,7,8921,8921,8928,0.99921595,7,8928,7,0.99921595,1,0,0,8921,0.99921595,1656604800,1659282900
2022,S79,8,8923,8923,8928,0.99943996,5,8928,5,0.99943996,1,0,0,8923,0.99943996,1659283200,1661961300
2022,S79,9,8619,8619,8640,0.99756944,21,8640,21,0.99756944,1,0,0,8619,0.99756944,1661961600,1664553300
2022,S79,10,8925,8925,8928,0.99966398,3,8928,3,0.99966398,1,0,0,8925,0.99966398,1664553600,1667231700
2022,S79,11,8628,8628,8640,0.99861111,12,8640,12,0.99861111,1,0,0,8628,0.99861111,1667232000,1669823700
2022,S79,12,8899,8899,8928,0.99675179,29,8928,29,0.99675179,1,0,0,8899,0.99675179,1669824000,1672502100
2022,S81,1,8876,8876,8928,0.99417563,52,8928,52,0.99417563,1,0,0,8876,0.99417563,1640966400,1643644500
2022,S81,2,8016,8016,8064,0.99404762,48,8064,48,0.99404762,1,0,0,8016,0.99404762,1643644800,1646063700
2022,S81,3,8928,8928,8928,1.0,0,8928,0,1.0,1,0,0,8928,1.0,1646064000,1648742100
2022,S81,4,8639,8639,8640,0.99988426,1,8640,1,0.99988426,1,0,0,8639,0.99988426,1648742400,1651334100
2022,S81,5,8923,8923,8928,0.99943996,5,8928,5,0.99943996,1,0,0,8923,0.99943996,1651334400,1654012500
2022,S81,6,8638,8638,8640,0.99976852,2,8640,2,0.99976852,1,0,0,8638,0.99976852,1654012800,1656604500
2022,S81,7,8928,8928,8928,1.0,0,8928,0,1.0,1,0,0,8928,1.0,1656604800,1659282900
2022,S81,8,8925,8925,8928,0.99966398,3,8928,3,0.99966398,1,0,0,8925,0.99966398,1659283200,1661961300
2022,S81,9,8619,8619,8640,0.99756944,21,8640,21,0.99756944,1,0,0,8619,0.99756944,1661961600,1664553300
2022,S81,10,8926,8926,8928,0.99977599,2,8928,2,0.99977599,1,0,0,8926,0.99977599,1664553600,1667231700
2022,S81,11,8639,8639,8640,0.99988426,1,8640,1,0.99988426,1,0,0,8639,0.99988426,1667232000,1669823700
2022,S81,12,8902,8902,8928,0.99708781,26,8928,26,0.99708781,1,0,0,8902,0.99708781,1669824000,1672502100
2022,S82,1,8875,8875,8928,0.99406362,53,8928,53,0.99406362,1,0,0,8875,0.99406362,1640966400,1643644500
2022,S82,2,8016,8016,8064,0.99404762,48,8064,48,0.99404762,1,0,0,8016,0.99404762,1643644800,1646063700
2022,S82,3,8928,8928,8928,1.0,0,8928,0,1.0,1,0,0,8928,1.0,1646064000,1648742100
2022,S82,4,8638,8638,8640,0.99976852,2,8640,2,0.99976852,1,0,0,8638,0.99976852,1648742400,1651334100
2022,S82,5,8859,8859,8928,0.99227151,69,8928,69,0.99227151,1,0,0,8859,0.99227151,1651334400,1654012500
2022,S82,6,8640,8640,8640,1.0,0,8640,0,1.0,1,0,0,8640,1.0,1654012800,1656604500
2022,S82,7,8927,8927,8928,0.99988799,1,8928,1,0.99988799,1,0,0,8927,0.99988799,1656604800,1659282900
2022,S82,8,8924,8924,8928,0.99955197,4,8928,4,0.99955197,1,0,0,8924,0.99955197,1659283200,1661961300
2022,S82,9,8615,8615,8640,0.99710648,25,8640,25,0.99710648,1,0,0,8615,0.99710648,1661961600,1664553300
2022,S82,10,8926,8926,8928,0.99977599,2,8928,2,0.99977599,1,0,0,8926,0.99977599,1664553600,1667231700
2022,S82,11,5887,5887,8640,0.68136574,2753,5890,3,0.99949066,1,0,0,5887,0.68136574,1667232000,1668998700
2022,S82,12,0,0,8928,0.0,8928,0,0,,0,0,0,0,0.0,,
2022,S84,1,8876,8876,8928,0.99417563,52,8928,52,0.99417563,1,0,0,8876,0.99417563,1640966400,1643644500
2022,S84,2,8015,8015,8064,0.99392361,49,8064,49,0.99392361,1,0,0,8015,0.99392361,1643644800,1646063700
2022,S84,3,8928,8928,8928,1.0,0,8928,0,1.0,1,0,0,8928,1.0,1646064000,1648742100
2022,S84,4,7972,7972,8640,0.92268519,668,8640,668,0.92268519,1,0,0,7972,0.92268519,1648742400,1651334100
2022,S84,5,8928,8928,8928,1.0,0,8928,0,1.0,1,0,0,8928,1.0,1651334400,1654012500
2022,S84,6,8640,8640,8640,1.0,0,8640,0,1.0,1,0,0,8640,1.0,1654012800,1656604500
2022,S84,7,8925,8925,8928,0.99966398,3,8928,3,0.99966398,1,0,0,8925,0.99966398,1656604800,1659282900
2022,S84,8,8924,8924,8928,0.99955197,4,8928,4,0.99955197,1,0,0,8924,0.99955197,1659283200,1661961300
2022,S84,9,8618,8618,8640,0.9974537,22,8640,22,0.9974537,1,0,0,8618,0.9974537,1661961600,1664553300
2022,S84,10,8925,8925,8928,0.99966398,3,8928,3,0.99966398,1,0,0,8925,0.99966398,1664553600,1667231700
2022,S84,11,8638,8638,8640,0.99976852,2,8640,2,0.99976852,1,0,0,8638,0.99976852,1667232000,1669823700
2022,S84,12,8902,8902,8928,0.99708781,26,8928,26,0.99708781,1,0,0,8902,0.99708781,1669824000,1672502100
2022,S88,1,8872,8872,8928,0.9937276,56,8928,56,0.9937276,1,0,0,8872,0.9937276,1640966400,1643644500
2022,S88,2,8016,8016,8064,0.99404762,48,8064,48,0.99404762,1,0,0,8016,0.99404762,1643644800,1646063700
2022,S88,3,8924,8924,8928,0.99955197,4,8928,4,0.99955197,1,0,0,8924,0.99955197,1646064000,1648742100
2022,S88,4,8636,8636,8640,0.99953704,4,8640,4,0.99953704,1,0,0,8636,0.99953704,1648742400,1651334100
2022,S88,5,8925,8925,8928,0.99966398,3,8928,3,0.99966398,1,0,0,8925,0.99966398,1651334400,1654012500
2022,S88,6,8598,8598,8640,0.99513889,42,8640,42,0.99513889,1,0,0,8598,0.99513889,1654012800,1656604500
2022,S88,7,8923,8923,8928,0.99943996,5,8928,5,0.99943996,1,0,0,8923,0.99943996,1656604800,1659282900
2022,S88,8,8920,8920,8928,0.99910394,8,8928,8,0.99910394,1,0,0,8920,0.99910394,1659283200,1661961300
2022,S88,9,8622,8622,8640,0.99791667,18,8640,18,0.99791667,1,0,0,8622,0.99791667,1661961600,1664553300
2022,S88,10,8926,8926,8928,0.99977599,2,8928,2,0.99977599,1,0,0,8926,0.99977599,1664553600,1667231700
2022,S88,11,8639,8639,8640,0.99988426,1,8640,1,0.99988426,1,0,0,8639,0.99988426,1667232000,1669823700
2022,S88,12,8902,8902,8928,0.99708781,26,8928,26,0.99708781,1,0,0,8902,0.99708781,1669824000,1672502100
2022,S89,1,8876,8876,8928,0.99417563,52,8928,52,0.99417563,1,0,0,8876,0.99417563,1640966400,1643644500
2022,S89,2,8015,8015,8064,0.99392361,49,8064,49,0.99392361,1,0,0,8015,0.99392361,1643644800,1646063700
2022,S89,3,8928,8928,8928,1.0,0,8928,0,1.0,1,0,0,8928,1.0,1646064000,1648742100
2022,S89,4,8640,8640,8640,1.0,0,8640,0,1.0,1,0,0,8640,1.0,1648742400,1651334100
2022,S89,5,8904,8904,8928,0.99731183,24,8928,24,0.99731183,1,0,0,8904,0.99731183,1651334400,1654012500
2022,S89,6,8640,8640,8640,1.0,0,8640,0,1.0,1,0,0,8640,1.0,1654012800,1656604500
2022,S89,7,8925,8925,8928,0.99966398,3,8928,3,0.99966398,1,0,0,8925,0.99966398,1656604800,1659282900
2022,S89,8,8924,8924,8928,0.99955197,4,8928,4,0.99955197,1,0,0,8924,0.99955197,1659283200,1661961300
2022,S89,9,8621,8621,8640,0.99780093,19,8640,19,0.99780093,1,0,0,8621,0.99780093,1661961600,1664553300
2022,S89,10,8926,8926,8928,0.99977599,2,8928,2,0.99977599,1,0,0,8926,0.99977599,1664553600,1667231700
2022,S89,11,8636,8636,8640,0.99953704,4,8640,4,0.99953704,1,0,0,8636,0.99953704,1667232000,1669823700
2022,S89,12,8902,8902,8928,0.99708781,26,8928,26,0.99708781,1,0,0,8902,0.99708781,1669824000,1672502100
2022,S90,1,8876,8876,8928,0.99417563,52,8928,52,0.99417563,1,0,0,8876,0.99417563,1640966400,1643644500
2022,S90,2,8016,8016,8064,0.99404762,48,8064,48,0.99404762,1,0,0,8016,0.99404762,1643644800,1646063700
2022,S90,3,8928,8928,8928,1.0,0,8928,0,1.0,1,0,0,8928,1.0,1646064000,1648742100
2022,S90,4,8640,8640,8640,1.0,0,8640,0,1.0,1,0,0,8640,1.0,1648742400,1651334100
2022,S90,5,8928,8928,8928,1.0,0,8928,0,1.0,1,0,0,8928,1.0,1651334400,1654012500
2022,S90,6,8636,8636,8640,0.99953704,4,8640,4,0.99953704,1,0,0,8636,0.99953704,1654012800,1656604500
2022,S90,7,8892,8892,8928,0.99596774,36,8928,36,0.99596774,1,0,0,8892,0.99596774,1656604800,1659282900
2022,S90,8,8925,8925,8928,0.99966398,3,8928,3,0.99966398,1,0,0,8925,0.99966398,1659283200,1661961300
2022,S90,9,8620,8620,8640,0.99768519,20,8640,20,0.99768519,1,0,0,8620,0.99768519,1661961600,1664553300
2022,S90,10,8925,8925,8928,0.99966398,3,8928,3,0.99966398,1,0,0,8925,0.99966398,1664553600,1667231700
2022,S90,11,8639,8639,8640,0.99988426,1,8640,1,0.99988426,1,0,0,8639,0.99988426,1667232000,1669823700
2022,S90,12,8832,8832,8928,0.98924731,96,8928,96,0.98924731,1,0,0,8832,0.98924731,1669824000,1672502100
2022,S900,1,8876,8876,8928,0.99417563,52,8928,52,0.99417563,1,0,0,8876,0.99417563,1640966400,1643644500
2022,S900,2,8015,8015,8064,0.99392361,49,8064,49,0.99392361,1,0,0,8015,0.99392361,1643644800,1646063700
2022,S900,3,8928,8928,8928,1.0,0,8928,0,1.0,1,0,0,8928,1.0,1646064000,1648742100
2022,S900,4,8640,8640,8640,1.0,0,8640,0,1.0,1,0,0,8640,1.0,1648742400,1651334100
2022,S900,5,8927,8927,8928,0.99988799,1,8928,1,0.99988799,1,0,0,8927,0.99988799,1651334400,1654012500
2022,S900,6,8639,8639,8640,0.99988426,1,8640,1,0.99988426,1,0,0,8639,0.99988426,1654012800,1656604500
2022,S900,7,8923,8923,8928,0.99943996,5,8928,5,0.99943996,1,0,0,8923,0.99943996,1656604800,1659282900
2022,S900,8,8915,8915,8928,0.99854391,13,8928,13,0.99854391,1,0,0,8915,0.99854391,1659283200,1661961300
2022,S900,9,8346,8346,8640,0.96597222,294,8640,294,0.96597222,1,0,0,8346,0.96597222,1661961600,1664553300
2022,S900,10,8922,8922,8928,0.99932796,6,8928,6,0.99932796,1,0,0,8922,0.99932796,1664553600,1667231700
2022,S900,11,8639,8639,8640,0.99988426,1,8640,1,0.99988426,1,0,0,8639,0.99988426,1667232000,1669823700
2022,S900,12,8659,8659,8928,0.96987007,269,8928,269,0.96987007,1,0,0,8659,0.96987007,1669824000,1672502100
2022,S94,1,8876,8876,8928,0.99417563,52,8928,52,0.99417563,1,0,0,8876,0.99417563,1640966400,1643644500
2022,S94,2,8015,8015,8064,0.99392361,49,8064,49,0.99392361,1,0,0,8015,0.99392361,1643644800,1646063700
2022,S94,3,8927,8927,8928,0.99988799,1,8928,1,0.99988799,1,0,0,8927,0.99988799,1646064000,1648742100
2022,S94,4,8639,8639,8640,0.99988426,1,8640,1,0.99988426,1,0,0,8639,0.99988426,1648742400,1651334100
2022,S94,5,8923,8923,8928,0.99943996,5,8928,5,0.99943996,1,0,0,8923,0.99943996,1651334400,1654012500
2022,S94,6,8638,8638,8640,0.99976852,2,8640,2,0.99976852,1,0,0,8638,0.99976852,1654012800,1656604500
2022,S94,7,8926,8926,8928,0.99977599,2,8928,2,0.99977599,1,0,0,8926,0.99977599,1656604800,1659282900
2022,S94,8,8919,8919,8928,0.99899194,9,8928,9,0.99899194,1,0,0,8919,0.99899194,1659283200,1661961300
2022,S94,9,8619,8619,8640,0.99756944,21,8640,21,0.99756944,1,0,0,8619,0.99756944,1661961600,1664553300
2022,S94,10,8925,8925,8928,0.99966398,3,8928,3,0.99966398,1,0,0,8925,0.99966398,1664553600,1667231700
2022,S94,11,8622,8622,8640,0.99791667,18,8640,18,0.99791667,1,0,0,8622,0.99791667,1667232000,1669823700
2022,S94,12,8899,8899,8928,0.99675179,29,8928,29,0.99675179,1,0,0,8899,0.99675179,1669824000,1672502100
