year,gap_s,count
2024,300,6399711
2024,600,3618
2024,900,574
2024,1200,273
2024,1500,214
2024,1800,187
2024,2100,115
2024,2400,91
2024,2700,152
2024,3000,116
2024,3300,126
2024,3600,36
2024,3900,88
2024,4200,29
2024,4500,27
2024,4800,81
2024,5100,49
2024,5400,9
2024,5700,13
2024,6000,19
2024,6300,24
2024,6600,22
2024,6900,11
2024,7200,13
2024,7500,5
2024,7800,11
2024,8100,9
2024,8400,6
2024,8700,4
2024,9000,9
2024,9300,8
2024,9600,11
2024,9900,13
2024,10200,7
2024,10500,3
2024,10800,6
2024,11100,7
2024,11400,1
2024,11700,5
2024,12000,5
2024,12300,4
2024,12600,4
2024,12900,4
2024,13200,4
2024,13500,8
2024,13800,4
2024,14100,4
2024,14400,1
2024,14700,4
2024,15000,2
2024,15300,2
2024,15600,1
2024,15900,3
2024,16200,6
2024,16500,1
2024,16800,3
2024,17100,1
2024,17400,1
2024,17700,4
2024,18300,4
2024,18600,3
2024,18900,1
2024,19200,1
2024,19500,5
2024,19800,3
2024,20100,3
2024,20400,1
2024,21000,2
2024,21900,1
2024,22200,5
2024,22800,4
2024,23100,2
2024,23400,1
2024,23700,3
2024,24000,1
2024,24600,3
2024,25200,2
2024,25500,2
2024,25800,1
2024,26100,2
2024,26400,2
2024,26700,1
2024,27000,3
2024,27300,1
2024,27600,2
2024,27900,1
2024,28200,5
2024,28500,67
2024,28800,1
2024,29100,7
2024,29400,3
2024,30000,4
2024,30300,4
2024,30600,3
2024,30900,3
2024,31200,3
2024,31500,2
2024,31800,1
2024,32400,1
2024,32700,5
2024,33000,1
2024,33300,2
2024,33600,2
2024,33900,3
2024,34200,2
2024,34800,1
2024,35400,1
2024,38100,1
2024,38700,1
2024,39600,1
2024,40800,2
2024,42000,1
2024,42300,1
2024,42600,2
2024,43200,4
2024,43800,3
2024,44100,1
2024,44700,1
2024,45300,3
2024,46800,2
2024,47100,61
2024,47700,1
2024,48600,1
2024,48900,1
2024,49200,2
2024,49800,3
2024,50100,1
2024,50700,2
2024,51000,1
2024,51300,2
2024,52200,2
2024,52800,1
2024,53100,1
2024,53400,3
2024,53700,1
2024,54000,1
2024,54600,1
2024,56100,1
2024,56400,1
2024,57300,1
2024,57900,2
2024,58200,1
2024,58500,3
2024,59100,1
2024,59400,1
2024,59700,1
2024,60300,20
2024,60600,11
2024,60900,1
2024,63000,1
2024,65400,1
2024,67200,1
2024,69900,1
2024,75600,1
2024,86400,6
2024,86700,1
2024,102000,1
2024,105900,1
2024,110100,1
2024,111900,1
2024,119400,2
2024,120000,1
2024,122100,1
2024,122700,1
2024,123000,1
2024,124200,1
2024,126600,1
2024,127500,2
2024,128100,1
2024,129900,1
2024,135600,1
2024,140100,1
2024,156900,1
2024,167700,1
2024,169800,1
2024,170100,1
2024,178800,1
2024,198600,1
2024,211500,1
2024,228900,1
2024,256500,1
2024,275100,1
2024,292800,1
2024,308400,1
2024,310500,1
2024,315300,1
2024,341100,1
2024,352500,1
2024,384000,1
2024,390000,1
2024,402900,1
2024,411600,1
2024,434100,1
2024,444900,1
2024,459900,1
2024,481200,1
2024,487500,1
2024,492300,1
2024,515400,1
2024,522900,1
2024,534600,1
2024,553800,1
2024,557700,1
2024,558300,1
2024,575400,1
2024,627300,1
2024,679800,1
2024,696300,1
2024,703500,1
2024,781800,1
2024,814200,1
2024,816900,1
2024,818400,1
2024,859200,1
2024,947400,1
2024,962100,1
2024,968400,1
2024,1036500,1
2024,1143300,1
2024,1161900,1
2024,1163400,1
2024,1172400,1
2024,1177200,1
2024,1483500,1
2024,1528500,1
2024,1896600,1
2024,2049300,1
2024,2412600,1
2024,3173400,1
2024,3711900,1
