year,date,timestamp,update_timestamp,station_id,station_name,station_device_id,location_longitude,location_latitude,reading_update_timestamp,reading_value,reading_type,reading_unit
2024,2024-05-14,2024-05-14T17:40:00+08:00,2024-05-14T17:45:49+08:00,S216,S216,S216,103.85335,1.36019,2024-05-14T17:45:49+08:00,15.912,TB1 Rainfall 5 Minute Total F,mm
2024,2024-05-03,2024-05-03T14:55:00+08:00,2024-05-03T15:00:37+08:00,S210,S210,S210,103.76904,1.44003,2024-05-03T15:00:37+08:00,14.673,TB1 Rainfall 5 Minute Total F,mm
2024,2024-12-29,2024-12-29T16:55:00+08:00,2024-12-29T17:00:40+08:00,S90,Bukit Timah Road,S90,103.8191,1.3191,2024-12-29T17:00:40+08:00,14.4,TB1 Rainfall 5 Minute Total F,mm
2024,2024-11-16,2024-11-16T14:10:00+08:00,2024-11-18T18:34:23+08:00,S104,Woodlands Avenue 9,S104,103.78538,1.44387,2024-11-18T18:34:23+08:00,14.2,TB1 Rainfall 5 Minute Total F,mm
2024,2024-11-16,2024-11-16T14:15:00+08:00,2024-11-18T18:34:35+08:00,S104,Woodlands Avenue 9,S104,103.78538,1.44387,2024-11-18T18:34:35+08:00,14.2,TB1 Rainfall 5 Minute Total F,mm
2024,2024-12-31,2024-12-31T16:40:00+08:00,2024-12-31T16:55:41+08:00,S207,Bedok Road,S207,103.95836,1.32485,2024-12-31T16:45:25+08:00,13.869,TB1 Rainfall 5 Minute Total F,mm
2024,2024-12-29,2024-12-29T15:55:00+08:00,2024-12-29T16:00:25+08:00,S112,Lim Chu Kang Road,S112,103.70131,1.43854,2024-12-29T16:00:25+08:00,13.8,TB1 Rainfall 5 Minute Total F,mm
2024,2024-08-23,2024-08-23T15:10:00+08:00,2024-08-23T15:15:24+08:00,S66,Kranji Way,S66,103.7363,1.4387,2024-08-23T15:15:24+08:00,13.6,TB1 Rainfall 5 Minute Total F,mm
2024,2024-10-16,2024-10-16T13:35:00+08:00,2024-10-16T13:40:27+08:00,S114,Choa Chu Kang Avenue 4,S114,103.73,1.38,2024-10-16T13:40:27+08:00,13.6,TB1 Rainfall 5 Minute Total F,mm
2024,2024-12-29,2024-12-29T16:50:00+08:00,2024-12-29T16:55:24+08:00,S88,Toa Payoh North,S88,103.8482,1.3427,2024-12-29T16:55:24+08:00,13.4,TB1 Rainfall 5 Minute Total F,mm
2024,2024-12-29,2024-12-29T17:00:00+08:00,2024-12-29T17:05:35+08:00,S213,Coronation Walk,S213,103.8097,1.32427,2024-12-29T17:05:35+08:00,13.4,TB1 Rainfall 5 Minute Total F,mm
2024,2024-11-22,2024-11-22T15:00:00+08:00,2024-11-22T15:05:35+08:00,S227,Woodlands Drive 62,S227,103.80389,1.43944,2024-11-22T15:05:35+08:00,13.332,TB1 Rainfall 5 Minute Total F,mm
2024,2024-09-25,2024-09-25T12:05:00+08:00,2024-09-25T12:10:52+08:00,S71,Kent Ridge Road,S71,103.7815,1.2923,2024-09-25T12:10:52+08:00,13.2,TB1 Rainfall 5 Minute Total F,mm
2024,2024-12-29,2024-12-29T16:35:00+08:00,2024-12-29T16:50:40+08:00,S64,Bukit Panjang Road,S64,103.7603,1.3824,2024-12-29T16:40:25+08:00,13.2,TB1 Rainfall 5 Minute Total F,mm
2024,2024-11-22,2024-11-22T15:05:00+08:00,2024-11-22T15:10:40+08:00,S227,Woodlands Drive 62,S227,103.80389,1.43944,2024-11-22T15:10:40+08:00,13.13,TB1 Rainfall 5 Minute Total F,mm
