year,station_id,name_variants,device_variants,numeric_coordinate_variants,rows,first_epoch_s,last_epoch_s
2024,S06,1,1,1,15634,1730965800,1735660500
2024,S07,1,1,1,102540,1704038400,1735660500
2024,S08,1,1,1,100583,1704038400,1735660500
2024,S102,1,1,1,6569,1719301200,1721278200
2024,S104,1,1,1,102042,1704038400,1735660500
2024,S106,1,1,1,15654,1730885700,1735660500
2024,S107,1,1,1,102038,1704038400,1735660500
2024,S108,1,1,1,51263,1714635600,1730814900
2024,S109,1,1,1,103495,1704038400,1735660500
2024,S111,1,1,1,103201,1704038400,1735660500
2024,S112,1,1,1,84894,1704038400,1735660500
2024,S113,1,1,1,100691,1704038400,1735660500
2024,S114,1,1,1,92569,1704038400,1732067700
2024,S115,1,1,1,101418,1704038400,1735660500
2024,S116,1,1,1,97235,1704038400,1735660500
2024,S117,1,1,1,100037,1704038400,1735660500
2024,S118,1,1,1,2413,1704038400,1704849900
2024,S119,1,1,1,104287,1704038400,1735660500
2024,S120,1,1,1,31381,1704038400,1714635300
2024,S121,1,1,1,100586,1704038400,1735660500
2024,S123,1,1,1,77942,1704038400,1735660500
2024,S201,2,1,1,105093,1704038400,1735660500
2024,S203,2,1,1,100007,1704038400,1735660500
2024,S207,2,1,1,104359,1704038400,1735660500
2024,S208,2,1,1,105084,1704038400,1735660500
2024,S209,2,1,1,104978,1704038400,1735660500
2024,S210,2,1,1,103306,1704038400,1735660500
2024,S211,2,1,1,103686,1704038400,1735660500
2024,S212,2,1,1,62503,1704038400,1722796200
2024,S213,2,1,1,104579,1704038400,1735660500
2024,S214,2,1,1,105101,1704038400,1735660500
2024,S215,2,1,1,95378,1704038400,1735660500
2024,S216,3,1,1,105098,1704038400,1735660500
2024,S217,2,1,1,105052,1704038400,1735660500
2024,S218,2,1,1,105098,1704038400,1735660500
2024,S219,2,1,1,105100,1704038400,1735660500
2024,S220,2,1,1,105085,1704038400,1735660500
2024,S221,2,1,1,105056,1704038400,1735660500
2024,S222,2,1,1,105035,1704038400,1735660500
2024,S223,2,1,1,103202,1704038400,1735660500
2024,S224,2,1,1,105076,1704038400,1735660500
2024,S226,2,1,1,103865,1704038400,1735660500
2024,S227,2,1,1,105089,1704038400,1735660500
2024,S228,2,1,1,105103,1704038400,1735660500
2024,S229,2,1,1,105096,1704038400,1735660500
2024,S230,2,1,1,105101,1704038400,1735660500
2024,S24,1,1,1,104716,1704038400,1735660500
2024,S29,1,1,1,15655,1730885700,1735660500
2024,S33,1,1,1,99049,1704038400,1735660500
2024,S35,1,1,1,104750,1704038400,1735660500
2024,S40,1,1,1,98222,1704038400,1735660500
2024,S43,1,1,1,104436,1704038400,1735660500
2024,S44,1,1,1,94894,1704038400,1732919400
2024,S50,1,1,1,104795,1704038400,1735660500
2024,S60,1,1,1,94047,1704038400,1735660500
2024,S64,1,1,1,104378,1704038400,1735660500
2024,S66,1,1,1,101019,1704038400,1735660500
2024,S69,1,1,1,98410,1704038400,1735660500
2024,S71,1,1,1,100923,1704038400,1735660500
2024,S77,1,1,1,103474,1704038400,1735660500
2024,S78,1,1,1,103617,1704038400,1735660500
2024,S79,1,1,1,91402,1704038400,1735660500
2024,S81,1,1,1,104394,1704038400,1735660500
2024,S84,1,1,1,102069,1704038400,1735660500
2024,S88,1,1,1,102054,1704038400,1735660500
2024,S89,1,1,1,103787,1704038400,1735660500
2024,S90,1,1,1,102547,1704038400,1735660500
2024,S900,1,1,1,103948,1704038400,1735660500
2024,S92,1,1,1,9346,1730885700,1735660500
2024,S94,1,1,1,95726,1704038400,1735660500
