year,protocol,role,anchors,base_model_eligible
2017,fold1_role,TRAIN,5256020,4822618
2017,fold2_role,TRAIN,5256020,4822618
2017,fold3_role,TRAIN,5256020,4822618
2017,final_role,TRAIN,5256020,4822618
2018,fold1_role,TRAIN,4594246,3981287
2018,fold2_role,TRAIN,4594246,3981287
2018,fold3_role,TRAIN,4594246,3981287
2018,final_role,TRAIN,4594246,3981287
2019,fold1_role,TRAIN,5026862,4935783
2019,fold2_role,TRAIN,5026862,4935783
2019,fold3_role,TRAIN,5026862,4935783
2019,final_role,TRAIN,5026862,4935783
2020,fold1_role,EXCLUDED_BOUNDARY,438,432
2020,fold1_role,TRAIN,6334035,6233723
2020,fold2_role,TRAIN,6334473,6234155
2020,fold3_role,TRAIN,6334473,6234155
2020,final_role,TRAIN,6334473,6234155
2021,fold1_role,VALIDATION,7044267,6976044
2021,fold1_role,EXCLUDED_BOUNDARY,379,378
2021,fold2_role,TRAIN,7044267,6976044
2021,fold2_role,EXCLUDED_BOUNDARY,379,378
2021,fold3_role,TRAIN,7044646,6976422
2021,final_role,TRAIN,7044646,6976422
2022,fold1_role,UNUSED,7133230,7073178
2022,fold2_role,VALIDATION,7132810,7072758
2022,fold2_role,EXCLUDED_BOUNDARY,420,420
2022,fold3_role,TRAIN,7132810,7072758
2022,fold3_role,EXCLUDED_BOUNDARY,420,420
2022,final_role,TRAIN,7133230,7073178
2023,fold1_role,UNUSED,6742890,6687003
2023,fold2_role,UNUSED,6742890,6687003
2023,fold3_role,VALIDATION,6742508,6686625
2023,fold3_role,EXCLUDED_BOUNDARY,382,378
2023,final_role,EXCLUDED_BOUNDARY,382,378
2023,final_role,TRAIN,6742508,6686625
2024,fold1_role,UNUSED,6406260,6338426
2024,fold2_role,UNUSED,6406260,6338426
2024,fold3_role,UNUSED,6406260,6338426
2024,final_role,TEST,6405884,6338426
2024,final_role,EXCLUDED_BOUNDARY,376,0
