year,case,station_id,prediction_epoch_s,offset_s,slot_epoch_s,present,rain_decimal_mm
2017,valid_nonzero,S06,1483256100,-3300,1483252800,True,0E-18
2017,valid_nonzero,S06,1483256100,-3000,1483253100,True,0E-18
2017,valid_nonzero,S06,1483256100,-2700,1483253400,True,0E-18
2017,valid_nonzero,S06,1483256100,-2400,1483253700,True,0E-18
2017,valid_nonzero,S06,1483256100,-2100,1483254000,True,0E-18
2017,valid_nonzero,S06,1483256100,-1800,1483254300,True,0E-18
2017,valid_nonzero,S06,1483256100,-1500,1483254600,True,0E-18
2017,valid_nonzero,S06,1483256100,-1200,1483254900,True,0E-18
2017,valid_nonzero,S06,1483256100,-900,1483255200,True,0E-18
2017,valid_nonzero,S06,1483256100,-600,1483255500,True,0E-18
2017,valid_nonzero,S06,1483256100,-300,1483255800,True,0E-18
2017,valid_nonzero,S06,1483256100,0,1483256100,True,0E-18
2017,valid_nonzero,S06,1483256100,300,1483256400,True,0E-18
2017,valid_nonzero,S06,1483256100,600,1483256700,True,0E-18
2017,valid_nonzero,S06,1483256100,900,1483257000,True,0E-18
2017,valid_nonzero,S06,1483256100,1200,1483257300,True,0E-18
2017,valid_nonzero,S06,1483256100,1500,1483257600,True,0E-18
2017,valid_nonzero,S06,1483256100,1800,1483257900,True,1.200000000000000000
2017,valid_zero,S06,1483229100,-3300,1483225800,False,
2017,valid_zero,S06,1483229100,-3000,1483226100,False,
2017,valid_zero,S06,1483229100,-2700,1483226400,False,
2017,valid_zero,S06,1483229100,-2400,1483226700,False,
2017,valid_zero,S06,1483229100,-2100,1483227000,False,
2017,valid_zero,S06,1483229100,-1800,1483227300,False,
2017,valid_zero,S06,1483229100,-1500,1483227600,False,
2017,valid_zero,S06,1483229100,-1200,1483227900,False,
2017,valid_zero,S06,1483229100,-900,1483228200,False,
2017,valid_zero,S06,1483229100,-600,1483228500,False,
2017,valid_zero,S06,1483229100,-300,1483228800,False,
2017,valid_zero,S06,1483229100,0,1483229100,True,0E-18
2017,valid_zero,S06,1483229100,300,1483229400,True,0E-18
2017,valid_zero,S06,1483229100,600,1483229700,True,0E-18
2017,valid_zero,S06,1483229100,900,1483230000,True,0E-18
2017,valid_zero,S06,1483229100,1200,1483230300,True,0E-18
2017,valid_zero,S06,1483229100,1500,1483230600,True,0E-18
2017,valid_zero,S06,1483229100,1800,1483230900,True,0E-18
2017,internal_missing_future,S06,1483568400,-3300,1483565100,True,0E-18
2017,internal_missing_future,S06,1483568400,-3000,1483565400,True,0E-18
2017,internal_missing_future,S06,1483568400,-2700,1483565700,True,0E-18
2017,internal_missing_future,S06,1483568400,-2400,1483566000,True,0E-18
2017,internal_missing_future,S06,1483568400,-2100,1483566300,True,0E-18
2017,internal_missing_future,S06,1483568400,-1800,1483566600,True,0E-18
2017,internal_missing_future,S06,1483568400,-1500,1483566900,True,0E-18
2017,internal_missing_future,S06,1483568400,-1200,1483567200,True,0E-18
2017,internal_missing_future,S06,1483568400,-900,1483567500,True,0E-18
2017,internal_missing_future,S06,1483568400,-600,1483567800,True,0E-18
2017,internal_missing_future,S06,1483568400,-300,1483568100,True,0.200000000000000000
2017,internal_missing_future,S06,1483568400,0,1483568400,True,0.200000000000000000
2017,internal_missing_future,S06,1483568400,300,1483568700,True,0.200000000000000000
2017,internal_missing_future,S06,1483568400,600,1483569000,True,0.200000000000000000
2017,internal_missing_future,S06,1483568400,900,1483569300,True,0E-18
2017,internal_missing_future,S06,1483568400,1200,1483569600,True,0.200000000000000000
2017,internal_missing_future,S06,1483568400,1500,1483569900,True,0E-18
2017,internal_missing_future,S06,1483568400,1800,1483570200,False,
2017,cross_day,S06,1483284600,-3300,1483281300,True,0E-18
2017,cross_day,S06,1483284600,-3000,1483281600,True,0E-18
2017,cross_day,S06,1483284600,-2700,1483281900,True,0E-18
2017,cross_day,S06,1483284600,-2400,1483282200,True,0E-18
2017,cross_day,S06,1483284600,-2100,1483282500,True,0E-18
2017,cross_day,S06,1483284600,-1800,1483282800,True,0E-18
2017,cross_day,S06,1483284600,-1500,1483283100,True,0E-18
2017,cross_day,S06,1483284600,-1200,1483283400,True,0E-18
2017,cross_day,S06,1483284600,-900,1483283700,True,0E-18
2017,cross_day,S06,1483284600,-600,1483284000,True,0E-18
2017,cross_day,S06,1483284600,-300,1483284300,True,0E-18
2017,cross_day,S06,1483284600,0,1483284600,True,0E-18
2017,cross_day,S06,1483284600,300,1483284900,True,0E-18
2017,cross_day,S06,1483284600,600,1483285200,True,0E-18
2017,cross_day,S06,1483284600,900,1483285500,True,0E-18
2017,cross_day,S06,1483284600,1200,1483285800,True,0E-18
2017,cross_day,S06,1483284600,1500,1483286100,True,0E-18
2017,cross_day,S06,1483284600,1800,1483286400,True,0E-18
2017,cross_month,S06,1485876600,-3300,1485873300,True,0E-18
2017,cross_month,S06,1485876600,-3000,1485873600,True,0E-18
2017,cross_month,S06,1485876600,-2700,1485873900,True,0E-18
2017,cross_month,S06,1485876600,-2400,1485874200,True,0E-18
2017,cross_month,S06,1485876600,-2100,1485874500,True,0E-18
2017,cross_month,S06,1485876600,-1800,1485874800,True,0E-18
2017,cross_month,S06,1485876600,-1500,1485875100,True,0E-18
2017,cross_month,S06,1485876600,-1200,1485875400,True,0E-18
2017,cross_month,S06,1485876600,-900,1485875700,True,0E-18
2017,cross_month,S06,1485876600,-600,1485876000,True,0E-18
2017,cross_month,S06,1485876600,-300,1485876300,True,0E-18
2017,cross_month,S06,1485876600,0,1485876600,True,0E-18
2017,cross_month,S06,1485876600,300,1485876900,True,0E-18
2017,cross_month,S06,1485876600,600,1485877200,True,0E-18
2017,cross_month,S06,1485876600,900,1485877500,True,0E-18
2017,cross_month,S06,1485876600,1200,1485877800,True,0E-18
2017,cross_month,S06,1485876600,1500,1485878100,True,0E-18
2017,cross_month,S06,1485876600,1800,1485878400,True,0E-18
2017,cross_year,S07,1514734200,-3300,1514730900,True,0E-18
2017,cross_year,S07,1514734200,-3000,1514731200,True,0E-18
2017,cross_year,S07,1514734200,-2700,1514731500,True,0E-18
2017,cross_year,S07,1514734200,-2400,1514731800,True,0E-18
2017,cross_year,S07,1514734200,-2100,1514732100,True,0.200000000000000000
2017,cross_year,S07,1514734200,-1800,1514732400,True,0.400000000000000000
2017,cross_year,S07,1514734200,-1500,1514732700,True,1.400000000000000000
2017,cross_year,S07,1514734200,-1200,1514733000,True,0.800000000000000000
2017,cross_year,S07,1514734200,-900,1514733300,True,0.800000000000000000
2017,cross_year,S07,1514734200,-600,1514733600,True,0.200000000000000000
2017,cross_year,S07,1514734200,-300,1514733900,True,0E-18
2017,cross_year,S07,1514734200,0,1514734200,True,0.400000000000000000
2017,cross_year,S07,1514734200,300,1514734500,True,0.400000000000000000
2017,cross_year,S07,1514734200,600,1514734800,True,0.600000000000000000
2017,cross_year,S07,1514734200,900,1514735100,True,0.400000000000000000
2017,cross_year,S07,1514734200,1200,1514735400,True,0.800000000000000000
2017,cross_year,S07,1514734200,1500,1514735700,True,1.200000000000000000
2017,cross_year,S07,1514734200,1800,1514736000,True,1.000000000000000000
2017,incomplete_history,S06,1483229100,-3300,1483225800,False,
2017,incomplete_history,S06,1483229100,-3000,1483226100,False,
2017,incomplete_history,S06,1483229100,-2700,1483226400,False,
2017,incomplete_history,S06,1483229100,-2400,1483226700,False,
2017,incomplete_history,S06,1483229100,-2100,1483227000,False,
2017,incomplete_history,S06,1483229100,-1800,1483227300,False,
2017,incomplete_history,S06,1483229100,-1500,1483227600,False,
2017,incomplete_history,S06,1483229100,-1200,1483227900,False,
2017,incomplete_history,S06,1483229100,-900,1483228200,False,
2017,incomplete_history,S06,1483229100,-600,1483228500,False,
2017,incomplete_history,S06,1483229100,-300,1483228800,False,
2017,incomplete_history,S06,1483229100,0,1483229100,True,0E-18
2017,incomplete_history,S06,1483229100,300,1483229400,True,0E-18
2017,incomplete_history,S06,1483229100,600,1483229700,True,0E-18
2017,incomplete_history,S06,1483229100,900,1483230000,True,0E-18
2017,incomplete_history,S06,1483229100,1200,1483230300,True,0E-18
2017,incomplete_history,S06,1483229100,1500,1483230600,True,0E-18
2017,incomplete_history,S06,1483229100,1800,1483230900,True,0E-18
2017,alignment_transition,S113,1493089200,-3300,1493085900,True,0E-18
2017,alignment_transition,S113,1493089200,-3000,1493086200,True,0E-18
2017,alignment_transition,S113,1493089200,-2700,1493086500,True,0E-18
2017,alignment_transition,S113,1493089200,-2400,1493086800,True,0E-18
2017,alignment_transition,S113,1493089200,-2100,1493087100,True,0E-18
2017,alignment_transition,S113,1493089200,-1800,1493087400,True,0E-18
2017,alignment_transition,S113,1493089200,-1500,1493087700,True,0E-18
2017,alignment_transition,S113,1493089200,-1200,1493088000,True,0E-18
2017,alignment_transition,S113,1493089200,-900,1493088300,True,0E-18
2017,alignment_transition,S113,1493089200,-600,1493088600,True,0E-18
2017,alignment_transition,S113,1493089200,-300,1493088900,True,0E-18
2017,alignment_transition,S113,1493089200,0,1493089200,True,0E-18
2017,alignment_transition,S113,1493089200,300,1493089500,True,0E-18
2017,alignment_transition,S113,1493089200,600,1493089800,True,0E-18
2017,alignment_transition,S113,1493089200,900,1493090100,True,0E-18
2017,alignment_transition,S113,1493089200,1200,1493090400,True,0E-18
2017,alignment_transition,S113,1493089200,1500,1493090700,True,0E-18
2017,alignment_transition,S113,1493089200,1800,1493091000,True,0E-18
2018,valid_nonzero,S07,1514736000,-3300,1514732700,True,1.400000000000000000
2018,valid_nonzero,S07,1514736000,-3000,1514733000,True,0.800000000000000000
2018,valid_nonzero,S07,1514736000,-2700,1514733300,True,0.800000000000000000
2018,valid_nonzero,S07,1514736000,-2400,1514733600,True,0.200000000000000000
2018,valid_nonzero,S07,1514736000,-2100,1514733900,True,0E-18
2018,valid_nonzero,S07,1514736000,-1800,1514734200,True,0.400000000000000000
2018,valid_nonzero,S07,1514736000,-1500,1514734500,True,0.400000000000000000
2018,valid_nonzero,S07,1514736000,-1200,1514734800,True,0.600000000000000000
2018,valid_nonzero,S07,1514736000,-900,1514735100,True,0.400000000000000000
2018,valid_nonzero,S07,1514736000,-600,1514735400,True,0.800000000000000000
2018,valid_nonzero,S07,1514736000,-300,1514735700,True,1.200000000000000000
2018,valid_nonzero,S07,1514736000,0,1514736000,True,1.000000000000000000
2018,valid_nonzero,S07,1514736000,300,1514736300,True,1.200000000000000000
2018,valid_nonzero,S07,1514736000,600,1514736600,True,1.200000000000000000
2018,valid_nonzero,S07,1514736000,900,1514736900,True,1.000000000000000000
2018,valid_nonzero,S07,1514736000,1200,1514737200,True,0.800000000000000000
2018,valid_nonzero,S07,1514736000,1500,1514737500,True,0.400000000000000000
2018,valid_nonzero,S07,1514736000,1800,1514737800,True,0.200000000000000000
2018,valid_zero,S07,1514775600,-3300,1514772300,True,0E-18
2018,valid_zero,S07,1514775600,-3000,1514772600,True,0.200000000000000000
2018,valid_zero,S07,1514775600,-2700,1514772900,True,0E-18
2018,valid_zero,S07,1514775600,-2400,1514773200,True,0.200000000000000000
2018,valid_zero,S07,1514775600,-2100,1514773500,True,0E-18
2018,valid_zero,S07,1514775600,-1800,1514773800,True,0.200000000000000000
2018,valid_zero,S07,1514775600,-1500,1514774100,True,0E-18
2018,valid_zero,S07,1514775600,-1200,1514774400,True,0.200000000000000000
2018,valid_zero,S07,1514775600,-900,1514774700,True,0E-18
2018,valid_zero,S07,1514775600,-600,1514775000,True,0.200000000000000000
2018,valid_zero,S07,1514775600,-300,1514775300,True,0E-18
2018,valid_zero,S07,1514775600,0,1514775600,True,0.200000000000000000
2018,valid_zero,S07,1514775600,300,1514775900,True,0E-18
2018,valid_zero,S07,1514775600,600,1514776200,True,0E-18
2018,valid_zero,S07,1514775600,900,1514776500,True,0E-18
2018,valid_zero,S07,1514775600,1200,1514776800,True,0E-18
2018,valid_zero,S07,1514775600,1500,1514777100,True,0E-18
2018,valid_zero,S07,1514775600,1800,1514777400,True,0E-18
2018,internal_missing_future,S07,1514778000,-3300,1514774700,True,0E-18
2018,internal_missing_future,S07,1514778000,-3000,1514775000,True,0.200000000000000000
2018,internal_missing_future,S07,1514778000,-2700,1514775300,True,0E-18
2018,internal_missing_future,S07,1514778000,-2400,1514775600,True,0.200000000000000000
2018,internal_missing_future,S07,1514778000,-2100,1514775900,True,0E-18
2018,internal_missing_future,S07,1514778000,-1800,1514776200,True,0E-18
2018,internal_missing_future,S07,1514778000,-1500,1514776500,True,0E-18
2018,internal_missing_future,S07,1514778000,-1200,1514776800,True,0E-18
2018,internal_missing_future,S07,1514778000,-900,1514777100,True,0E-18
2018,internal_missing_future,S07,1514778000,-600,1514777400,True,0E-18
2018,internal_missing_future,S07,1514778000,-300,1514777700,True,0.200000000000000000
2018,internal_missing_future,S07,1514778000,0,1514778000,True,0E-18
2018,internal_missing_future,S07,1514778000,300,1514778300,True,0E-18
2018,internal_missing_future,S07,1514778000,600,1514778600,True,0E-18
2018,internal_missing_future,S07,1514778000,900,1514778900,True,0E-18
2018,internal_missing_future,S07,1514778000,1200,1514779200,True,0E-18
2018,internal_missing_future,S07,1514778000,1500,1514779500,True,0E-18
2018,internal_missing_future,S07,1514778000,1800,1514779800,False,
2018,cross_day,S07,1514820600,-3300,1514817300,True,0E-18
2018,cross_day,S07,1514820600,-3000,1514817600,True,0E-18
2018,cross_day,S07,1514820600,-2700,1514817900,True,0E-18
2018,cross_day,S07,1514820600,-2400,1514818200,True,0E-18
2018,cross_day,S07,1514820600,-2100,1514818500,True,0E-18
2018,cross_day,S07,1514820600,-1800,1514818800,True,0E-18
2018,cross_day,S07,1514820600,-1500,1514819100,True,0E-18
2018,cross_day,S07,1514820600,-1200,1514819400,True,0E-18
2018,cross_day,S07,1514820600,-900,1514819700,True,0E-18
2018,cross_day,S07,1514820600,-600,1514820000,True,0E-18
2018,cross_day,S07,1514820600,-300,1514820300,True,0E-18
2018,cross_day,S07,1514820600,0,1514820600,True,0E-18
2018,cross_day,S07,1514820600,300,1514820900,True,0E-18
2018,cross_day,S07,1514820600,600,1514821200,True,0E-18
2018,cross_day,S07,1514820600,900,1514821500,True,0E-18
2018,cross_day,S07,1514820600,1200,1514821800,True,0E-18
2018,cross_day,S07,1514820600,1500,1514822100,True,0E-18
2018,cross_day,S07,1514820600,1800,1514822400,True,0E-18
2018,cross_month,S07,1517412600,-3300,1517409300,True,0E-18
2018,cross_month,S07,1517412600,-3000,1517409600,True,0E-18
2018,cross_month,S07,1517412600,-2700,1517409900,True,0E-18
2018,cross_month,S07,1517412600,-2400,1517410200,True,0E-18
2018,cross_month,S07,1517412600,-2100,1517410500,True,0E-18
2018,cross_month,S07,1517412600,-1800,1517410800,True,0E-18
2018,cross_month,S07,1517412600,-1500,1517411100,True,0E-18
2018,cross_month,S07,1517412600,-1200,1517411400,True,0E-18
2018,cross_month,S07,1517412600,-900,1517411700,True,0E-18
2018,cross_month,S07,1517412600,-600,1517412000,True,0E-18
2018,cross_month,S07,1517412600,-300,1517412300,True,0E-18
2018,cross_month,S07,1517412600,0,1517412600,True,0E-18
2018,cross_month,S07,1517412600,300,1517412900,True,0E-18
2018,cross_month,S07,1517412600,600,1517413200,True,0E-18
2018,cross_month,S07,1517412600,900,1517413500,True,0E-18
2018,cross_month,S07,1517412600,1200,1517413800,True,0E-18
2018,cross_month,S07,1517412600,1500,1517414100,True,0E-18
2018,cross_month,S07,1517412600,1800,1517414400,True,0E-18
2018,cross_year,S07,1546270200,-3300,1546266900,True,0E-18
2018,cross_year,S07,1546270200,-3000,1546267200,True,0E-18
2018,cross_year,S07,1546270200,-2700,1546267500,True,0E-18
2018,cross_year,S07,1546270200,-2400,1546267800,True,0E-18
2018,cross_year,S07,1546270200,-2100,1546268100,True,0E-18
2018,cross_year,S07,1546270200,-1800,1546268400,True,0E-18
2018,cross_year,S07,1546270200,-1500,1546268700,True,0E-18
2018,cross_year,S07,1546270200,-1200,1546269000,True,0E-18
2018,cross_year,S07,1546270200,-900,1546269300,True,0E-18
2018,cross_year,S07,1546270200,-600,1546269600,True,0E-18
2018,cross_year,S07,1546270200,-300,1546269900,True,0E-18
2018,cross_year,S07,1546270200,0,1546270200,True,0E-18
2018,cross_year,S07,1546270200,300,1546270500,True,0E-18
2018,cross_year,S07,1546270200,600,1546270800,True,0E-18
2018,cross_year,S07,1546270200,900,1546271100,True,0E-18
2018,cross_year,S07,1546270200,1200,1546271400,True,0E-18
2018,cross_year,S07,1546270200,1500,1546271700,True,0E-18
2018,cross_year,S07,1546270200,1800,1546272000,True,0E-18
2018,incomplete_history,S07,1514780400,-3300,1514777100,True,0E-18
2018,incomplete_history,S07,1514780400,-3000,1514777400,True,0E-18
2018,incomplete_history,S07,1514780400,-2700,1514777700,True,0.200000000000000000
2018,incomplete_history,S07,1514780400,-2400,1514778000,True,0E-18
2018,incomplete_history,S07,1514780400,-2100,1514778300,True,0E-18
2018,incomplete_history,S07,1514780400,-1800,1514778600,True,0E-18
2018,incomplete_history,S07,1514780400,-1500,1514778900,True,0E-18
2018,incomplete_history,S07,1514780400,-1200,1514779200,True,0E-18
2018,incomplete_history,S07,1514780400,-900,1514779500,True,0E-18
2018,incomplete_history,S07,1514780400,-600,1514779800,False,
2018,incomplete_history,S07,1514780400,-300,1514780100,False,
2018,incomplete_history,S07,1514780400,0,1514780400,True,0E-18
2018,incomplete_history,S07,1514780400,300,1514780700,True,0E-18
2018,incomplete_history,S07,1514780400,600,1514781000,False,
2018,incomplete_history,S07,1514780400,900,1514781300,True,0E-18
2018,incomplete_history,S07,1514780400,1200,1514781600,True,0E-18
2018,incomplete_history,S07,1514780400,1500,1514781900,True,0E-18
2018,incomplete_history,S07,1514780400,1800,1514782200,True,0E-18
2019,valid_nonzero,S07,1546289100,-3300,1546285800,True,0E-18
2019,valid_nonzero,S07,1546289100,-3000,1546286100,True,0E-18
2019,valid_nonzero,S07,1546289100,-2700,1546286400,True,0E-18
2019,valid_nonzero,S07,1546289100,-2400,1546286700,True,0E-18
2019,valid_nonzero,S07,1546289100,-2100,1546287000,True,0E-18
2019,valid_nonzero,S07,1546289100,-1800,1546287300,True,0E-18
2019,valid_nonzero,S07,1546289100,-1500,1546287600,True,0E-18
2019,valid_nonzero,S07,1546289100,-1200,1546287900,True,0E-18
2019,valid_nonzero,S07,1546289100,-900,1546288200,True,0E-18
2019,valid_nonzero,S07,1546289100,-600,1546288500,True,0E-18
2019,valid_nonzero,S07,1546289100,-300,1546288800,True,0E-18
2019,valid_nonzero,S07,1546289100,0,1546289100,True,0E-18
2019,valid_nonzero,S07,1546289100,300,1546289400,True,0E-18
2019,valid_nonzero,S07,1546289100,600,1546289700,True,0E-18
2019,valid_nonzero,S07,1546289100,900,1546290000,True,0E-18
2019,valid_nonzero,S07,1546289100,1200,1546290300,True,0E-18
2019,valid_nonzero,S07,1546289100,1500,1546290600,True,0E-18
2019,valid_nonzero,S07,1546289100,1800,1546290900,True,0.200000000000000000
2019,valid_zero,S07,1546272000,-3300,1546268700,True,0E-18
2019,valid_zero,S07,1546272000,-3000,1546269000,True,0E-18
2019,valid_zero,S07,1546272000,-2700,1546269300,True,0E-18
2019,valid_zero,S07,1546272000,-2400,1546269600,True,0E-18
2019,valid_zero,S07,1546272000,-2100,1546269900,True,0E-18
2019,valid_zero,S07,1546272000,-1800,1546270200,True,0E-18
2019,valid_zero,S07,1546272000,-1500,1546270500,True,0E-18
2019,valid_zero,S07,1546272000,-1200,1546270800,True,0E-18
2019,valid_zero,S07,1546272000,-900,1546271100,True,0E-18
2019,valid_zero,S07,1546272000,-600,1546271400,True,0E-18
2019,valid_zero,S07,1546272000,-300,1546271700,True,0E-18
2019,valid_zero,S07,1546272000,0,1546272000,True,0E-18
2019,valid_zero,S07,1546272000,300,1546272300,True,0E-18
2019,valid_zero,S07,1546272000,600,1546272600,True,0E-18
2019,valid_zero,S07,1546272000,900,1546272900,True,0E-18
2019,valid_zero,S07,1546272000,1200,1546273200,True,0E-18
2019,valid_zero,S07,1546272000,1500,1546273500,True,0E-18
2019,valid_zero,S07,1546272000,1800,1546273800,True,0E-18
2019,internal_missing_future,S07,1546515300,-3300,1546512000,True,0E-18
2019,internal_missing_future,S07,1546515300,-3000,1546512300,True,0E-18
2019,internal_missing_future,S07,1546515300,-2700,1546512600,True,0E-18
2019,internal_missing_future,S07,1546515300,-2400,1546512900,True,0E-18
2019,internal_missing_future,S07,1546515300,-2100,1546513200,True,0E-18
2019,internal_missing_future,S07,1546515300,-1800,1546513500,True,0E-18
2019,internal_missing_future,S07,1546515300,-1500,1546513800,True,0E-18
2019,internal_missing_future,S07,1546515300,-1200,1546514100,True,0E-18
2019,internal_missing_future,S07,1546515300,-900,1546514400,True,0E-18
2019,internal_missing_future,S07,1546515300,-600,1546514700,True,0E-18
2019,internal_missing_future,S07,1546515300,-300,1546515000,True,0E-18
2019,internal_missing_future,S07,1546515300,0,1546515300,True,0E-18
2019,internal_missing_future,S07,1546515300,300,1546515600,True,0E-18
2019,internal_missing_future,S07,1546515300,600,1546515900,True,0E-18
2019,internal_missing_future,S07,1546515300,900,1546516200,True,0E-18
2019,internal_missing_future,S07,1546515300,1200,1546516500,True,0E-18
2019,internal_missing_future,S07,1546515300,1500,1546516800,True,0E-18
2019,internal_missing_future,S07,1546515300,1800,1546517100,False,
2019,cross_day,S07,1546356600,-3300,1546353300,True,0E-18
2019,cross_day,S07,1546356600,-3000,1546353600,True,0E-18
2019,cross_day,S07,1546356600,-2700,1546353900,True,0E-18
2019,cross_day,S07,1546356600,-2400,1546354200,True,0E-18
2019,cross_day,S07,1546356600,-2100,1546354500,True,0E-18
2019,cross_day,S07,1546356600,-1800,1546354800,True,0E-18
2019,cross_day,S07,1546356600,-1500,1546355100,True,0E-18
2019,cross_day,S07,1546356600,-1200,1546355400,True,0E-18
2019,cross_day,S07,1546356600,-900,1546355700,True,0E-18
2019,cross_day,S07,1546356600,-600,1546356000,True,0E-18
2019,cross_day,S07,1546356600,-300,1546356300,True,0E-18
2019,cross_day,S07,1546356600,0,1546356600,True,0E-18
2019,cross_day,S07,1546356600,300,1546356900,True,0E-18
2019,cross_day,S07,1546356600,600,1546357200,True,0E-18
2019,cross_day,S07,1546356600,900,1546357500,True,0E-18
2019,cross_day,S07,1546356600,1200,1546357800,True,0E-18
2019,cross_day,S07,1546356600,1500,1546358100,True,0E-18
2019,cross_day,S07,1546356600,1800,1546358400,True,0E-18
2019,cross_month,S07,1548948600,-3300,1548945300,True,0E-18
2019,cross_month,S07,1548948600,-3000,1548945600,True,0E-18
2019,cross_month,S07,1548948600,-2700,1548945900,True,0E-18
2019,cross_month,S07,1548948600,-2400,1548946200,True,0E-18
2019,cross_month,S07,1548948600,-2100,1548946500,True,0E-18
2019,cross_month,S07,1548948600,-1800,1548946800,True,0E-18
2019,cross_month,S07,1548948600,-1500,1548947100,True,0E-18
2019,cross_month,S07,1548948600,-1200,1548947400,True,0E-18
2019,cross_month,S07,1548948600,-900,1548947700,True,0E-18
2019,cross_month,S07,1548948600,-600,1548948000,True,0E-18
2019,cross_month,S07,1548948600,-300,1548948300,True,0E-18
2019,cross_month,S07,1548948600,0,1548948600,True,0E-18
2019,cross_month,S07,1548948600,300,1548948900,True,0E-18
2019,cross_month,S07,1548948600,600,1548949200,True,0E-18
2019,cross_month,S07,1548948600,900,1548949500,True,0E-18
2019,cross_month,S07,1548948600,1200,1548949800,True,0E-18
2019,cross_month,S07,1548948600,1500,1548950100,True,0E-18
2019,cross_month,S07,1548948600,1800,1548950400,True,0E-18
2019,cross_year,S07,1577806200,-3300,1577802900,True,0E-18
2019,cross_year,S07,1577806200,-3000,1577803200,True,0E-18
2019,cross_year,S07,1577806200,-2700,1577803500,True,0E-18
2019,cross_year,S07,1577806200,-2400,1577803800,True,0E-18
2019,cross_year,S07,1577806200,-2100,1577804100,True,0E-18
2019,cross_year,S07,1577806200,-1800,1577804400,True,0E-18
2019,cross_year,S07,1577806200,-1500,1577804700,True,0E-18
2019,cross_year,S07,1577806200,-1200,1577805000,True,0E-18
2019,cross_year,S07,1577806200,-900,1577805300,True,0E-18
2019,cross_year,S07,1577806200,-600,1577805600,True,0E-18
2019,cross_year,S07,1577806200,-300,1577805900,True,0E-18
2019,cross_year,S07,1577806200,0,1577806200,True,0E-18
2019,cross_year,S07,1577806200,300,1577806500,True,0E-18
2019,cross_year,S07,1577806200,600,1577806800,True,0E-18
2019,cross_year,S07,1577806200,900,1577807100,True,0E-18
2019,cross_year,S07,1577806200,1200,1577807400,True,0E-18
2019,cross_year,S07,1577806200,1500,1577807700,True,0E-18
2019,cross_year,S07,1577806200,1800,1577808000,True,0E-18
2019,incomplete_history,S07,1546517400,-3300,1546514100,True,0E-18
2019,incomplete_history,S07,1546517400,-3000,1546514400,True,0E-18
2019,incomplete_history,S07,1546517400,-2700,1546514700,True,0E-18
2019,incomplete_history,S07,1546517400,-2400,1546515000,True,0E-18
2019,incomplete_history,S07,1546517400,-2100,1546515300,True,0E-18
2019,incomplete_history,S07,1546517400,-1800,1546515600,True,0E-18
2019,incomplete_history,S07,1546517400,-1500,1546515900,True,0E-18
2019,incomplete_history,S07,1546517400,-1200,1546516200,True,0E-18
2019,incomplete_history,S07,1546517400,-900,1546516500,True,0E-18
2019,incomplete_history,S07,1546517400,-600,1546516800,True,0E-18
2019,incomplete_history,S07,1546517400,-300,1546517100,False,
2019,incomplete_history,S07,1546517400,0,1546517400,True,0E-18
2019,incomplete_history,S07,1546517400,300,1546517700,True,0E-18
2019,incomplete_history,S07,1546517400,600,1546518000,True,0E-18
2019,incomplete_history,S07,1546517400,900,1546518300,True,0E-18
2019,incomplete_history,S07,1546517400,1200,1546518600,True,0E-18
2019,incomplete_history,S07,1546517400,1500,1546518900,True,0E-18
2019,incomplete_history,S07,1546517400,1800,1546519200,True,0E-18
2020,valid_nonzero,S07,1578030900,-3300,1578027600,True,0E-18
2020,valid_nonzero,S07,1578030900,-3000,1578027900,True,0E-18
2020,valid_nonzero,S07,1578030900,-2700,1578028200,True,0E-18
2020,valid_nonzero,S07,1578030900,-2400,1578028500,True,0E-18
2020,valid_nonzero,S07,1578030900,-2100,1578028800,True,0E-18
2020,valid_nonzero,S07,1578030900,-1800,1578029100,True,0E-18
2020,valid_nonzero,S07,1578030900,-1500,1578029400,True,0E-18
2020,valid_nonzero,S07,1578030900,-1200,1578029700,True,0E-18
2020,valid_nonzero,S07,1578030900,-900,1578030000,True,0E-18
2020,valid_nonzero,S07,1578030900,-600,1578030300,True,0E-18
2020,valid_nonzero,S07,1578030900,-300,1578030600,True,0E-18
2020,valid_nonzero,S07,1578030900,0,1578030900,True,0E-18
2020,valid_nonzero,S07,1578030900,300,1578031200,True,0E-18
2020,valid_nonzero,S07,1578030900,600,1578031500,True,0E-18
2020,valid_nonzero,S07,1578030900,900,1578031800,True,0E-18
2020,valid_nonzero,S07,1578030900,1200,1578032100,True,0E-18
2020,valid_nonzero,S07,1578030900,1500,1578032400,True,0E-18
2020,valid_nonzero,S07,1578030900,1800,1578032700,True,0.200000000000000000
2020,valid_zero,S07,1577808000,-3300,1577804700,True,0E-18
2020,valid_zero,S07,1577808000,-3000,1577805000,True,0E-18
2020,valid_zero,S07,1577808000,-2700,1577805300,True,0E-18
2020,valid_zero,S07,1577808000,-2400,1577805600,True,0E-18
2020,valid_zero,S07,1577808000,-2100,1577805900,True,0E-18
2020,valid_zero,S07,1577808000,-1800,1577806200,True,0E-18
2020,valid_zero,S07,1577808000,-1500,1577806500,True,0E-18
2020,valid_zero,S07,1577808000,-1200,1577806800,True,0E-18
2020,valid_zero,S07,1577808000,-900,1577807100,True,0E-18
2020,valid_zero,S07,1577808000,-600,1577807400,True,0E-18
2020,valid_zero,S07,1577808000,-300,1577807700,True,0E-18
2020,valid_zero,S07,1577808000,0,1577808000,True,0E-18
2020,valid_zero,S07,1577808000,300,1577808300,True,0E-18
2020,valid_zero,S07,1577808000,600,1577808600,True,0E-18
2020,valid_zero,S07,1577808000,900,1577808900,True,0E-18
2020,valid_zero,S07,1577808000,1200,1577809200,True,0E-18
2020,valid_zero,S07,1577808000,1500,1577809500,True,0E-18
2020,valid_zero,S07,1577808000,1800,1577809800,True,0E-18
2020,internal_missing_future,S07,1578966300,-3300,1578963000,True,0E-18
2020,internal_missing_future,S07,1578966300,-3000,1578963300,True,0E-18
2020,internal_missing_future,S07,1578966300,-2700,1578963600,True,0E-18
2020,internal_missing_future,S07,1578966300,-2400,1578963900,True,0E-18
2020,internal_missing_future,S07,1578966300,-2100,1578964200,True,0E-18
2020,internal_missing_future,S07,1578966300,-1800,1578964500,True,0E-18
2020,internal_missing_future,S07,1578966300,-1500,1578964800,True,0E-18
2020,internal_missing_future,S07,1578966300,-1200,1578965100,True,0E-18
2020,internal_missing_future,S07,1578966300,-900,1578965400,True,0E-18
2020,internal_missing_future,S07,1578966300,-600,1578965700,True,0E-18
2020,internal_missing_future,S07,1578966300,-300,1578966000,True,0E-18
2020,internal_missing_future,S07,1578966300,0,1578966300,True,0E-18
2020,internal_missing_future,S07,1578966300,300,1578966600,True,0E-18
2020,internal_missing_future,S07,1578966300,600,1578966900,True,0E-18
2020,internal_missing_future,S07,1578966300,900,1578967200,True,0E-18
2020,internal_missing_future,S07,1578966300,1200,1578967500,True,0E-18
2020,internal_missing_future,S07,1578966300,1500,1578967800,True,0E-18
2020,internal_missing_future,S07,1578966300,1800,1578968100,False,
2020,cross_day,S07,1577892600,-3300,1577889300,True,0E-18
2020,cross_day,S07,1577892600,-3000,1577889600,True,0E-18
2020,cross_day,S07,1577892600,-2700,1577889900,True,0E-18
2020,cross_day,S07,1577892600,-2400,1577890200,True,0E-18
2020,cross_day,S07,1577892600,-2100,1577890500,True,0E-18
2020,cross_day,S07,1577892600,-1800,1577890800,True,0E-18
2020,cross_day,S07,1577892600,-1500,1577891100,True,0E-18
2020,cross_day,S07,1577892600,-1200,1577891400,True,0E-18
2020,cross_day,S07,1577892600,-900,1577891700,True,0E-18
2020,cross_day,S07,1577892600,-600,1577892000,True,0E-18
2020,cross_day,S07,1577892600,-300,1577892300,True,0E-18
2020,cross_day,S07,1577892600,0,1577892600,True,0E-18
2020,cross_day,S07,1577892600,300,1577892900,True,0E-18
2020,cross_day,S07,1577892600,600,1577893200,True,0E-18
2020,cross_day,S07,1577892600,900,1577893500,True,0E-18
2020,cross_day,S07,1577892600,1200,1577893800,True,0E-18
2020,cross_day,S07,1577892600,1500,1577894100,True,0E-18
2020,cross_day,S07,1577892600,1800,1577894400,True,0E-18
2020,cross_month,S07,1580484600,-3300,1580481300,True,0E-18
2020,cross_month,S07,1580484600,-3000,1580481600,True,0E-18
2020,cross_month,S07,1580484600,-2700,1580481900,True,0E-18
2020,cross_month,S07,1580484600,-2400,1580482200,True,0E-18
2020,cross_month,S07,1580484600,-2100,1580482500,True,0E-18
2020,cross_month,S07,1580484600,-1800,1580482800,True,0E-18
2020,cross_month,S07,1580484600,-1500,1580483100,True,0E-18
2020,cross_month,S07,1580484600,-1200,1580483400,True,0E-18
2020,cross_month,S07,1580484600,-900,1580483700,True,0E-18
2020,cross_month,S07,1580484600,-600,1580484000,True,0E-18
2020,cross_month,S07,1580484600,-300,1580484300,True,0E-18
2020,cross_month,S07,1580484600,0,1580484600,True,0E-18
2020,cross_month,S07,1580484600,300,1580484900,True,0E-18
2020,cross_month,S07,1580484600,600,1580485200,True,0E-18
2020,cross_month,S07,1580484600,900,1580485500,True,0E-18
2020,cross_month,S07,1580484600,1200,1580485800,True,0E-18
2020,cross_month,S07,1580484600,1500,1580486100,True,0E-18
2020,cross_month,S07,1580484600,1800,1580486400,True,0E-18
2020,cross_year,S07,1609428600,-3300,1609425300,True,0E-18
2020,cross_year,S07,1609428600,-3000,1609425600,True,0E-18
2020,cross_year,S07,1609428600,-2700,1609425900,True,0E-18
2020,cross_year,S07,1609428600,-2400,1609426200,True,0E-18
2020,cross_year,S07,1609428600,-2100,1609426500,True,0E-18
2020,cross_year,S07,1609428600,-1800,1609426800,True,0E-18
2020,cross_year,S07,1609428600,-1500,1609427100,True,0E-18
2020,cross_year,S07,1609428600,-1200,1609427400,True,0E-18
2020,cross_year,S07,1609428600,-900,1609427700,True,0E-18
2020,cross_year,S07,1609428600,-600,1609428000,True,0E-18
2020,cross_year,S07,1609428600,-300,1609428300,True,0E-18
2020,cross_year,S07,1609428600,0,1609428600,True,0E-18
2020,cross_year,S07,1609428600,300,1609428900,True,0E-18
2020,cross_year,S07,1609428600,600,1609429200,True,0E-18
2020,cross_year,S07,1609428600,900,1609429500,True,0E-18
2020,cross_year,S07,1609428600,1200,1609429800,True,0E-18
2020,cross_year,S07,1609428600,1500,1609430100,True,0E-18
2020,cross_year,S07,1609428600,1800,1609430400,True,0E-18
2020,incomplete_history,S07,1578968400,-3300,1578965100,True,0E-18
2020,incomplete_history,S07,1578968400,-3000,1578965400,True,0E-18
2020,incomplete_history,S07,1578968400,-2700,1578965700,True,0E-18
2020,incomplete_history,S07,1578968400,-2400,1578966000,True,0E-18
2020,incomplete_history,S07,1578968400,-2100,1578966300,True,0E-18
2020,incomplete_history,S07,1578968400,-1800,1578966600,True,0E-18
2020,incomplete_history,S07,1578968400,-1500,1578966900,True,0E-18
2020,incomplete_history,S07,1578968400,-1200,1578967200,True,0E-18
2020,incomplete_history,S07,1578968400,-900,1578967500,True,0E-18
2020,incomplete_history,S07,1578968400,-600,1578967800,True,0E-18
2020,incomplete_history,S07,1578968400,-300,1578968100,False,
2020,incomplete_history,S07,1578968400,0,1578968400,True,0E-18
2020,incomplete_history,S07,1578968400,300,1578968700,True,0E-18
2020,incomplete_history,S07,1578968400,600,1578969000,False,
2020,incomplete_history,S07,1578968400,900,1578969300,True,0E-18
2020,incomplete_history,S07,1578968400,1200,1578969600,True,0E-18
2020,incomplete_history,S07,1578968400,1500,1578969900,True,0E-18
2020,incomplete_history,S07,1578968400,1800,1578970200,True,0E-18
