year,case,station_id,prediction_epoch_s,prediction_ts,future_30m_mm,future_missing_offsets_s,historical_missing_offsets_s,passed
2017,valid_nonzero,S06,1483256100,2017-01-01 15:35:00,1.200000000000000000,[],[],True
2017,valid_zero,S06,1483229100,2017-01-01 08:05:00,0E-18,[],"[-3300, -3000, -2700, -2400, -2100, -1800, -1500, -1200, -900, -600, -300]",True
2017,internal_missing_future,S06,1483568400,2017-01-05 06:20:00,,[1800],[],True
2017,cross_day,S06,1483284600,2017-01-01 23:30:00,0E-18,[],[],True
2017,cross_month,S06,1485876600,2017-01-31 23:30:00,0E-18,[],[],True
2017,cross_year,S07,1514734200,2017-12-31 23:30:00,4.400000000000000000,[],[],True
2017,incomplete_history,S06,1483229100,2017-01-01 08:05:00,0E-18,[],"[-3300, -3000, -2700, -2400, -2100, -1800, -1500, -1200, -900, -600, -300]",True
2017,alignment_transition,S113,1493089200,2017-04-25 11:00:00,0E-18,[],[],True
2018,valid_nonzero,S07,1514736000,2018-01-01 00:00:00,4.800000000000000000,[],[],True
2018,valid_zero,S07,1514775600,2018-01-01 11:00:00,0E-18,[],[],True
2018,internal_missing_future,S07,1514778000,2018-01-01 11:40:00,,[1800],[],True
2018,cross_day,S07,1514820600,2018-01-01 23:30:00,0E-18,[],[],True
2018,cross_month,S07,1517412600,2018-01-31 23:30:00,0E-18,[],[],True
2018,cross_year,S07,1546270200,2018-12-31 23:30:00,0E-18,[],[],True
2018,incomplete_history,S07,1514780400,2018-01-01 12:20:00,,[600],"[-600, -300]",True
2019,valid_nonzero,S07,1546289100,2019-01-01 04:45:00,0.200000000000000000,[],[],True
2019,valid_zero,S07,1546272000,2019-01-01 00:00:00,0E-18,[],[],True
2019,internal_missing_future,S07,1546515300,2019-01-03 19:35:00,,[1800],[],True
2019,cross_day,S07,1546356600,2019-01-01 23:30:00,0E-18,[],[],True
2019,cross_month,S07,1548948600,2019-01-31 23:30:00,0E-18,[],[],True
2019,cross_year,S07,1577806200,2019-12-31 23:30:00,0E-18,[],[],True
2019,incomplete_history,S07,1546517400,2019-01-03 20:10:00,0E-18,[],[-300],True
2020,valid_nonzero,S07,1578030900,2020-01-03 13:55:00,0.200000000000000000,[],[],True
2020,valid_zero,S07,1577808000,2020-01-01 00:00:00,0E-18,[],[],True
2020,internal_missing_future,S07,1578966300,2020-01-14 09:45:00,,[1800],[],True
2020,cross_day,S07,1577892600,2020-01-01 23:30:00,0E-18,[],[],True
2020,cross_month,S07,1580484600,2020-01-31 23:30:00,0E-18,[],[],True
2020,cross_year,S07,1609428600,2020-12-31 23:30:00,0E-18,[],[],True
2020,incomplete_history,S07,1578968400,2020-01-14 10:20:00,,[600],[-300],True
