year,station_id,station_name,station_device_id,location_longitude,location_latitude,rows,first_epoch_s,last_epoch_s
2023,S07,Lornie Road,S07,103.8334,1.3415,70619,1681386000,1704038100
2023,S08,Upper Thomson Road,S08,103.8271,1.3701,101813,1672502400,1704038100
2023,S100,Woodlands Road,S100,103.74855,1.4172,33990,1672502400,1683881100
2023,S102,Semakau Landfill,S102,103.768,1.189,12741,1672502400,1684384800
2023,S104,Woodlands Avenue 9,S104,103.78538,1.44387,101914,1672502400,1704038100
2023,S106,Pulau Ubin,S106,103.9673,1.4168,52339,1672502400,1689627600
2023,S107,East Coast Parkway,S107,103.9625,1.3135,101620,1672502400,1704038100
2023,S108,Marina Gardens Drive,S108,103.8703,1.2799,33928,1672502400,1683703800
2023,S109,Ang Mo Kio Avenue 5,S109,103.8492,1.3764,93470,1672502400,1704038100
2023,S111,Scotts Road,S111,103.8365,1.31055,95324,1672502400,1704038100
2023,S112,Lim Chu Kang Road,S112,103.70131,1.43854,100757,1672502400,1704038100
2023,S113,Marine Parade Road,S113,103.9104,1.30648,101942,1672502400,1704038100
2023,S114,Choa Chu Kang Avenue 4,S114,103.73,1.38,101719,1672502400,1704038100
2023,S115,Tuas South Avenue 3,S115,103.61843,1.29377,97259,1672502400,1704038100
2023,S116,West Coast Highway,S116,103.754,1.281,95510,1672502400,1704038100
2023,S117,Banyan Road,S117,103.679,1.256,94424,1675410300,1704038100
2023,S118,Handy Road,S118,103.8461,1.2994,100627,1672502400,1704038100
2023,S119,Nicoll Highway,S119,103.8666,1.30105,101945,1672502400,1704038100
2023,S120,Holland Road,S120,103.818,1.30874,101981,1672502400,1704038100
2023,S121,Old Choa Chu Kang Road,S121,103.72244,1.37288,99997,1672502400,1704038100
2023,S123,Towner Road,S123,103.8577,1.3214,101101,1672502400,1704038100
2023,S201,S201,S201,103.76714,1.32311,101976,1672502400,1704038100
2023,S202,S202,S202,103.7578,1.30968,14153,1672502400,1677547200
2023,S203,S203,S203,103.7702,1.29164,102015,1672502400,1704038100
2023,S204,S204,S204,103.88217,1.40081,82693,1672502400,1698217200
2023,S205,S205,S205,103.9116,1.38829,82067,1672502400,1698028500
2023,S207,S207,S207,103.95836,1.32485,102011,1672502400,1704038100
2023,S208,S208,S208,104.00317,1.3136,102010,1672502400,1704038100
2023,S209,S209,S209,103.84472,1.42111,101103,1672502400,1704038100
2023,S210,S210,S210,103.76904,1.44003,102014,1672502400,1704038100
2023,S211,S211,S211,103.75711,1.42918,102015,1672502400,1704038100
2023,S212,S212,S212,103.93574,1.31835,102015,1672502400,1704038100
2023,S213,S213,S213,103.8097,1.32427,102014,1672502400,1704038100
2023,S214,S214,S214,103.88289,1.29911,102015,1672502400,1704038100
2023,S215,GEYLANG EAST CENTRAL,S215,103.88899,1.32785,101375,1672502400,1704038100
2023,S216,S216,S216,103.85335,1.36019,102013,1672502400,1704038100
2023,S217,S217,S217,103.85526,1.35041,102013,1672502400,1704038100
2023,S218,S218,S218,103.75065,1.36491,101978,1672502400,1704038100
2023,S219,S219,S219,103.87643,1.37999,102007,1672502400,1704038100
2023,S220,S220,S220,103.89797,1.38666,102013,1672502400,1704038100
2023,S221,S221,S221,103.89088,1.35691,102009,1672502400,1704038100
2023,S222,S222,S222,103.82364,1.28987,102014,1672502400,1704038100
2023,S223,S223,S223,103.80264,1.29984,102015,1672502400,1704038100
2023,S224,S224,S224,103.98409,1.34392,102015,1672502400,1704038100
2023,S226,S226,S226,103.80389,1.27472,102003,1672502400,1704038100
2023,S227,S227,S227,103.80389,1.43944,102015,1672502400,1704038100
2023,S228,S228,S228,103.70073,1.34703,102015,1672502400,1704038100
2023,S229,S229,S229,103.72195,1.35167,102015,1672502400,1704038100
2023,S230,S230,S230,103.76444,1.30167,102015,1672502400,1704038100
2023,S24,Upper Changi Road North,S24,103.9826,1.3678,94940,1672502400,1704038100
2023,S33,Jurong Pier Road,S33,103.71,1.3081,89283,1672502400,1704038100
2023,S35,Old Toh Tuck Road,S35,103.7556,1.3329,101720,1672502400,1704038100
2023,S36,Upper Serangoon Road,S36,103.8657,1.3382,6217,1672530300,1701474600
2023,S40,Mandai Lake Road,S40,103.78962,1.4044,99945,1672502400,1704038100
2023,S43,Kim Chuan Road,S43,103.8878,1.3399,101549,1672502400,1704038100
2023,S44,Nanyang Avenue,S44,103.68166,1.34583,86749,1672502400,1704038100
2023,S50,Clementi Road,S50,103.7768,1.3337,101941,1672502400,1704038100
2023,S60,Sentosa,S60,103.8279,1.25,99489,1672502400,1704038100
2023,S61,Chai Chee Street,S61,103.9217,1.323,18740,1672502400,1678923600
2023,S64,Bukit Panjang Road,S64,103.7603,1.3824,102005,1672502400,1704038100
2023,S66,Kranji Way,S66,103.7363,1.4387,101559,1672502400,1704038100
2023,S69,Upper Peirce Reservoir Park,S69,103.805,1.37,101673,1672502400,1704038100
2023,S71,Kent Ridge Road,S71,103.7815,1.2923,102006,1672502400,1704038100
2023,S77,Alexandra Road,S77,103.8125,1.2937,102010,1672502400,1704038100
2023,S78,Poole Road,S78,103.89067,1.30703,101720,1672502400,1704038100
2023,S79,Somerset Road,S79,103.8372,1.3004,101128,1672502400,1704038100
2023,S81,Punggol Central,S81,103.9092,1.4029,102007,1672502400,1704038100
2023,S84,Simei Avenue,S84,103.9444,1.3437,97594,1672502400,1704038100
2023,S88,Toa Payoh North,S88,103.8482,1.3427,100901,1672502400,1704038100
2023,S89,Tuas Road,S89,103.66162,1.31985,101370,1672502400,1704038100
2023,S90,Bukit Timah Road,S90,103.8191,1.3191,102007,1672502400,1704038100
2023,S900,Seletar Aerospace View,S900,103.86922,1.41284,101695,1672502400,1704038100
2023,S91,Yishun Avenue 5,S91,103.8308,1.4301,1,1676961600,1676961600
2023,S94,Pasir Ris Street 51,S94,103.9528,1.3662,102005,1672502400,1704038100
