station_id,previous_timestamp,timestamp,previous_epoch_s,epoch_s,previous_offset_s,offset_s,gap_s,previous_rain_mm,rain_mm
S07,2017-04-25T11:19:59+08:00,2017-04-25T11:20:00+08:00,1493090399,1493090400,299,0,1,0.0,0.0
S08,2017-04-25T11:19:59+08:00,2017-04-25T11:20:00+08:00,1493090399,1493090400,299,0,1,0.0,0.0
S100,2017-04-25T11:19:59+08:00,2017-04-25T11:20:00+08:00,1493090399,1493090400,299,0,1,0.0,0.0
S101,2017-04-25T11:19:59+08:00,2017-04-25T11:20:00+08:00,1493090399,1493090400,299,0,1,0.0,0.0
S102,2017-04-25T11:19:59+08:00,2017-04-25T11:20:00+08:00,1493090399,1493090400,299,0,1,0.0,0.0
S104,2017-04-25T11:19:59+08:00,2017-04-25T11:20:00+08:00,1493090399,1493090400,299,0,1,0.0,0.0
S106,2017-04-25T11:19:59+08:00,2017-04-25T11:20:00+08:00,1493090399,1493090400,299,0,1,0.0,0.0
S108,2017-04-25T11:19:59+08:00,2017-04-25T11:20:00+08:00,1493090399,1493090400,299,0,1,0.0,0.0
S109,2017-04-25T11:19:59+08:00,2017-04-25T11:20:00+08:00,1493090399,1493090400,299,0,1,0.0,0.0
S11,2017-04-25T11:19:59+08:00,2017-04-25T11:20:00+08:00,1493090399,1493090400,299,0,1,0.0,0.0
S112,2017-04-25T11:19:59+08:00,2017-04-25T11:20:00+08:00,1493090399,1493090400,299,0,1,0.0,0.0
S113,2017-04-25T11:19:59+08:00,2017-04-25T11:20:00+08:00,1493090399,1493090400,299,0,1,0.0,0.0
S114,2017-04-25T11:19:59+08:00,2017-04-25T11:20:00+08:00,1493090399,1493090400,299,0,1,0.0,0.0
S115,2017-04-25T11:19:59+08:00,2017-04-25T11:20:00+08:00,1493090399,1493090400,299,0,1,0.0,0.0
S116,2017-04-25T11:19:59+08:00,2017-04-25T11:20:00+08:00,1493090399,1493090400,299,0,1,0.0,0.0
S117,2017-04-25T11:19:59+08:00,2017-04-25T11:20:00+08:00,1493090399,1493090400,299,0,1,0.0,0.0
S119,2017-04-25T11:19:59+08:00,2017-04-25T11:20:00+08:00,1493090399,1493090400,299,0,1,0.2,0.2
S120,2017-04-25T11:19:59+08:00,2017-04-25T11:20:00+08:00,1493090399,1493090400,299,0,1,0.0,0.0
S122,2017-04-25T11:19:59+08:00,2017-04-25T11:20:00+08:00,1493090399,1493090400,299,0,1,0.0,0.0
S123,2017-04-25T11:19:59+08:00,2017-04-25T11:20:00+08:00,1493090399,1493090400,299,0,1,0.0,0.0
S24,2017-04-25T11:19:59+08:00,2017-04-25T11:20:00+08:00,1493090399,1493090400,299,0,1,0.0,0.0
S29,2017-04-25T11:19:59+08:00,2017-04-25T11:20:00+08:00,1493090399,1493090400,299,0,1,0.0,0.0
S33,2017-04-25T11:19:59+08:00,2017-04-25T11:20:00+08:00,1493090399,1493090400,299,0,1,0.0,0.0
S35,2017-04-25T11:19:59+08:00,2017-04-25T11:20:00+08:00,1493090399,1493090400,299,0,1,0.0,0.0
S43,2017-04-25T11:19:59+08:00,2017-04-25T11:20:00+08:00,1493090399,1493090400,299,0,1,0.0,0.0
S46,2017-04-25T11:19:59+08:00,2017-04-25T11:20:00+08:00,1493090399,1493090400,299,0,1,0.0,0.0
S50,2017-04-25T11:19:59+08:00,2017-04-25T11:20:00+08:00,1493090399,1493090400,299,0,1,0.0,0.0
S55,2017-04-25T11:19:59+08:00,2017-04-25T11:20:00+08:00,1493090399,1493090400,299,0,1,0.0,0.0
S61,2017-04-25T11:19:59+08:00,2017-04-25T11:20:00+08:00,1493090399,1493090400,299,0,1,0.0,0.0
S63,2017-04-25T11:19:59+08:00,2017-04-25T11:20:00+08:00,1493090399,1493090400,299,0,1,0.0,0.0
S64,2017-04-25T11:19:59+08:00,2017-04-25T11:20:00+08:00,1493090399,1493090400,299,0,1,0.0,0.0
S66,2017-04-25T11:19:59+08:00,2017-04-25T11:20:00+08:00,1493090399,1493090400,299,0,1,0.0,0.0
S71,2017-04-25T11:19:59+08:00,2017-04-25T11:20:00+08:00,1493090399,1493090400,299,0,1,0.0,0.0
S77,2017-04-25T11:19:59+08:00,2017-04-25T11:20:00+08:00,1493090399,1493090400,299,0,1,0.0,0.0
S78,2017-04-25T11:19:59+08:00,2017-04-25T11:20:00+08:00,1493090399,1493090400,299,0,1,0.0,0.0
S79,2017-04-25T11:19:59+08:00,2017-04-25T11:20:00+08:00,1493090399,1493090400,299,0,1,0.0,0.0
S81,2017-04-25T11:19:59+08:00,2017-04-25T11:20:00+08:00,1493090399,1493090400,299,0,1,0.0,0.0
S84,2017-04-25T11:19:59+08:00,2017-04-25T11:20:00+08:00,1493090399,1493090400,299,0,1,0.0,0.0
S88,2017-04-25T11:19:59+08:00,2017-04-25T11:20:00+08:00,1493090399,1493090400,299,0,1,0.0,0.0
S89,2017-04-25T11:19:59+08:00,2017-04-25T11:20:00+08:00,1493090399,1493090400,299,0,1,0.0,0.0
S900,2017-04-25T11:19:59+08:00,2017-04-25T11:20:00+08:00,1493090399,1493090400,299,0,1,0.0,0.0
S92,2017-04-25T11:19:59+08:00,2017-04-25T11:20:00+08:00,1493090399,1493090400,299,0,1,0.0,0.0
S94,2017-04-25T11:19:59+08:00,2017-04-25T11:20:00+08:00,1493090399,1493090400,299,0,1,0.0,0.0
S07,2017-04-25T11:20:00+08:00,2017-04-25T11:24:59+08:00,1493090400,1493090699,0,299,299,0.0,0.0
S08,2017-04-25T11:20:00+08:00,2017-04-25T11:24:59+08:00,1493090400,1493090699,0,299,299,0.0,0.0
S100,2017-04-25T11:20:00+08:00,2017-04-25T11:24:59+08:00,1493090400,1493090699,0,299,299,0.0,0.0
S101,2017-04-25T11:20:00+08:00,2017-04-25T11:24:59+08:00,1493090400,1493090699,0,299,299,0.0,0.0
S102,2017-04-25T11:20:00+08:00,2017-04-25T11:24:59+08:00,1493090400,1493090699,0,299,299,0.0,0.0
S104,2017-04-25T11:20:00+08:00,2017-04-25T11:24:59+08:00,1493090400,1493090699,0,299,299,0.0,0.0
S106,2017-04-25T11:20:00+08:00,2017-04-25T11:24:59+08:00,1493090400,1493090699,0,299,299,0.0,0.0
S108,2017-04-25T11:20:00+08:00,2017-04-25T11:24:59+08:00,1493090400,1493090699,0,299,299,0.0,0.0
S109,2017-04-25T11:20:00+08:00,2017-04-25T11:24:59+08:00,1493090400,1493090699,0,299,299,0.0,0.0
S11,2017-04-25T11:20:00+08:00,2017-04-25T11:24:59+08:00,1493090400,1493090699,0,299,299,0.0,0.0
S112,2017-04-25T11:20:00+08:00,2017-04-25T11:24:59+08:00,1493090400,1493090699,0,299,299,0.0,0.0
S113,2017-04-25T11:20:00+08:00,2017-04-25T11:24:59+08:00,1493090400,1493090699,0,299,299,0.0,0.0
S114,2017-04-25T11:20:00+08:00,2017-04-25T11:24:59+08:00,1493090400,1493090699,0,299,299,0.0,0.0
S115,2017-04-25T11:20:00+08:00,2017-04-25T11:24:59+08:00,1493090400,1493090699,0,299,299,0.0,0.0
S116,2017-04-25T11:20:00+08:00,2017-04-25T11:24:59+08:00,1493090400,1493090699,0,299,299,0.0,0.0
S117,2017-04-25T11:20:00+08:00,2017-04-25T11:24:59+08:00,1493090400,1493090699,0,299,299,0.0,0.0
S119,2017-04-25T11:20:00+08:00,2017-04-25T11:24:59+08:00,1493090400,1493090699,0,299,299,0.2,0.2
S120,2017-04-25T11:20:00+08:00,2017-04-25T11:24:59+08:00,1493090400,1493090699,0,299,299,0.0,0.0
S122,2017-04-25T11:20:00+08:00,2017-04-25T11:24:59+08:00,1493090400,1493090699,0,299,299,0.0,0.0
S123,2017-04-25T11:20:00+08:00,2017-04-25T11:24:59+08:00,1493090400,1493090699,0,299,299,0.0,0.0
S24,2017-04-25T11:20:00+08:00,2017-04-25T11:24:59+08:00,1493090400,1493090699,0,299,299,0.0,0.0
S29,2017-04-25T11:20:00+08:00,2017-04-25T11:24:59+08:00,1493090400,1493090699,0,299,299,0.0,0.0
S33,2017-04-25T11:20:00+08:00,2017-04-25T11:24:59+08:00,1493090400,1493090699,0,299,299,0.0,1.4
S35,2017-04-25T11:20:00+08:00,2017-04-25T11:24:59+08:00,1493090400,1493090699,0,299,299,0.0,0.0
S43,2017-04-25T11:20:00+08:00,2017-04-25T11:24:59+08:00,1493090400,1493090699,0,299,299,0.0,0.0
S46,2017-04-25T11:20:00+08:00,2017-04-25T11:24:59+08:00,1493090400,1493090699,0,299,299,0.0,0.0
S50,2017-04-25T11:20:00+08:00,2017-04-25T11:24:59+08:00,1493090400,1493090699,0,299,299,0.0,0.0
S55,2017-04-25T11:20:00+08:00,2017-04-25T11:24:59+08:00,1493090400,1493090699,0,299,299,0.0,0.0
S61,2017-04-25T11:20:00+08:00,2017-04-25T11:24:59+08:00,1493090400,1493090699,0,299,299,0.0,0.0
S63,2017-04-25T11:20:00+08:00,2017-04-25T11:24:59+08:00,1493090400,1493090699,0,299,299,0.0,0.0
S64,2017-04-25T11:20:00+08:00,2017-04-25T11:24:59+08:00,1493090400,1493090699,0,299,299,0.0,0.0
S66,2017-04-25T11:20:00+08:00,2017-04-25T11:24:59+08:00,1493090400,1493090699,0,299,299,0.0,0.0
S71,2017-04-25T11:20:00+08:00,2017-04-25T11:24:59+08:00,1493090400,1493090699,0,299,299,0.0,0.0
S77,2017-04-25T11:20:00+08:00,2017-04-25T11:24:59+08:00,1493090400,1493090699,0,299,299,0.0,0.0
S78,2017-04-25T11:20:00+08:00,2017-04-25T11:24:59+08:00,1493090400,1493090699,0,299,299,0.0,0.0
S79,2017-04-25T11:20:00+08:00,2017-04-25T11:24:59+08:00,1493090400,1493090699,0,299,299,0.0,0.0
S81,2017-04-25T11:20:00+08:00,2017-04-25T11:24:59+08:00,1493090400,1493090699,0,299,299,0.0,0.0
S84,2017-04-25T11:20:00+08:00,2017-04-25T11:24:59+08:00,1493090400,1493090699,0,299,299,0.0,0.0
S88,2017-04-25T11:20:00+08:00,2017-04-25T11:24:59+08:00,1493090400,1493090699,0,299,299,0.0,0.0
S89,2017-04-25T11:20:00+08:00,2017-04-25T11:24:59+08:00,1493090400,1493090699,0,299,299,0.0,0.0
S900,2017-04-25T11:20:00+08:00,2017-04-25T11:24:59+08:00,1493090400,1493090699,0,299,299,0.0,0.0
S92,2017-04-25T11:20:00+08:00,2017-04-25T11:24:59+08:00,1493090400,1493090699,0,299,299,0.0,0.0
S94,2017-04-25T11:20:00+08:00,2017-04-25T11:24:59+08:00,1493090400,1493090699,0,299,299,0.0,0.0
S07,2017-04-25T11:24:59+08:00,2017-04-25T11:25:00+08:00,1493090699,1493090700,299,0,1,0.0,0.0
S08,2017-04-25T11:24:59+08:00,2017-04-25T11:25:00+08:00,1493090699,1493090700,299,0,1,0.0,0.0
S100,2017-04-25T11:24:59+08:00,2017-04-25T11:25:00+08:00,1493090699,1493090700,299,0,1,0.0,0.0
S101,2017-04-25T11:24:59+08:00,2017-04-25T11:25:00+08:00,1493090699,1493090700,299,0,1,0.0,0.0
S102,2017-04-25T11:24:59+08:00,2017-04-25T11:25:00+08:00,1493090699,1493090700,299,0,1,0.0,0.0
S104,2017-04-25T11:24:59+08:00,2017-04-25T11:25:00+08:00,1493090699,1493090700,299,0,1,0.0,0.0
S106,2017-04-25T11:24:59+08:00,2017-04-25T11:25:00+08:00,1493090699,1493090700,299,0,1,0.0,0.0
S108,2017-04-25T11:24:59+08:00,2017-04-25T11:25:00+08:00,1493090699,1493090700,299,0,1,0.0,0.0
S109,2017-04-25T11:24:59+08:00,2017-04-25T11:25:00+08:00,1493090699,1493090700,299,0,1,0.0,0.0
S11,2017-04-25T11:24:59+08:00,2017-04-25T11:25:00+08:00,1493090699,1493090700,299,0,1,0.0,0.0
S112,2017-04-25T11:24:59+08:00,2017-04-25T11:25:00+08:00,1493090699,1493090700,299,0,1,0.0,0.0
S113,2017-04-25T11:24:59+08:00,2017-04-25T11:25:00+08:00,1493090699,1493090700,299,0,1,0.0,0.0
S114,2017-04-25T11:24:59+08:00,2017-04-25T11:25:00+08:00,1493090699,1493090700,299,0,1,0.0,0.0
S115,2017-04-25T11:24:59+08:00,2017-04-25T11:25:00+08:00,1493090699,1493090700,299,0,1,0.0,0.0
S116,2017-04-25T11:24:59+08:00,2017-04-25T11:25:00+08:00,1493090699,1493090700,299,0,1,0.0,0.0
S117,2017-04-25T11:24:59+08:00,2017-04-25T11:25:00+08:00,1493090699,1493090700,299,0,1,0.0,0.0
S119,2017-04-25T11:24:59+08:00,2017-04-25T11:25:00+08:00,1493090699,1493090700,299,0,1,0.2,0.2
S120,2017-04-25T11:24:59+08:00,2017-04-25T11:25:00+08:00,1493090699,1493090700,299,0,1,0.0,0.0
S122,2017-04-25T11:24:59+08:00,2017-04-25T11:25:00+08:00,1493090699,1493090700,299,0,1,0.0,0.0
S123,2017-04-25T11:24:59+08:00,2017-04-25T11:25:00+08:00,1493090699,1493090700,299,0,1,0.0,0.0
S24,2017-04-25T11:24:59+08:00,2017-04-25T11:25:00+08:00,1493090699,1493090700,299,0,1,0.0,0.0
S29,2017-04-25T11:24:59+08:00,2017-04-25T11:25:00+08:00,1493090699,1493090700,299,0,1,0.0,0.0
S33,2017-04-25T11:24:59+08:00,2017-04-25T11:25:00+08:00,1493090699,1493090700,299,0,1,1.4,1.4
S35,2017-04-25T11:24:59+08:00,2017-04-25T11:25:00+08:00,1493090699,1493090700,299,0,1,0.0,0.0
S43,2017-04-25T11:24:59+08:00,2017-04-25T11:25:00+08:00,1493090699,1493090700,299,0,1,0.0,0.0
S46,2017-04-25T11:24:59+08:00,2017-04-25T11:25:00+08:00,1493090699,1493090700,299,0,1,0.0,0.0
S50,2017-04-25T11:24:59+08:00,2017-04-25T11:25:00+08:00,1493090699,1493090700,299,0,1,0.0,0.0
S55,2017-04-25T11:24:59+08:00,2017-04-25T11:25:00+08:00,1493090699,1493090700,299,0,1,0.0,0.0
S61,2017-04-25T11:24:59+08:00,2017-04-25T11:25:00+08:00,1493090699,1493090700,299,0,1,0.0,0.0
S63,2017-04-25T11:24:59+08:00,2017-04-25T11:25:00+08:00,1493090699,1493090700,299,0,1,0.0,0.0
S64,2017-04-25T11:24:59+08:00,2017-04-25T11:25:00+08:00,1493090699,1493090700,299,0,1,0.0,0.0
S66,2017-04-25T11:24:59+08:00,2017-04-25T11:25:00+08:00,1493090699,1493090700,299,0,1,0.0,0.0
S71,2017-04-25T11:24:59+08:00,2017-04-25T11:25:00+08:00,1493090699,1493090700,299,0,1,0.0,0.0
S77,2017-04-25T11:24:59+08:00,2017-04-25T11:25:00+08:00,1493090699,1493090700,299,0,1,0.0,0.0
S78,2017-04-25T11:24:59+08:00,2017-04-25T11:25:00+08:00,1493090699,1493090700,299,0,1,0.0,0.0
S79,2017-04-25T11:24:59+08:00,2017-04-25T11:25:00+08:00,1493090699,1493090700,299,0,1,0.0,0.0
S81,2017-04-25T11:24:59+08:00,2017-04-25T11:25:00+08:00,1493090699,1493090700,299,0,1,0.0,0.0
S84,2017-04-25T11:24:59+08:00,2017-04-25T11:25:00+08:00,1493090699,1493090700,299,0,1,0.0,0.0
S88,2017-04-25T11:24:59+08:00,2017-04-25T11:25:00+08:00,1493090699,1493090700,299,0,1,0.0,0.0
S89,2017-04-25T11:24:59+08:00,2017-04-25T11:25:00+08:00,1493090699,1493090700,299,0,1,0.0,0.0
S900,2017-04-25T11:24:59+08:00,2017-04-25T11:25:00+08:00,1493090699,1493090700,299,0,1,0.0,0.0
S92,2017-04-25T11:24:59+08:00,2017-04-25T11:25:00+08:00,1493090699,1493090700,299,0,1,0.0,0.0
S94,2017-04-25T11:24:59+08:00,2017-04-25T11:25:00+08:00,1493090699,1493090700,299,0,1,0.0,0.0
S118,2017-04-24T22:04:59+08:00,2017-04-25T11:40:00+08:00,1493042699,1493091600,299,0,48901,0.0,0.0
S40,2017-04-25T07:14:59+08:00,2017-04-25T12:00:00+08:00,1493075699,1493092800,299,0,17101,0.0,0.0
S107,2017-04-25T09:29:59+08:00,2017-04-25T12:20:00+08:00,1493083799,1493094000,299,0,10201,0.0,0.0
S44,2017-04-25T11:24:59+08:00,2017-04-28T08:05:00+08:00,1493090699,1493337900,299,0,247201,0.0,0.0
S36,2017-04-24T00:59:59+08:00,2017-05-03T14:30:00+08:00,1492966799,1493793000,299,0,826201,0.0,0.0
S69,2017-04-23T15:59:59+08:00,2017-05-03T14:30:00+08:00,1492934399,1493793000,299,0,858601,0.0,0.0
S91,2017-04-18T00:59:59+08:00,2017-05-03T14:50:00+08:00,1492448399,1493794200,299,0,1345801,0.0,0.0
S90,2017-04-18T03:14:59+08:00,2017-05-03T21:30:00+08:00,1492456499,1493818200,299,0,1361701,0.0,0.0
S121,2017-04-21T08:39:59+08:00,2017-05-04T19:25:00+08:00,1492735199,1493897100,299,0,1161901,0.4,0.0
S60,2017-03-20T21:59:59+08:00,2017-08-31T10:05:00+08:00,1490018399,1504145100,299,0,14126701,0.0,0.0
