station_id,proposed_epoch_s,n,distinct_numeric_rainfall,distinct_reading_text,distinct_metadata
S07,1493090400,2,1,1,1
S07,1493090700,2,1,1,1
S08,1493090400,2,1,1,1
S08,1493090700,2,1,1,1
S100,1493090400,2,1,1,1
S100,1493090700,2,1,1,1
S101,1493090400,2,1,1,1
S101,1493090700,2,1,1,1
S102,1493090400,2,1,1,1
S102,1493090700,2,1,1,1
S104,1493090400,2,1,1,1
S104,1493090700,2,1,1,1
S106,1493090400,2,1,1,1
S106,1493090700,2,1,1,1
S108,1493090400,2,1,1,1
S108,1493090700,2,1,1,1
S109,1493090400,2,1,1,1
S109,1493090700,2,1,1,1
S11,1493090400,2,1,1,1
S11,1493090700,2,1,1,1
S112,1493090400,2,1,1,1
S112,1493090700,2,1,1,1
S113,1493090400,2,1,1,2
S113,1493090700,2,1,1,2
S114,1493090400,2,1,1,1
S114,1493090700,2,1,1,1
S115,1493090400,2,1,1,1
S115,1493090700,2,1,1,1
S116,1493090400,2,1,1,1
S116,1493090700,2,1,1,1
S117,1493090400,2,1,1,1
S117,1493090700,2,1,1,1
S119,1493090400,2,1,1,1
S119,1493090700,2,1,1,1
S120,1493090400,2,1,1,1
S120,1493090700,2,1,1,1
S122,1493090400,2,1,1,1
S122,1493090700,2,1,1,1
S123,1493090400,2,1,1,1
S123,1493090700,2,1,1,1
S24,1493090400,2,1,1,1
S24,1493090700,2,1,1,1
S29,1493090400,2,1,1,1
S29,1493090700,2,1,1,1
S33,1493090400,2,1,1,1
S33,1493090700,2,1,1,1
S35,1493090400,2,1,1,1
S35,1493090700,2,1,1,1
S43,1493090400,2,1,1,1
S43,1493090700,2,1,1,1
S46,1493090400,2,1,1,1
S46,1493090700,2,1,1,1
S50,1493090400,2,1,1,1
S50,1493090700,2,1,1,1
S55,1493090400,2,1,1,1
S55,1493090700,2,1,1,1
S61,1493090400,2,1,1,1
S61,1493090700,2,1,1,1
S63,1493090400,2,1,1,1
S63,1493090700,2,1,1,1
S64,1493090400,2,1,1,1
S64,1493090700,2,1,1,1
S66,1493090400,2,1,1,1
S66,1493090700,2,1,1,1
S71,1493090400,2,1,1,1
S71,1493090700,2,1,1,1
S77,1493090400,2,1,1,1
S77,1493090700,2,1,1,1
S78,1493090400,2,1,1,1
S78,1493090700,2,1,1,1
S79,1493090400,2,1,1,1
S79,1493090700,2,1,1,1
S81,1493090400,2,1,1,1
S81,1493090700,2,1,1,1
S84,1493090400,2,1,1,1
S84,1493090700,2,1,1,1
S88,1493090400,2,1,1,1
S88,1493090700,2,1,1,1
S89,1493090400,2,1,1,1
S89,1493090700,2,1,1,1
S900,1493090400,2,1,1,1
S900,1493090700,2,1,1,1
S92,1493090400,2,1,1,1
S92,1493090700,2,1,1,1
S94,1493090400,2,1,1,1
S94,1493090700,2,1,1,1
