source_year,station_id,rain_year,rain_month,observed_slots,observed_rain_mm
2018,S07,2017,12,1,1.000000000000000000
2018,S07,2018,1,7722,361.000000000000000000
2018,S07,2018,2,4965,84.200000000000000000
2018,S07,2018,3,6475,113.000000000000000000
2018,S07,2018,4,6089,180.400000000000000000
2018,S07,2018,5,8194,223.400000000000000000
2018,S07,2018,6,7800,202.000000000000000000
2018,S07,2018,7,8783,111.000000000000000000
2018,S07,2018,8,671,1.400000000000000000
2018,S07,2018,9,8390,244.200000000000000000
2018,S07,2018,10,8922,237.000000000000000000
2018,S07,2018,11,8624,334.000000000000000000
2018,S07,2018,12,8923,254.800000000000000000
2018,S08,2017,12,1,0.800000000000000000
2018,S08,2018,1,8017,286.800000000000000000
2018,S08,2018,2,4643,81.800000000000000000
2018,S08,2018,3,6149,89.600000000000000000
2018,S08,2018,4,5390,246.200010000000000000
2018,S08,2018,5,8882,253.000010000000000000
2018,S08,2018,6,8566,340.800000000000000000
2018,S08,2018,7,8888,241.599990000000000000
2018,S08,2018,8,662,1.000000000000000000
2018,S08,2018,9,8542,285.800000000000000000
2018,S08,2018,10,8903,305.600010000000000000
2018,S08,2018,11,8614,288.000000000000000000
2018,S08,2018,12,8917,192.200010000000000000
2018,S100,2017,12,1,0E-18
2018,S100,2018,1,6328,242.000000000000000000
2018,S100,2018,2,4803,106.200000000000000000
2018,S100,2018,3,4147,109.800000000000000000
2018,S100,2018,4,5860,201.000000000000000000
2018,S100,2018,5,8713,197.800000000000000000
2018,S100,2018,6,8539,199.400000000000000000
2018,S100,2018,7,8902,118.000000000000000000
2018,S100,2018,8,671,0.400000000000000000
2018,S100,2018,9,8404,91.600000000000000000
2018,S100,2018,10,8912,318.400000000000000000
2018,S100,2018,11,7830,178.400000000000000000
2018,S100,2018,12,8911,160.200000000000000000
2018,S101,2018,1,3763,133.000000000000000000
2018,S101,2018,2,4022,81.800000000000000000
2018,S101,2018,3,6466,222.200010000000000000
2018,S101,2018,4,6082,212.800000000000000000
2018,S101,2018,5,8896,246.000000000000000000
2018,S101,2018,6,8633,408.800010000000000000
2018,S101,2018,7,8906,160.000000000000000000
2018,S101,2018,8,671,0.200000000000000000
2018,S101,2018,9,8416,138.200000000000000000
2018,S101,2018,10,8921,343.600010000000000000
2018,S101,2018,11,8623,322.600010000000000000
2018,S101,2018,12,1845,78.999990000000000000
2018,S102,2018,1,3992,114.000000000000000000
2018,S102,2018,2,4942,79.600000000000000000
2018,S102,2018,3,6222,58.200000000000000000
2018,S102,2018,4,5993,45.200000000000000000
2018,S102,2018,5,8745,179.600000000000000000
2018,S102,2018,6,8443,144.800000000000000000
2018,S102,2018,7,8477,66.400000000000000000
2018,S102,2018,8,657,0.200000000000000000
2018,S102,2018,9,2920,100.200000000000000000
2018,S104,2018,1,7688,221.000000000000000000
2018,S104,2018,2,4981,70.600000000000000000
2018,S104,2018,3,6552,57.800000000000000000
2018,S104,2018,4,5676,185.600000000000000000
2018,S104,2018,5,8905,248.800000000000000000
2018,S104,2018,6,8639,161.800000000000000000
2018,S104,2018,7,8911,120.400000000000000000
2018,S104,2018,8,671,0.800000000000000000
2018,S104,2018,9,8417,158.000010000000000000
2018,S104,2018,10,8924,253.800000000000000000
2018,S104,2018,11,5071,157.000000000000000000
2018,S104,2018,12,2800,130.200000000000000000
2018,S105,2018,12,5760,81.000000000000000000
2018,S106,2017,12,1,0.200000000000000000
2018,S106,2018,1,7232,222.000000000000000000
2018,S106,2018,2,4847,16.200000000000000000
2018,S106,2018,3,6427,48.200000000000000000
2018,S106,2018,4,6055,96.200000000000000000
2018,S106,2018,5,8377,202.200000000000000000
2018,S106,2018,6,8500,247.800020000000000000
2018,S106,2018,7,8567,99.200000000000000000
2018,S106,2018,8,647,3.000000000000000000
2018,S106,2018,9,8430,42.400000000000000000
2018,S106,2018,10,7660,185.400000000000000000
2018,S106,2018,11,2179,129.800000000000000000
2018,S106,2018,12,8151,218.800000000000000000
2018,S107,2017,12,1,1.800000000000000000
2018,S107,2018,1,8711,238.400000000000000000
2018,S107,2018,2,4953,10.800000000000000000
2018,S107,2018,3,6410,14.400000000000000000
2018,S107,2018,4,6076,38.800000000000000000
2018,S107,2018,5,8911,66.400000000000000000
2018,S107,2018,6,7756,79.800000000000000000
2018,S107,2018,7,8905,74.400000000000000000
2018,S107,2018,8,671,2.200000000000000000
2018,S107,2018,9,8542,120.600000000000000000
2018,S107,2018,10,8788,145.000010000000000000
2018,S107,2018,11,7444,160.600000000000000000
2018,S107,2018,12,8920,168.400000000000000000
2018,S108,2018,1,6598,271.000000000000000000
2018,S108,2018,2,4662,8.800000000000000000
2018,S108,2018,3,5825,88.000000000000000000
2018,S108,2018,4,3299,109.599990000000000000
2018,S108,2018,5,4226,105.000000000000000000
2018,S108,2018,6,6880,137.600000000000000000
2018,S108,2018,7,7548,35.800000000000000000
2018,S108,2018,8,530,0E-18
2018,S108,2018,9,5600,127.800000000000000000
2018,S108,2018,10,8281,200.200000000000000000
2018,S108,2018,11,7239,300.200000000000000000
2018,S108,2018,12,7035,146.600000000000000000
2018,S109,2017,12,1,0.400000000000000000
2018,S109,2018,1,8729,330.800000000000000000
2018,S109,2018,2,3726,52.200000000000000000
2018,S109,2018,3,6481,63.800000000000000000
2018,S109,2018,4,6090,255.999980000000000000
2018,S109,2018,5,8904,218.800000000000000000
2018,S109,2018,6,7383,253.600010000000000000
2018,S109,2018,7,8906,147.800000000000000000
2018,S109,2018,8,671,1.000000000000000000
2018,S109,2018,9,8408,250.600000000000000000
2018,S109,2018,10,6129,141.200010000000000000
2018,S109,2018,11,7536,324.800000000000000000
2018,S109,2018,12,6848,198.800000000000000000
2018,S11,2017,12,1,1.400000000000000000
2018,S11,2018,1,8752,326.800010000000000000
2018,S11,2018,2,4967,136.800010000000000000
2018,S11,2018,3,6458,140.599990000000000000
2018,S11,2018,4,6089,223.000000000000000000
2018,S11,2018,5,8916,351.000040000000000000
2018,S11,2018,6,8632,324.800000000000000000
2018,S11,2018,7,8907,124.400000000000000000
2018,S11,2018,8,671,0.200000000000000000
2018,S11,2018,9,7929,78.200000000000000000
2018,S11,2018,10,8831,423.800000000000000000
2018,S11,2018,11,8145,331.200000000000000000
2018,S11,2018,12,6470,245.800000000000000000
2018,S111,2017,12,1,0.400000000000000000
2018,S111,2018,1,7577,358.800000000000000000
2018,S111,2018,2,4939,16.200000000000000000
2018,S111,2018,3,6433,108.000000000000000000
2018,S111,2018,4,6089,141.000000000000000000
2018,S111,2018,5,8904,214.600000000000000000
2018,S111,2018,6,8093,239.600000000000000000
2018,S111,2018,7,8904,67.600000000000000000
2018,S111,2018,8,671,1.200000000000000000
2018,S111,2018,9,8418,222.599980000000000000
2018,S111,2018,10,8920,188.600000000000000000
2018,S111,2018,11,8623,413.000000000000000000
2018,S111,2018,12,8909,259.800000000000000000
2018,S112,2017,12,1,0E-18
2018,S112,2018,1,8024,251.200000000000000000
2018,S112,2018,2,4960,133.400000000000000000
2018,S112,2018,3,6407,157.600000000000000000
2018,S112,2018,4,5192,295.600010000000000000
2018,S112,2018,5,8096,271.800000000000000000
2018,S112,2018,6,7397,275.400000000000000000
2018,S112,2018,7,8520,84.400000000000000000
2018,S112,2018,8,671,0E-18
2018,S112,2018,9,8420,115.000000000000000000
2018,S112,2018,10,8921,321.200000000000000000
2018,S112,2018,11,8622,280.800000000000000000
2018,S112,2018,12,8049,229.599990000000000000
2018,S113,2017,12,1,2.600000000000000000
2018,S113,2018,1,8717,317.400000000000000000
2018,S113,2018,2,4960,34.000000000000000000
2018,S113,2018,3,6484,47.000000000000000000
2018,S113,2018,4,6092,46.200000000000000000
2018,S113,2018,5,8899,175.800010000000000000
2018,S113,2018,6,8633,137.600000000000000000
2018,S113,2018,7,7666,57.400000000000000000
2018,S113,2018,8,671,1.600000000000000000
2018,S113,2018,9,8416,147.400010000000000000
2018,S113,2018,10,8923,153.200000000000000000
2018,S113,2018,11,8623,236.200000000000000000
2018,S113,2018,12,8920,105.600000000000000000
2018,S114,2017,12,1,0E-18
2018,S114,2018,1,8392,329.399990000000000000
2018,S114,2018,2,4961,84.000000000000000000
2018,S114,2018,3,6483,141.400000000000000000
2018,S114,2018,4,6090,236.799990000000000000
2018,S114,2018,5,8910,260.200000000000000000
2018,S114,2018,6,8634,302.599990000000000000
2018,S114,2018,7,8907,140.000010000000000000
2018,S114,2018,8,671,0.200000000000000000
2018,S114,2018,9,8418,136.600000000000000000
2018,S114,2018,10,8922,318.200010000000000000
2018,S114,2018,11,8618,337.800000000000000000
2018,S114,2018,12,8921,194.400000000000000000
2018,S115,2017,12,1,0E-18
2018,S115,2018,1,8430,168.200000000000000000
2018,S115,2018,2,4895,26.600000000000000000
2018,S115,2018,3,6407,188.400000000000000000
2018,S115,2018,4,6021,102.000000000000000000
2018,S115,2018,5,7825,336.600010000000000000
2018,S115,2018,6,7685,273.000020000000000000
2018,S115,2018,7,8839,80.800000000000000000
2018,S115,2018,8,671,0.200000000000000000
2018,S115,2018,9,7683,78.400000000000000000
2018,S115,2018,10,8712,247.400000000000000000
2018,S115,2018,11,8458,435.600000000000000000
2018,S115,2018,12,8742,151.400000000000000000
2018,S116,2017,12,1,0.200000000000000000
2018,S116,2018,1,8572,288.200000000000000000
2018,S116,2018,2,4952,43.200000000000000000
2018,S116,2018,3,6354,185.600000000000000000
2018,S116,2018,4,6053,134.800000000000000000
2018,S116,2018,5,8835,252.400000000000000000
2018,S116,2018,6,8568,239.799990000000000000
2018,S116,2018,7,8842,51.600000000000000000
2018,S116,2018,8,670,0.400000000000000000
2018,S116,2018,9,8377,116.200000000000000000
2018,S116,2018,10,8880,168.800000000000000000
2018,S116,2018,11,8572,364.400000000000000000
2018,S116,2018,12,8859,241.000000000000000000
2018,S117,2017,12,1,1.200000000000000000
2018,S117,2018,1,8273,285.200000000000000000
2018,S117,2018,2,4489,96.000000000000000000
2018,S117,2018,3,6481,129.200000000000000000
2018,S117,2018,4,4890,100.600000000000000000
2018,S117,2018,5,8904,256.600000000000000000
2018,S117,2018,6,8636,255.200000000000000000
2018,S117,2018,7,8906,77.400000000000000000
2018,S117,2018,8,671,0.200000000000000000
2018,S117,2018,9,6483,56.800000000000000000
2018,S117,2018,10,7353,336.000000000000000000
2018,S117,2018,11,8624,422.399990000000000000
2018,S117,2018,12,6452,205.600000000000000000
2018,S118,2017,12,1,0.400000000000000000
2018,S118,2018,1,8157,438.199990000000000000
2018,S118,2018,2,4959,12.400000000000000000
2018,S118,2018,3,6473,97.400000000000000000
2018,S118,2018,4,6088,88.200000000000000000
2018,S118,2018,5,8898,227.800000000000000000
2018,S118,2018,6,8633,124.600000000000000000
2018,S118,2018,7,8906,59.000000000000000000
2018,S118,2018,8,671,1.200000000000000000
2018,S118,2018,9,8414,189.600000000000000000
2018,S118,2018,10,8921,190.400000000000000000
2018,S118,2018,11,8153,402.599990000000000000
2018,S118,2018,12,7547,191.000000000000000000
2018,S119,2017,12,1,1.800000000000000000
2018,S119,2018,1,8396,362.200000000000000000
2018,S119,2018,2,4935,16.600000000000000000
2018,S119,2018,3,6326,74.600000000000000000
2018,S119,2018,4,5908,136.800000000000000000
2018,S119,2018,5,8735,164.600000000000000000
2018,S119,2018,6,8523,211.200000000000000000
2018,S119,2018,7,8744,80.000000000000000000
2018,S119,2018,8,668,1.400000000000000000
2018,S119,2018,9,8277,147.600000000000000000
2018,S119,2018,10,8328,218.400000000000000000
2018,S119,2018,11,6545,285.999990000000000000
2018,S119,2018,12,8814,157.000000000000000000
2018,S120,2017,12,1,0.200000000000000000
2018,S120,2018,1,8729,401.200000000000000000
2018,S120,2018,2,4960,22.200000000000000000
2018,S120,2018,3,6467,165.800000000000000000
2018,S120,2018,4,5595,174.200000000000000000
2018,S120,2018,5,8911,219.000000000000000000
2018,S120,2018,6,8635,296.199990000000000000
2018,S120,2018,7,8907,95.200000000000000000
2018,S120,2018,8,671,1.200000000000000000
2018,S120,2018,9,8417,211.400000000000000000
2018,S120,2018,10,8921,200.200000000000000000
2018,S120,2018,11,8623,395.800000000000000000
2018,S120,2018,12,8922,365.600000000000000000
2018,S121,2017,12,1,0.400000000000000000
2018,S121,2018,1,8066,302.799980000000000000
2018,S121,2018,2,4948,103.800000000000000000
2018,S121,2018,3,6460,166.999990000000000000
2018,S121,2018,4,6087,249.400000000000000000
2018,S121,2018,5,8896,274.400010000000000000
2018,S121,2018,6,8629,358.000000000000000000
2018,S121,2018,7,8896,147.600000000000000000
2018,S121,2018,8,671,0.200000000000000000
2018,S121,2018,9,8531,179.600000000000000000
2018,S121,2018,10,8912,344.200000000000000000
2018,S121,2018,11,8613,320.600000000000000000
2018,S121,2018,12,8916,182.200000000000000000
2018,S122,2017,12,1,0.800000000000000000
2018,S122,2018,1,8708,637.600000000000000000
2018,S122,2018,2,4973,50.200000000000000000
2018,S122,2018,3,6331,131.200000000000000000
2018,S122,2018,4,5041,112.000000000000000000
2018,S122,2018,5,8229,169.800000000000000000
2018,S122,2018,6,8640,234.199990000000000000
2018,S122,2018,7,8911,130.200000000000000000
2018,S122,2018,8,671,0.600000000000000000
2018,S122,2018,9,8416,195.600000000000000000
2018,S122,2018,10,8904,301.000010000000000000
2018,S122,2018,11,5967,197.200000000000000000
2018,S122,2018,12,8923,249.000000000000000000
2018,S123,2017,12,1,1.800000000000000000
2018,S123,2018,1,8732,380.000000000000000000
2018,S123,2018,2,4960,23.200000000000000000
2018,S123,2018,3,6482,77.800000000000000000
2018,S123,2018,4,6092,199.200000000000000000
2018,S123,2018,5,8882,262.000000000000000000
2018,S123,2018,6,8634,233.400000000000000000
2018,S123,2018,7,8906,75.200000000000000000
2018,S123,2018,8,663,1.400000000000000000
2018,S123,2018,9,8416,194.200000000000000000
2018,S123,2018,10,8921,191.600010000000000000
2018,S123,2018,11,8615,373.000000000000000000
2018,S123,2018,12,8912,253.400010000000000000
2018,S215,2018,4,4092,111.447000000000000000
2018,S215,2018,5,8923,220.052000000000000000
2018,S215,2018,6,8640,226.548000000000000000
2018,S215,2018,7,8912,74.095000000000000000
2018,S215,2018,8,671,1.218000000000000000
2018,S215,2018,9,8540,233.384900000000000000
2018,S215,2018,10,8773,178.640000000000000000
2018,S215,2018,11,8623,266.133000000000000000
2018,S215,2018,12,8925,141.694000000000000000
2018,S24,2017,12,1,1.600000000000000000
2018,S24,2018,1,8725,255.400000000000000000
2018,S24,2018,2,4956,14.800000000000000000
2018,S24,2018,3,6474,32.800000000000000000
2018,S24,2018,4,6085,42.000000000000000000
2018,S24,2018,5,8896,132.200000000000000000
2018,S24,2018,6,8630,183.200000000000000000
2018,S24,2018,7,8839,143.400000000000000000
2018,S24,2018,8,671,4.200000000000000000
2018,S24,2018,9,8433,117.000010000000000000
2018,S24,2018,10,8921,235.600000000000000000
2018,S24,2018,11,8604,170.200000000000000000
2018,S24,2018,12,8910,172.800010000000000000
2018,S29,2017,12,1,0E-18
2018,S29,2018,1,6517,145.800000000000000000
2018,S29,2018,2,4967,0.200000000000000000
2018,S29,2018,3,6482,45.000000000000000000
2018,S29,2018,4,6090,71.800000000000000000
2018,S29,2018,5,8904,92.800000000000000000
2018,S29,2018,6,7999,190.200000000000000000
2018,S29,2018,7,8904,157.800000000000000000
2018,S29,2018,8,671,3.000000000000000000
2018,S29,2018,9,6576,45.000000000000000000
2018,S29,2018,10,8920,229.000000000000000000
2018,S29,2018,11,8620,143.600000000000000000
2018,S29,2018,12,8920,151.200000000000000000
2018,S33,2017,12,1,0.400000000000000000
2018,S33,2018,1,7460,297.800000000000000000
2018,S33,2018,2,4964,105.400000000000000000
2018,S33,2018,3,6441,199.400000000000000000
2018,S33,2018,4,6001,233.200020000000000000
2018,S33,2018,5,8585,337.600010000000000000
2018,S33,2018,6,8145,321.000000000000000000
2018,S33,2018,7,8675,142.800000000000000000
2018,S33,2018,8,671,0.400000000000000000
2018,S33,2018,9,8416,144.200000000000000000
2018,S33,2018,10,8924,254.200000000000000000
2018,S33,2018,11,8613,434.000010000000000000
2018,S33,2018,12,8906,367.399980000000000000
2018,S35,2017,12,1,0E-18
2018,S35,2018,1,7205,206.200010000000000000
2018,S35,2018,2,4921,59.000000000000000000
2018,S35,2018,3,6269,113.400000000000000000
2018,S35,2018,4,5621,212.599990000000000000
2018,S35,2018,5,6690,279.199990000000000000
2018,S35,2018,6,8632,648.199990000000000000
2018,S35,2018,7,8811,193.600000000000000000
2018,S35,2018,8,671,0.600000000000000000
2018,S35,2018,9,8415,166.400000000000000000
2018,S35,2018,10,8920,166.200000000000000000
2018,S35,2018,11,8621,331.600010000000000000
2018,S35,2018,12,8905,354.600020000000000000
2018,S36,2017,12,1,0.600000000000000000
2018,S36,2018,1,6556,247.800000000000000000
2018,S36,2018,2,4448,35.200000000000000000
2018,S36,2018,3,5851,42.200000000000000000
2018,S36,2018,4,5090,201.799990000000000000
2018,S36,2018,5,6436,224.800000000000000000
2018,S36,2018,6,7151,207.400020000000000000
2018,S36,2018,7,7696,98.600000000000000000
2018,S36,2018,8,499,0E-18
2018,S36,2018,9,7282,174.400000000000000000
2018,S36,2018,10,5943,48.000000000000000000
2018,S36,2018,11,5575,174.600000000000000000
2018,S36,2018,12,4822,0.400000000000000000
2018,S40,2017,12,1,0E-18
2018,S40,2018,1,8754,370.800000000000000000
2018,S40,2018,2,4965,30.600000000000000000
2018,S40,2018,3,6474,107.000000000000000000
2018,S40,2018,4,6089,179.600000000000000000
2018,S40,2018,5,8900,255.200010000000000000
2018,S40,2018,6,8632,239.800010000000000000
2018,S40,2018,7,8906,139.400000000000000000
2018,S40,2018,8,671,0.400000000000000000
2018,S40,2018,9,8415,158.400000000000000000
2018,S40,2018,10,8921,315.399990000000000000
2018,S40,2018,11,8623,426.000000000000000000
2018,S40,2018,12,8920,220.000000000000000000
2018,S43,2017,12,1,1.000000000000000000
2018,S43,2018,1,8586,387.200000000000000000
2018,S43,2018,2,4959,41.800000000000000000
2018,S43,2018,3,5735,22.800000000000000000
2018,S43,2018,4,5787,108.600000000000000000
2018,S43,2018,5,8906,260.400000000000000000
2018,S43,2018,6,8629,227.200000000000000000
2018,S43,2018,7,8904,110.600000000000000000
2018,S43,2018,8,671,1.800000000000000000
2018,S43,2018,9,8415,186.399990000000000000
2018,S43,2018,10,8496,257.800000000000000000
2018,S43,2018,11,8109,220.000000000000000000
2018,S43,2018,12,8912,133.600000000000000000
2018,S44,2017,12,1,0.200000000000000000
2018,S44,2018,1,8737,313.199980000000000000
2018,S44,2018,2,4959,59.400010000000000000
2018,S44,2018,3,6480,149.800000000000000000
2018,S44,2018,4,5524,260.200010000000000000
2018,S44,2018,5,8907,320.200000000000000000
2018,S44,2018,6,8630,305.000000000000000000
2018,S44,2018,7,8906,81.800000000000000000
2018,S44,2018,8,671,0.200000000000000000
2018,S44,2018,9,8414,125.200000000000000000
2018,S44,2018,10,8918,368.000000000000000000
2018,S44,2018,11,8623,301.800000000000000000
2018,S44,2018,12,8912,321.200000000000000000
2018,S46,2017,12,1,1.000000000000000000
2018,S46,2018,1,6620,246.800000000000000000
2018,S46,2018,2,4591,25.800000000000000000
2018,S46,2018,3,6232,113.200000000000000000
2018,S46,2018,4,5977,208.400000000000000000
2018,S46,2018,5,8110,197.400000000000000000
2018,S46,2018,6,6718,277.799990000000000000
2018,S46,2018,7,8792,93.200000000000000000
2018,S46,2018,8,521,1.000000000000000000
2018,S46,2018,9,8415,249.800000000000000000
2018,S46,2018,10,8559,230.600000000000000000
2018,S46,2018,11,8243,329.799990000000000000
2018,S46,2018,12,7794,295.800000000000000000
2018,S50,2017,12,1,0E-18
2018,S50,2018,1,6958,302.800000000000000000
2018,S50,2018,2,4661,32.200000000000000000
2018,S50,2018,3,6140,80.000000000000000000
2018,S50,2018,4,4635,98.599990000000000000
2018,S50,2018,5,7162,215.199990000000000000
2018,S50,2018,6,8589,560.400010000000000000
2018,S50,2018,7,8893,141.399990000000000000
2018,S50,2018,8,671,0.800000000000000000
2018,S50,2018,9,8525,249.600000000000000000
2018,S50,2018,10,8918,190.200000000000000000
2018,S50,2018,11,8614,358.800020000000000000
2018,S50,2018,12,8914,346.800000000000000000
2018,S55,2017,12,1,0.200000000000000000
2018,S55,2018,1,8749,391.000000000000000000
2018,S55,2018,2,4960,13.000000000000000000
2018,S55,2018,3,6476,47.600000000000000000
2018,S55,2018,4,6090,118.600000000000000000
2018,S55,2018,5,8914,249.600000000000000000
2018,S55,2018,6,8634,241.800000000000000000
2018,S55,2018,7,8903,106.400000000000000000
2018,S55,2018,8,671,1.800000000000000000
2018,S55,2018,9,8408,177.600010000000000000
2018,S55,2018,10,8922,291.799990000000000000
2018,S55,2018,11,8622,286.000000000000000000
2018,S55,2018,12,8923,281.800010000000000000
2018,S60,2018,1,7686,220.200000000000000000
2018,S60,2018,2,3710,32.400000000000000000
2018,S60,2018,3,6460,68.800000000000000000
2018,S60,2018,4,6078,132.000010000000000000
2018,S60,2018,5,8891,118.000000000000000000
2018,S60,2018,6,7332,149.400000000000000000
2018,S60,2018,7,8466,42.000000000000000000
2018,S60,2018,8,670,0.800000000000000000
2018,S60,2018,9,8154,169.000000000000000000
2018,S60,2018,10,8911,298.000010000000000000
2018,S60,2018,11,7973,332.200000000000000000
2018,S60,2018,12,8409,129.400000000000000000
2018,S61,2017,12,1,1.000000000000000000
2018,S61,2018,1,8754,388.000000000000000000
2018,S61,2018,2,4963,22.400000000000000000
2018,S61,2018,3,6468,24.800000000000000000
2018,S61,2018,4,6036,54.600000000000000000
2018,S61,2018,5,8911,152.000010000000000000
2018,S61,2018,6,8176,139.000000000000000000
2018,S61,2018,7,8905,128.400000000000000000
2018,S61,2018,8,671,2.600000000000000000
2018,S61,2018,9,8415,135.200000000000000000
2018,S61,2018,10,8921,212.600000000000000000
2018,S61,2018,11,8621,174.400000000000000000
2018,S61,2018,12,8921,160.800000000000000000
2018,S64,2017,12,1,0E-18
2018,S64,2018,1,8750,398.600020000000000000
2018,S64,2018,2,4960,46.600000000000000000
2018,S64,2018,3,6480,93.200000000000000000
2018,S64,2018,4,6090,160.000020000000000000
2018,S64,2018,5,8907,195.000000000000000000
2018,S64,2018,6,8629,298.000020000000000000
2018,S64,2018,7,8903,117.600000000000000000
2018,S64,2018,8,668,0.400000000000000000
2018,S64,2018,9,8414,106.200000000000000000
2018,S64,2018,10,8920,369.600010000000000000
2018,S64,2018,11,8622,399.200000000000000000
2018,S64,2018,12,8921,181.000000000000000000
2018,S66,2017,12,1,0E-18
2018,S66,2018,1,8233,298.800000000000000000
2018,S66,2018,2,4959,106.200000000000000000
2018,S66,2018,3,6468,140.400000000000000000
2018,S66,2018,4,6085,203.999990000000000000
2018,S66,2018,5,8390,265.200000000000000000
2018,S66,2018,6,8160,176.600000000000000000
2018,S66,2018,7,8528,128.800000000000000000
2018,S66,2018,8,671,0.200000000000000000
2018,S66,2018,9,8414,109.400000000000000000
2018,S66,2018,10,8741,343.399990000000000000
2018,S66,2018,11,8616,315.200000000000000000
2018,S66,2018,12,3459,176.600000000000000000
2018,S69,2017,12,1,0.400000000000000000
2018,S69,2018,1,7776,331.000000000000000000
2018,S69,2018,2,4961,88.000000000000000000
2018,S69,2018,3,6370,68.600000000000000000
2018,S69,2018,4,4514,183.000000000000000000
2018,S69,2018,5,7659,212.800010000000000000
2018,S69,2018,6,7695,382.200000000000000000
2018,S69,2018,7,8370,163.200000000000000000
2018,S69,2018,8,671,0.800000000000000000
2018,S69,2018,9,7132,162.800000000000000000
2018,S69,2018,10,8922,337.200000000000000000
2018,S69,2018,11,8621,375.400010000000000000
2018,S69,2018,12,8923,187.600000000000000000
2018,S71,2017,12,1,0.200000000000000000
2018,S71,2018,1,7304,286.400000000000000000
2018,S71,2018,2,4947,53.600000000000000000
2018,S71,2018,3,6454,199.000010000000000000
2018,S71,2018,4,6056,236.800000000000000000
2018,S71,2018,5,8876,287.200010000000000000
2018,S71,2018,6,8591,324.800010000000000000
2018,S71,2018,7,8746,88.000000000000000000
2018,S71,2018,8,671,0.600000000000000000
2018,S71,2018,9,8335,170.799990000000000000
2018,S71,2018,10,8884,190.200000000000000000
2018,S71,2018,11,8074,351.800000000000000000
2018,S71,2018,12,3905,109.600000000000000000
2018,S77,2017,12,1,0E-18
2018,S77,2018,1,8744,310.800000000000000000
2018,S77,2018,2,4961,33.200000000000000000
2018,S77,2018,3,6473,166.199980000000000000
2018,S77,2018,4,6090,169.000010000000000000
2018,S77,2018,5,8910,187.000000000000000000
2018,S77,2018,6,8632,297.200000000000000000
2018,S77,2018,7,8904,65.400000000000000000
2018,S77,2018,8,671,0.800000000000000000
2018,S77,2018,9,8414,152.800000000000000000
2018,S77,2018,10,8916,162.800000000000000000
2018,S77,2018,11,8613,335.800000000000000000
2018,S77,2018,12,8905,275.800000000000000000
2018,S78,2017,12,1,1.600000000000000000
2018,S78,2018,1,8740,338.000000000000000000
2018,S78,2018,2,4960,20.200000000000000000
2018,S78,2018,3,6467,48.800000000000000000
2018,S78,2018,4,5886,118.600000000000000000
2018,S78,2018,5,8829,187.000000000000000000
2018,S78,2018,6,8631,182.800000000000000000
2018,S78,2018,7,8904,115.600000000000000000
2018,S78,2018,8,671,1.800000000000000000
2018,S78,2018,9,8413,156.200000000000000000
2018,S78,2018,10,8923,178.400000000000000000
2018,S78,2018,11,8623,284.600000000000000000
2018,S78,2018,12,8921,153.399990000000000000
2018,S79,2017,12,1,0.200000000000000000
2018,S79,2018,1,8727,391.400000000000000000
2018,S79,2018,2,4961,12.600000000000000000
2018,S79,2018,3,5599,107.200000000000000000
2018,S79,2018,4,5658,79.400000000000000000
2018,S79,2018,5,8901,217.600000000000000000
2018,S79,2018,6,8634,178.400000000000000000
2018,S79,2018,7,8887,49.200000000000000000
2018,S79,2018,8,671,1.000000000000000000
2018,S79,2018,9,8415,185.800010000000000000
2018,S79,2018,10,8923,172.600000000000000000
2018,S79,2018,11,8623,368.600000000000000000
2018,S79,2018,12,8922,219.000000000000000000
2018,S81,2017,12,1,0.200000000000000000
2018,S81,2018,1,8743,321.600000000000000000
2018,S81,2018,2,4961,17.000000000000000000
2018,S81,2018,3,6467,55.600000000000000000
2018,S81,2018,4,6090,187.800010000000000000
2018,S81,2018,5,8902,191.800000000000000000
2018,S81,2018,6,8634,354.800000000000000000
2018,S81,2018,7,8905,183.800000000000000000
2018,S81,2018,8,671,2.400000000000000000
2018,S81,2018,9,8408,110.600000000000000000
2018,S81,2018,10,8924,338.800000000000000000
2018,S81,2018,11,8622,276.400000000000000000
2018,S81,2018,12,8920,189.000000000000000000
2018,S82,2017,12,1,0E-18
2018,S82,2018,1,8742,170.000000000000000000
2018,S82,2018,2,4849,26.200000000000000000
2018,S82,2018,3,6390,183.199990000000000000
2018,S82,2018,4,6091,80.000000000000000000
2018,S82,2018,5,8760,486.200000000000000000
2018,S82,2018,6,8596,361.599990000000000000
2018,S82,2018,7,8844,161.199990000000000000
2018,S82,2018,8,650,0E-18
2018,S82,2018,9,8344,156.400000000000000000
2018,S82,2018,10,8874,342.199990000000000000
2018,S82,2018,11,8576,279.200000000000000000
2018,S82,2018,12,8897,184.600000000000000000
2018,S84,2017,12,1,0.800000000000000000
2018,S84,2018,1,8663,208.400010000000000000
2018,S84,2018,2,4951,19.000000000000000000
2018,S84,2018,3,6467,31.400000000000000000
2018,S84,2018,4,6091,70.600010000000000000
2018,S84,2018,5,8905,101.400000000000000000
2018,S84,2018,6,8630,66.800000000000000000
2018,S84,2018,7,8905,95.000000000000000000
2018,S84,2018,8,671,0E-18
2018,S84,2018,9,8087,49.400000000000000000
2018,S84,2018,10,8342,192.000000000000000000
2018,S84,2018,11,8623,171.000000000000000000
2018,S84,2018,12,5991,99.000000000000000000
2018,S88,2017,12,1,0.800000000000000000
2018,S88,2018,1,8745,407.000000000000000000
2018,S88,2018,2,4961,72.400000000000000000
2018,S88,2018,3,6467,104.000000000000000000
2018,S88,2018,4,6091,256.600010000000000000
2018,S88,2018,5,8901,248.400000000000000000
2018,S88,2018,6,8634,233.200000000000000000
2018,S88,2018,7,8905,112.000000000000000000
2018,S88,2018,8,671,1.600000000000000000
2018,S88,2018,9,8414,224.000000000000000000
2018,S88,2018,10,8923,223.400000000000000000
2018,S88,2018,11,8623,347.800000000000000000
2018,S88,2018,12,8914,265.200000000000000000
2018,S89,2017,12,1,0.200000000000000000
2018,S89,2018,1,8742,258.199990000000000000
2018,S89,2018,2,4960,53.400000000000000000
2018,S89,2018,3,6484,175.999990000000000000
2018,S89,2018,4,6089,133.800000000000000000
2018,S89,2018,5,8907,504.599990000000000000
2018,S89,2018,6,8634,324.800010000000000000
2018,S89,2018,7,8906,111.400000000000000000
2018,S89,2018,8,671,0.200000000000000000
2018,S89,2018,9,8412,104.200000000000000000
2018,S89,2018,10,8924,315.400000000000000000
2018,S89,2018,11,8623,331.800000000000000000
2018,S89,2018,12,8920,340.000010000000000000
2018,S90,2017,12,1,0.200000000000000000
2018,S90,2018,1,8743,309.600000000000000000
2018,S90,2018,2,4961,25.200000000000000000
2018,S90,2018,3,6466,144.200000000000000000
2018,S90,2018,4,6089,186.599990000000000000
2018,S90,2018,5,8912,205.400000000000000000
2018,S90,2018,6,8634,241.200010000000000000
2018,S90,2018,7,8906,106.200000000000000000
2018,S90,2018,8,671,1.200000000000000000
2018,S90,2018,9,8416,224.000000000000000000
2018,S90,2018,10,8924,244.400000000000000000
2018,S90,2018,11,8617,407.799990000000000000
2018,S90,2018,12,8921,391.000000000000000000
2018,S900,2017,12,1,0.600000000000000000
2018,S900,2018,1,8599,369.000000000000000000
2018,S900,2018,2,4959,23.000000000000000000
2018,S900,2018,3,6434,88.000000000000000000
2018,S900,2018,4,6090,146.200000000000000000
2018,S900,2018,5,8555,246.200010000000000000
2018,S900,2018,6,8633,339.600000000000000000
2018,S900,2018,7,8907,90.800000000000000000
2018,S900,2018,8,671,1.200000000000000000
2018,S900,2018,9,8441,238.999990000000000000
2018,S900,2018,10,8675,353.600010000000000000
2018,S900,2018,11,8453,298.999990000000000000
2018,S900,2018,12,8656,325.600010000000000000
2018,S91,2017,12,1,0.600000000000000000
2018,S91,2018,1,8741,247.600000000000000000
2018,S91,2018,2,4961,29.600000000000000000
2018,S91,2018,3,6484,94.600000000000000000
2018,S91,2018,4,6090,125.200010000000000000
2018,S91,2018,5,8914,212.399980000000000000
2018,S91,2018,6,8634,243.999990000000000000
2018,S91,2018,7,8900,97.799990000000000000
2018,S91,2018,8,671,0.400000000000000000
2018,S91,2018,9,8543,176.400000000000000000
2018,S91,2018,10,8863,242.000000000000000000
2018,S91,2018,11,8620,271.800000000000000000
2018,S91,2018,12,3288,100.800000000000000000
2018,S92,2017,12,1,0E-18
2018,S92,2018,1,7419,332.399990000000000000
2018,S92,2018,2,4962,42.600000000000000000
2018,S92,2018,3,6467,159.000000000000000000
2018,S92,2018,4,5845,162.200000000000000000
2018,S92,2018,5,8907,183.999990000000000000
2018,S92,2018,6,8631,145.200000000000000000
2018,S92,2018,7,8905,76.200000000000000000
2018,S92,2018,8,671,0.800000000000000000
2018,S92,2018,9,8413,147.200000000000000000
2018,S92,2018,10,8921,184.800000000000000000
2018,S92,2018,11,8622,339.000000000000000000
2018,S92,2018,12,8213,247.200000000000000000
2018,S94,2017,12,1,0.400000000000000000
2018,S94,2018,1,8733,336.200000000000000000
2018,S94,2018,2,4961,12.400000000000000000
2018,S94,2018,3,6483,31.600000000000000000
2018,S94,2018,4,6090,69.000000000000000000
2018,S94,2018,5,8903,122.400000000000000000
2018,S94,2018,6,8631,151.000000000000000000
2018,S94,2018,7,8904,133.000000000000000000
2018,S94,2018,8,670,3.600000000000000000
2018,S94,2018,9,8411,147.200000000000000000
2018,S94,2018,10,8921,309.400000000000000000
2018,S94,2018,11,8621,219.000000000000000000
2018,S94,2018,12,8921,178.400000000000000000
