year,station_id,month,observed_slots,calendar_slots,missing_calendar_slots,coverage,observed_rain_mm,first_slot_end,last_slot_end
2024,S06,1,0,8928,8928,0.0,0,,
2024,S06,2,0,8352,8352,0.0,0,,
2024,S06,3,0,8928,8928,0.0,0,,
2024,S06,4,0,8640,8640,0.0,0,,
2024,S06,5,0,8928,8928,0.0,0,,
2024,S06,6,0,8640,8640,0.0,0,,
2024,S06,7,0,8928,8928,0.0,0,,
2024,S06,8,0,8928,8928,0.0,0,,
2024,S06,9,0,8640,8640,0.0,0,,
2024,S06,10,0,8928,8928,0.0,0,,
2024,S06,11,6719,8640,1921,0.7776620370370371,317.800000000000000000,2024-11-07 15:50:00,2024-11-30 23:55:00
2024,S06,12,8915,8928,13,0.9985439068100358,251.399990000000000000,2024-12-01 00:00:00,2024-12-31 23:55:00
2024,S07,1,8188,8928,740,0.9171146953405018,372.200000000000000000,2024-01-01 00:00:00,2024-01-31 23:55:00
2024,S07,2,8348,8352,4,0.9995210727969349,130.000000000000000000,2024-02-01 00:00:00,2024-02-29 23:55:00
2024,S07,3,8924,8928,4,0.9995519713261649,182.000000000000000000,2024-03-01 00:00:00,2024-03-31 23:55:00
2024,S07,4,8638,8640,2,0.9997685185185186,230.799990000000000000,2024-04-01 00:00:00,2024-04-30 23:55:00
2024,S07,5,8723,8928,205,0.9770385304659498,261.400000000000000000,2024-05-01 00:00:00,2024-05-31 23:55:00
2024,S07,6,8624,8640,16,0.9981481481481481,268.800000000000000000,2024-06-01 00:00:00,2024-06-30 23:55:00
2024,S07,7,8773,8928,155,0.9826388888888888,75.400000000000000000,2024-07-01 00:00:00,2024-07-31 23:55:00
2024,S07,8,7553,8928,1375,0.8459901433691757,83.200000000000000000,2024-08-01 00:00:00,2024-08-31 23:55:00
2024,S07,9,8536,8640,104,0.9879629629629629,279.400000000000000000,2024-09-01 00:00:00,2024-09-30 23:55:00
2024,S07,10,8928,8928,0,1.0,160.400000000000000000,2024-10-01 00:00:00,2024-10-31 23:55:00
2024,S07,11,8389,8640,251,0.970949074074074,377.200000000000000000,2024-11-01 00:00:00,2024-11-30 23:55:00
2024,S07,12,8916,8928,12,0.9986559139784946,240.800000000000000000,2024-12-01 00:00:00,2024-12-31 23:55:00
2024,S08,1,8928,8928,0,1.0,461.399990000000000000,2024-01-01 00:00:00,2024-01-31 23:55:00
2024,S08,2,8348,8352,4,0.9995210727969349,135.400000000000000000,2024-02-01 00:00:00,2024-02-29 23:55:00
2024,S08,3,8928,8928,0,1.0,113.600000000000000000,2024-03-01 00:00:00,2024-03-31 23:55:00
2024,S08,4,8640,8640,0,1.0,276.200010000000000000,2024-04-01 00:00:00,2024-04-30 23:55:00
2024,S08,5,8723,8928,205,0.9770385304659498,367.800010000000000000,2024-05-01 00:00:00,2024-05-31 23:55:00
2024,S08,6,8625,8640,15,0.9982638888888888,283.200000000000000000,2024-06-01 00:00:00,2024-06-30 23:55:00
2024,S08,7,8920,8928,8,0.9991039426523297,51.400000000000000000,2024-07-01 00:00:00,2024-07-31 23:55:00
2024,S08,8,8508,8928,420,0.9529569892473119,80.800000000000000000,2024-08-01 00:00:00,2024-08-31 23:55:00
2024,S08,9,8539,8640,101,0.9883101851851852,169.399990000000000000,2024-09-01 00:00:00,2024-09-30 23:55:00
2024,S08,10,5118,8928,3810,0.573252688172043,50.400000000000000000,2024-10-01 00:00:00,2024-10-31 23:55:00
2024,S08,11,8390,8640,250,0.9710648148148148,458.800010000000000000,2024-11-01 00:00:00,2024-11-30 23:55:00
2024,S08,12,8916,8928,12,0.9986559139784946,197.000000000000000000,2024-12-01 00:00:00,2024-12-31 23:55:00
2024,S102,1,0,8928,8928,0.0,0,,
2024,S102,2,0,8352,8352,0.0,0,,
2024,S102,3,0,8928,8928,0.0,0,,
2024,S102,4,0,8640,8640,0.0,0,,
2024,S102,5,0,8928,8928,0.0,0,,
2024,S102,6,1535,8640,7105,0.17766203703703703,0.200000000000000000,2024-06-25 15:40:00,2024-06-30 23:55:00
2024,S102,7,5034,8928,3894,0.5638440860215054,28.800000000000000000,2024-07-01 00:00:00,2024-07-18 12:50:00
2024,S102,8,0,8928,8928,0.0,0,,
2024,S102,9,0,8640,8640,0.0,0,,
2024,S102,10,0,8928,8928,0.0,0,,
2024,S102,11,0,8640,8640,0.0,0,,
2024,S102,12,0,8928,8928,0.0,0,,
2024,S104,1,8927,8928,1,0.9998879928315412,391.800000000000000000,2024-01-01 00:00:00,2024-01-31 23:55:00
2024,S104,2,8183,8352,169,0.9797653256704981,153.800000000000000000,2024-02-01 00:00:00,2024-02-29 23:55:00
2024,S104,3,8924,8928,4,0.9995519713261649,186.599990000000000000,2024-03-01 00:00:00,2024-03-31 23:55:00
2024,S104,4,8627,8640,13,0.9984953703703704,226.200000000000000000,2024-04-01 00:00:00,2024-04-30 23:55:00
2024,S104,5,8723,8928,205,0.9770385304659498,142.400000000000000000,2024-05-01 00:00:00,2024-05-31 23:55:00
2024,S104,6,8625,8640,15,0.9982638888888888,383.399990000000000000,2024-06-01 00:00:00,2024-06-30 23:55:00
2024,S104,7,8638,8928,290,0.9675179211469535,47.400000000000000000,2024-07-01 00:00:00,2024-07-31 23:55:00
2024,S104,8,7047,8928,1881,0.7893145161290323,168.200000000000000000,2024-08-01 00:00:00,2024-08-31 23:55:00
2024,S104,9,8189,8640,451,0.9478009259259259,235.200000000000000000,2024-09-01 00:00:00,2024-09-30 23:55:00
2024,S104,10,8853,8928,75,0.9915994623655914,172.000000000000000000,2024-10-01 00:00:00,2024-10-31 23:55:00
2024,S104,11,8390,8640,250,0.9710648148148148,535.400020000000000000,2024-11-01 00:00:00,2024-11-30 23:55:00
2024,S104,12,8916,8928,12,0.9986559139784946,224.600000000000000000,2024-12-01 00:00:00,2024-12-31 23:55:00
2024,S106,1,0,8928,8928,0.0,0,,
2024,S106,2,0,8352,8352,0.0,0,,
2024,S106,3,0,8928,8928,0.0,0,,
2024,S106,4,0,8640,8640,0.0,0,,
2024,S106,5,0,8928,8928,0.0,0,,
2024,S106,6,0,8640,8640,0.0,0,,
2024,S106,7,0,8928,8928,0.0,0,,
2024,S106,8,0,8928,8928,0.0,0,,
2024,S106,9,0,8640,8640,0.0,0,,
2024,S106,10,0,8928,8928,0.0,0,,
2024,S106,11,6738,8640,1902,0.7798611111111111,436.000010000000000000,2024-11-06 17:35:00,2024-11-30 23:55:00
2024,S106,12,8916,8928,12,0.9986559139784946,104.400000000000000000,2024-12-01 00:00:00,2024-12-31 23:55:00
2024,S107,1,8435,8928,493,0.9447804659498208,346.000000000000000000,2024-01-01 00:00:00,2024-01-31 23:55:00
2024,S107,2,7069,8352,1283,0.8463840996168582,70.600000000000000000,2024-02-01 00:00:00,2024-02-29 23:55:00
2024,S107,3,8928,8928,0,1.0,114.200000000000000000,2024-03-01 00:00:00,2024-03-31 23:55:00
2024,S107,4,8458,8640,182,0.9789351851851852,154.200000000000000000,2024-04-01 00:00:00,2024-04-30 23:55:00
2024,S107,5,8794,8928,134,0.9849910394265233,153.799990000000000000,2024-05-01 00:00:00,2024-05-31 23:55:00
2024,S107,6,8496,8640,144,0.9833333333333333,233.800000000000000000,2024-06-01 00:00:00,2024-06-30 23:55:00
2024,S107,7,8174,8928,754,0.9155465949820788,31.000000000000000000,2024-07-01 00:00:00,2024-07-31 23:55:00
2024,S107,8,8913,8928,15,0.9983198924731183,104.000000000000000000,2024-08-01 00:00:00,2024-08-31 23:55:00
2024,S107,9,8538,8640,102,0.9881944444444445,178.000000000000000000,2024-09-01 00:00:00,2024-09-30 23:55:00
2024,S107,10,8928,8928,0,1.0,143.600000000000000000,2024-10-01 00:00:00,2024-10-31 23:55:00
2024,S107,11,8390,8640,250,0.9710648148148148,342.600000000000000000,2024-11-01 00:00:00,2024-11-30 23:55:00
2024,S107,12,8915,8928,13,0.9985439068100358,234.999990000000000000,2024-12-01 00:00:00,2024-12-31 23:55:00
2024,S108,1,0,8928,8928,0.0,0,,
2024,S108,2,0,8352,8352,0.0,0,,
2024,S108,3,0,8928,8928,0.0,0,,
2024,S108,4,0,8640,8640,0.0,0,,
2024,S108,5,6764,8928,2164,0.7576164874551972,134.400000000000000000,2024-05-02 15:40:00,2024-05-31 23:55:00
2024,S108,6,8625,8640,15,0.9982638888888888,232.999980000000000000,2024-06-01 00:00:00,2024-06-30 23:55:00
2024,S108,7,8924,8928,4,0.9995519713261649,70.200000000000000000,2024-07-01 00:00:00,2024-07-31 23:55:00
2024,S108,8,8757,8928,171,0.9808467741935484,58.000000000000000000,2024-08-01 00:00:00,2024-08-31 23:55:00
2024,S108,9,8553,8640,87,0.9899305555555555,31.200000000000000000,2024-09-01 00:00:00,2024-09-30 23:55:00
2024,S108,10,8226,8928,702,0.9213709677419355,150.800000000000000000,2024-10-01 00:00:00,2024-10-31 23:55:00
2024,S108,11,1414,8640,7226,0.16365740740740742,11.800000000000000000,2024-11-01 00:00:00,2024-11-05 21:55:00
2024,S108,12,0,8928,8928,0.0,0,,
2024,S109,1,8909,8928,19,0.9978718637992832,366.000000000000000000,2024-01-01 00:00:00,2024-01-31 23:55:00
2024,S109,2,8342,8352,10,0.9988026819923371,150.000000000000000000,2024-02-01 00:00:00,2024-02-29 23:55:00
2024,S109,3,8836,8928,92,0.9896953405017921,128.000000000000000000,2024-03-01 00:00:00,2024-03-31 23:55:00
2024,S109,4,8616,8640,24,0.9972222222222222,312.000000000000000000,2024-04-01 00:00:00,2024-04-30 23:55:00
2024,S109,5,8719,8928,209,0.9765905017921147,368.600000000000000000,2024-05-01 00:00:00,2024-05-31 23:55:00
2024,S109,6,7477,8640,1163,0.8653935185185185,214.200000000000000000,2024-06-01 00:00:00,2024-06-30 23:55:00
2024,S109,7,8910,8928,18,0.9979838709677419,68.600000000000000000,2024-07-01 00:00:00,2024-07-31 23:55:00
2024,S109,8,8913,8928,15,0.9983198924731183,69.000000000000000000,2024-08-01 00:00:00,2024-08-31 23:55:00
2024,S109,9,8540,8640,100,0.9884259259259259,202.599990000000000000,2024-09-01 00:00:00,2024-09-30 23:55:00
2024,S109,10,8928,8928,0,1.0,158.000000000000000000,2024-10-01 00:00:00,2024-10-31 23:55:00
2024,S109,11,8390,8640,250,0.9710648148148148,479.199990000000000000,2024-11-01 00:00:00,2024-11-30 23:55:00
2024,S109,12,8915,8928,13,0.9985439068100358,173.200000000000000000,2024-12-01 00:00:00,2024-12-31 23:55:00
2024,S111,1,8923,8928,5,0.9994399641577061,357.400000000000000000,2024-01-01 00:00:00,2024-01-31 23:55:00
2024,S111,2,8348,8352,4,0.9995210727969349,181.600000000000000000,2024-02-01 00:00:00,2024-02-29 23:55:00
2024,S111,3,8928,8928,0,1.0,187.000000000000000000,2024-03-01 00:00:00,2024-03-31 23:55:00
2024,S111,4,8640,8640,0,1.0,194.800000000000000000,2024-04-01 00:00:00,2024-04-30 23:55:00
2024,S111,5,8723,8928,205,0.9770385304659498,198.000000000000000000,2024-05-01 00:00:00,2024-05-31 23:55:00
2024,S111,6,8624,8640,16,0.9981481481481481,236.800000000000000000,2024-06-01 00:00:00,2024-06-30 23:55:00
2024,S111,7,8926,8928,2,0.9997759856630825,35.200000000000000000,2024-07-01 00:00:00,2024-07-31 23:55:00
2024,S111,8,7310,8928,1618,0.8187724014336918,93.600000000000000000,2024-08-01 00:00:00,2024-08-31 23:55:00
2024,S111,9,8545,8640,95,0.9890046296296297,215.800000000000000000,2024-09-01 00:00:00,2024-09-30 23:55:00
2024,S111,10,8928,8928,0,1.0,199.200000000000000000,2024-10-01 00:00:00,2024-10-31 23:55:00
2024,S111,11,8390,8640,250,0.9710648148148148,373.600000000000000000,2024-11-01 00:00:00,2024-11-30 23:55:00
2024,S111,12,8916,8928,12,0.9986559139784946,233.400000000000000000,2024-12-01 00:00:00,2024-12-31 23:55:00
2024,S112,1,8928,8928,0,1.0,434.000000000000000000,2024-01-01 00:00:00,2024-01-31 23:55:00
2024,S112,2,8348,8352,4,0.9995210727969349,145.999990000000000000,2024-02-01 00:00:00,2024-02-29 23:55:00
2024,S112,3,8928,8928,0,1.0,158.800000000000000000,2024-03-01 00:00:00,2024-03-31 23:55:00
2024,S112,4,8640,8640,0,1.0,216.800000000000000000,2024-04-01 00:00:00,2024-04-30 23:55:00
2024,S112,5,8722,8928,206,0.9769265232974911,375.800000000000000000,2024-05-01 00:00:00,2024-05-31 23:55:00
2024,S112,6,8260,8640,380,0.9560185185185185,365.800000000000000000,2024-06-01 00:00:00,2024-06-30 23:55:00
2024,S112,7,7881,8928,1047,0.8827284946236559,18.400000000000000000,2024-07-01 00:00:00,2024-07-31 19:00:00
2024,S112,8,4534,8928,4394,0.5078405017921147,89.800000000000000000,2024-08-01 01:10:00,2024-08-31 09:35:00
2024,S112,9,6781,8640,1859,0.7848379629629629,204.600000000000000000,2024-09-01 01:15:00,2024-09-30 23:55:00
2024,S112,10,7645,8928,1283,0.8562948028673835,179.600000000000000000,2024-10-01 00:00:00,2024-10-28 10:00:00
2024,S112,11,0,8640,8640,0.0,0,,
2024,S112,12,6227,8928,2701,0.6974686379928315,290.599990000000000000,2024-12-10 09:05:00,2024-12-31 23:55:00
2024,S113,1,8901,8928,27,0.9969758064516129,377.200000000000000000,2024-01-01 00:00:00,2024-01-31 23:55:00
2024,S113,2,8348,8352,4,0.9995210727969349,107.800000000000000000,2024-02-01 00:00:00,2024-02-29 23:55:00
2024,S113,3,8751,8928,177,0.9801747311827957,126.400000000000000000,2024-03-01 00:00:00,2024-03-31 23:55:00
2024,S113,4,8640,8640,0,1.0,162.800000000000000000,2024-04-01 00:00:00,2024-04-30 23:55:00
2024,S113,5,8723,8928,205,0.9770385304659498,211.000000000000000000,2024-05-01 00:00:00,2024-05-31 23:55:00
2024,S113,6,8595,8640,45,0.9947916666666666,231.800000000000000000,2024-06-01 00:00:00,2024-06-30 23:55:00
2024,S113,7,8928,8928,0,1.0,78.000000000000000000,2024-07-01 00:00:00,2024-07-31 23:55:00
2024,S113,8,7887,8928,1041,0.8834005376344086,89.800000000000000000,2024-08-01 00:00:00,2024-08-31 23:55:00
2024,S113,9,6451,8640,2189,0.7466435185185185,115.000000000000000000,2024-09-01 00:00:00,2024-09-30 23:55:00
2024,S113,10,8928,8928,0,1.0,141.600000000000000000,2024-10-01 00:00:00,2024-10-31 23:55:00
2024,S113,11,8390,8640,250,0.9710648148148148,318.800000000000000000,2024-11-01 00:00:00,2024-11-30 23:55:00
2024,S113,12,8149,8928,779,0.9127464157706093,35.600000000000000000,2024-12-01 00:00:00,2024-12-31 23:55:00
2024,S114,1,8636,8928,292,0.9672939068100358,396.400000000000000000,2024-01-01 00:00:00,2024-01-31 23:55:00
2024,S114,2,8348,8352,4,0.9995210727969349,187.800010000000000000,2024-02-01 00:00:00,2024-02-29 23:55:00
2024,S114,3,8928,8928,0,1.0,208.000010000000000000,2024-03-01 00:00:00,2024-03-31 23:55:00
2024,S114,4,8640,8640,0,1.0,165.000000000000000000,2024-04-01 00:00:00,2024-04-30 23:55:00
2024,S114,5,8722,8928,206,0.9769265232974911,210.400000000000000000,2024-05-01 00:00:00,2024-05-31 23:55:00
2024,S114,6,8625,8640,15,0.9982638888888888,403.999990000000000000,2024-06-01 00:00:00,2024-06-30 23:55:00
2024,S114,7,8927,8928,1,0.9998879928315412,91.800000000000000000,2024-07-01 00:00:00,2024-07-31 23:55:00
2024,S114,8,8914,8928,14,0.9984318996415771,227.799990000000000000,2024-08-01 00:00:00,2024-08-31 23:55:00
2024,S114,9,8559,8640,81,0.990625,210.200010000000000000,2024-09-01 00:00:00,2024-09-30 23:55:00
2024,S114,10,8928,8928,0,1.0,226.000000000000000000,2024-10-01 00:00:00,2024-10-31 23:55:00
2024,S114,11,5342,8640,3298,0.618287037037037,297.000010000000000000,2024-11-01 00:00:00,2024-11-20 09:55:00
2024,S114,12,0,8928,8928,0.0,0,,
2024,S115,1,8915,8928,13,0.9985439068100358,314.400000000000000000,2024-01-01 00:00:00,2024-01-31 23:55:00
2024,S115,2,8348,8352,4,0.9995210727969349,149.000000000000000000,2024-02-01 00:00:00,2024-02-29 23:55:00
2024,S115,3,8928,8928,0,1.0,188.200000000000000000,2024-03-01 00:00:00,2024-03-31 23:55:00
2024,S115,4,8640,8640,0,1.0,233.200000000000000000,2024-04-01 00:00:00,2024-04-30 23:55:00
2024,S115,5,8923,8928,5,0.9994399641577061,255.200000000000000000,2024-05-01 00:00:00,2024-05-31 23:55:00
2024,S115,6,5398,8640,3242,0.6247685185185186,40.000000000000000000,2024-06-01 00:00:00,2024-06-30 23:55:00
2024,S115,7,8928,8928,0,1.0,100.200000000000000000,2024-07-01 00:00:00,2024-07-31 23:55:00
2024,S115,8,8913,8928,15,0.9983198924731183,219.200000000000000000,2024-08-01 00:00:00,2024-08-31 23:55:00
2024,S115,9,8543,8640,97,0.9887731481481481,225.400000000000000000,2024-09-01 00:00:00,2024-09-30 23:55:00
2024,S115,10,8749,8928,179,0.9799507168458781,147.200000000000000000,2024-10-01 00:00:00,2024-10-31 23:55:00
2024,S115,11,8265,8640,375,0.9565972222222222,307.800000000000000000,2024-11-01 00:00:00,2024-11-30 23:55:00
2024,S115,12,8868,8928,60,0.9932795698924731,278.600000000000000000,2024-12-01 00:00:00,2024-12-31 23:55:00
2024,S116,1,8925,8928,3,0.9996639784946236,392.600000000000000000,2024-01-01 00:00:00,2024-01-31 23:55:00
2024,S116,2,6503,8352,1849,0.7786159003831418,139.200000000000000000,2024-02-01 00:00:00,2024-02-29 23:55:00
2024,S116,3,8923,8928,5,0.9994399641577061,193.800000000000000000,2024-03-01 00:00:00,2024-03-31 23:55:00
2024,S116,4,8639,8640,1,0.9998842592592593,214.000000000000000000,2024-04-01 00:00:00,2024-04-30 23:55:00
2024,S116,5,4815,8928,4113,0.5393145161290323,196.400000000000000000,2024-05-01 00:00:00,2024-05-31 23:55:00
2024,S116,6,8625,8640,15,0.9982638888888888,198.200000000000000000,2024-06-01 00:00:00,2024-06-30 23:55:00
2024,S116,7,8925,8928,3,0.9996639784946236,145.600000000000000000,2024-07-01 00:00:00,2024-07-31 23:55:00
2024,S116,8,7011,8928,1917,0.7852822580645161,93.800000000000000000,2024-08-01 00:00:00,2024-08-31 23:55:00
2024,S116,9,8639,8640,1,0.9998842592592593,204.599990000000000000,2024-09-01 00:00:00,2024-09-30 23:55:00
2024,S116,10,8924,8928,4,0.9995519713261649,176.000000000000000000,2024-10-01 00:00:00,2024-10-31 23:55:00
2024,S116,11,8390,8640,250,0.9710648148148148,330.000000000000000000,2024-11-01 00:00:00,2024-11-30 23:55:00
2024,S116,12,8916,8928,12,0.9986559139784946,163.399990000000000000,2024-12-01 00:00:00,2024-12-31 23:55:00
2024,S117,1,8928,8928,0,1.0,364.000000000000000000,2024-01-01 00:00:00,2024-01-31 23:55:00
2024,S117,2,8348,8352,4,0.9995210727969349,156.400010000000000000,2024-02-01 00:00:00,2024-02-29 23:55:00
2024,S117,3,8638,8928,290,0.9675179211469535,132.200000000000000000,2024-03-01 00:00:00,2024-03-31 23:55:00
2024,S117,4,8640,8640,0,1.0,309.800000000000000000,2024-04-01 00:00:00,2024-04-30 23:55:00
2024,S117,5,8919,8928,9,0.998991935483871,315.400000000000000000,2024-05-01 00:00:00,2024-05-31 23:55:00
2024,S117,6,8617,8640,23,0.997337962962963,224.000010000000000000,2024-06-01 00:00:00,2024-06-30 23:55:00
2024,S117,7,8621,8928,307,0.9656137992831542,89.200000000000000000,2024-07-01 00:00:00,2024-07-31 23:55:00
2024,S117,8,4601,8928,4327,0.515344982078853,85.000000000000000000,2024-08-01 00:00:00,2024-08-31 23:55:00
2024,S117,9,8495,8640,145,0.9832175925925926,124.200000000000000000,2024-09-01 00:00:00,2024-09-30 23:55:00
2024,S117,10,8925,8928,3,0.9996639784946236,174.200000000000000000,2024-10-01 00:00:00,2024-10-31 23:55:00
2024,S117,11,8389,8640,251,0.970949074074074,255.400000000000000000,2024-11-01 00:00:00,2024-11-30 23:55:00
2024,S117,12,8916,8928,12,0.9986559139784946,326.800000000000000000,2024-12-01 00:00:00,2024-12-31 23:55:00
2024,S118,1,2413,8928,6515,0.2702732974910394,156.600000000000000000,2024-01-01 00:00:00,2024-01-10 09:25:00
2024,S118,2,0,8352,8352,0.0,0,,
2024,S118,3,0,8928,8928,0.0,0,,
2024,S118,4,0,8640,8640,0.0,0,,
2024,S118,5,0,8928,8928,0.0,0,,
2024,S118,6,0,8640,8640,0.0,0,,
2024,S118,7,0,8928,8928,0.0,0,,
2024,S118,8,0,8928,8928,0.0,0,,
2024,S118,9,0,8640,8640,0.0,0,,
2024,S118,10,0,8928,8928,0.0,0,,
2024,S118,11,0,8640,8640,0.0,0,,
2024,S118,12,0,8928,8928,0.0,0,,
2024,S119,1,8927,8928,1,0.9998879928315412,376.400000000000000000,2024-01-01 00:00:00,2024-01-31 23:55:00
2024,S119,2,8348,8352,4,0.9995210727969349,88.200000000000000000,2024-02-01 00:00:00,2024-02-29 23:55:00
2024,S119,3,8928,8928,0,1.0,154.800000000000000000,2024-03-01 00:00:00,2024-03-31 23:55:00
2024,S119,4,8640,8640,0,1.0,182.000000000000000000,2024-04-01 00:00:00,2024-04-30 23:55:00
2024,S119,5,8722,8928,206,0.9769265232974911,144.800000000000000000,2024-05-01 00:00:00,2024-05-31 23:55:00
2024,S119,6,8625,8640,15,0.9982638888888888,202.400000000000000000,2024-06-01 00:00:00,2024-06-30 23:55:00
2024,S119,7,8820,8928,108,0.9879032258064516,43.400000000000000000,2024-07-01 00:00:00,2024-07-31 23:55:00
2024,S119,8,8516,8928,412,0.953853046594982,75.600000000000000000,2024-08-01 00:00:00,2024-08-31 23:55:00
2024,S119,9,8527,8640,113,0.9869212962962963,205.200000000000000000,2024-09-01 00:00:00,2024-09-30 23:55:00
2024,S119,10,8928,8928,0,1.0,195.200000000000000000,2024-10-01 00:00:00,2024-10-31 23:55:00
2024,S119,11,8390,8640,250,0.9710648148148148,343.199980000000000000,2024-11-01 00:00:00,2024-11-30 23:55:00
2024,S119,12,8916,8928,12,0.9986559139784946,199.000000000000000000,2024-12-01 00:00:00,2024-12-31 23:55:00
2024,S120,1,8926,8928,2,0.9997759856630825,404.000000000000000000,2024-01-01 00:00:00,2024-01-31 23:55:00
2024,S120,2,8347,8352,5,0.9994013409961686,173.600000000000000000,2024-02-01 00:00:00,2024-02-29 23:55:00
2024,S120,3,5001,8928,3927,0.5601478494623656,161.400000000000000000,2024-03-01 00:00:00,2024-03-31 23:55:00
2024,S120,4,8632,8640,8,0.9990740740740741,222.000000000000000000,2024-04-01 00:00:00,2024-04-30 23:55:00
2024,S120,5,475,8928,8453,0.053203405017921146,7.400000000000000000,2024-05-01 00:00:00,2024-05-02 15:35:00
2024,S120,6,0,8640,8640,0.0,0,,
2024,S120,7,0,8928,8928,0.0,0,,
2024,S120,8,0,8928,8928,0.0,0,,
2024,S120,9,0,8640,8640,0.0,0,,
2024,S120,10,0,8928,8928,0.0,0,,
2024,S120,11,0,8640,8640,0.0,0,,
2024,S120,12,0,8928,8928,0.0,0,,
2024,S121,1,8921,8928,7,0.9992159498207885,356.000000000000000000,2024-01-01 00:00:00,2024-01-31 23:55:00
2024,S121,2,8348,8352,4,0.9995210727969349,207.799990000000000000,2024-02-01 00:00:00,2024-02-29 23:55:00
2024,S121,3,8928,8928,0,1.0,185.800000000000000000,2024-03-01 00:00:00,2024-03-31 23:55:00
2024,S121,4,8640,8640,0,1.0,162.200000000000000000,2024-04-01 00:00:00,2024-04-30 23:55:00
2024,S121,5,8922,8928,6,0.9993279569892473,259.599980000000000000,2024-05-01 00:00:00,2024-05-31 23:55:00
2024,S121,6,5731,8640,2909,0.6633101851851851,306.400010000000000000,2024-06-01 00:00:00,2024-06-29 07:25:00
2024,S121,7,8630,8928,298,0.9666218637992832,95.400000000000000000,2024-07-01 14:35:00,2024-07-31 23:55:00
2024,S121,8,7705,8928,1223,0.8630152329749103,177.000000000000000000,2024-08-01 00:00:00,2024-08-31 23:55:00
2024,S121,9,8533,8640,107,0.9876157407407408,234.800000000000000000,2024-09-01 00:00:00,2024-09-30 23:55:00
2024,S121,10,8924,8928,4,0.9995519713261649,215.400000000000000000,2024-10-01 00:00:00,2024-10-31 23:55:00
2024,S121,11,8389,8640,251,0.970949074074074,366.200000000000000000,2024-11-01 00:00:00,2024-11-30 23:55:00
2024,S121,12,8915,8928,13,0.9985439068100358,167.600000000000000000,2024-12-01 00:00:00,2024-12-31 23:55:00
2024,S123,1,8913,8928,15,0.9983198924731183,386.400000000000000000,2024-01-01 00:00:00,2024-01-31 23:55:00
2024,S123,2,8348,8352,4,0.9995210727969349,112.800000000000000000,2024-02-01 00:00:00,2024-02-29 23:55:00
2024,S123,3,6323,8928,2605,0.7082213261648745,219.400000000000000000,2024-03-01 00:00:00,2024-03-31 23:55:00
2024,S123,4,8627,8640,13,0.9984953703703704,243.600010000000000000,2024-04-01 00:00:00,2024-04-30 23:55:00
2024,S123,5,8722,8928,206,0.9769265232974911,253.799990000000000000,2024-05-01 00:00:00,2024-05-31 23:55:00
2024,S123,6,8625,8640,15,0.9982638888888888,214.800000000000000000,2024-06-01 00:00:00,2024-06-30 23:55:00
2024,S123,7,6501,8928,2427,0.7281586021505376,34.600000000000000000,2024-07-01 00:00:00,2024-07-31 23:55:00
2024,S123,8,4441,8928,4487,0.497423835125448,42.000000000000000000,2024-08-01 00:00:00,2024-08-31 23:05:00
2024,S123,9,5750,8640,2890,0.6655092592592593,93.200000000000000000,2024-09-01 10:25:00,2024-09-28 11:10:00
2024,S123,10,3746,8928,5182,0.419578853046595,36.800000000000000000,2024-10-15 15:15:00,2024-10-28 15:20:00
2024,S123,11,0,8640,8640,0.0,0,,
2024,S123,12,7946,8928,982,0.8900089605734767,39.000000000000000000,2024-12-04 08:50:00,2024-12-31 23:55:00
2024,S201,1,8928,8928,0,1.0,383.200000000000000000,2024-01-01 00:00:00,2024-01-31 23:55:00
2024,S201,2,8348,8352,4,0.9995210727969349,149.000010000000000000,2024-02-01 00:00:00,2024-02-29 23:55:00
2024,S201,3,8928,8928,0,1.0,185.000010000000000000,2024-03-01 00:00:00,2024-03-31 23:55:00
2024,S201,4,8640,8640,0,1.0,223.200000000000000000,2024-04-01 00:00:00,2024-04-30 23:55:00
2024,S201,5,8923,8928,5,0.9994399641577061,330.799990000000000000,2024-05-01 00:00:00,2024-05-31 23:55:00
2024,S201,6,8625,8640,15,0.9982638888888888,319.600000000000000000,2024-06-01 00:00:00,2024-06-30 23:55:00
2024,S201,7,8918,8928,10,0.9988799283154122,91.200010000000000000,2024-07-01 00:00:00,2024-07-31 23:55:00
2024,S201,8,8928,8928,0,1.0,130.400000000000000000,2024-08-01 00:00:00,2024-08-31 23:55:00
2024,S201,9,8639,8640,1,0.9998842592592593,294.400000000000000000,2024-09-01 00:00:00,2024-09-30 23:55:00
2024,S201,10,8910,8928,18,0.9979838709677419,306.600000000000000000,2024-10-01 00:00:00,2024-10-31 23:55:00
2024,S201,11,8390,8640,250,0.9710648148148148,510.000000000000000000,2024-11-01 00:00:00,2024-11-30 23:55:00
2024,S201,12,8916,8928,12,0.9986559139784946,192.400000000000000000,2024-12-01 00:00:00,2024-12-31 23:55:00
2024,S203,1,8928,8928,0,1.0,432.954000000000000000,2024-01-01 00:00:00,2024-01-31 23:55:00
2024,S203,2,8348,8352,4,0.9995210727969349,131.454000000000000000,2024-02-01 00:00:00,2024-02-29 23:55:00
2024,S203,3,8928,8928,0,1.0,285.822000000000000000,2024-03-01 00:00:00,2024-03-31 23:55:00
2024,S203,4,8640,8640,0,1.0,225.722990000000000000,2024-04-01 00:00:00,2024-04-30 23:55:00
2024,S203,5,8923,8928,5,0.9994399641577061,245.019000000000000000,2024-05-01 00:00:00,2024-05-31 23:55:00
2024,S203,6,8625,8640,15,0.9982638888888888,299.691000000000000000,2024-06-01 00:00:00,2024-06-30 23:55:00
2024,S203,7,8924,8928,4,0.9995519713261649,85.224000000000000000,2024-07-01 00:00:00,2024-07-31 23:55:00
2024,S203,8,3834,8928,5094,0.42943548387096775,49.848000000000000000,2024-08-01 00:00:00,2024-08-31 23:55:00
2024,S203,9,8639,8640,1,0.9998842592592593,314.967010000000000000,2024-09-01 00:00:00,2024-09-30 23:55:00
2024,S203,10,8912,8928,16,0.9982078853046595,250.044000000000000000,2024-10-01 00:00:00,2024-10-31 23:55:00
2024,S203,11,8390,8640,250,0.9710648148148148,376.473000000000000000,2024-11-01 00:00:00,2024-11-30 23:55:00
2024,S203,12,8916,8928,12,0.9986559139784946,148.338000000000000000,2024-12-01 00:00:00,2024-12-31 23:55:00
2024,S207,1,8923,8928,5,0.9994399641577061,439.587000000000000000,2024-01-01 00:00:00,2024-01-31 23:55:00
2024,S207,2,8320,8352,32,0.9961685823754789,68.742000000000000000,2024-02-01 00:00:00,2024-02-29 23:55:00
2024,S207,3,8507,8928,421,0.952844982078853,138.489000000000000000,2024-03-01 00:00:00,2024-03-31 23:55:00
2024,S207,4,8640,8640,0,1.0,169.443000000000000000,2024-04-01 00:00:00,2024-04-30 23:55:00
2024,S207,5,8923,8928,5,0.9994399641577061,235.371000000000000000,2024-05-01 00:00:00,2024-05-31 23:55:00
2024,S207,6,8625,8640,15,0.9982638888888888,274.163990000000000000,2024-06-01 00:00:00,2024-06-30 23:55:00
2024,S207,7,8636,8928,292,0.9672939068100358,31.557000000000000000,2024-07-01 00:00:00,2024-07-31 23:55:00
2024,S207,8,8928,8928,0,1.0,156.378000000000000000,2024-08-01 00:00:00,2024-08-31 23:55:00
2024,S207,9,8639,8640,1,0.9998842592592593,241.200000000000000000,2024-09-01 00:00:00,2024-09-30 23:55:00
2024,S207,10,8912,8928,16,0.9982078853046595,167.634000000000000000,2024-10-01 00:00:00,2024-10-31 23:55:00
2024,S207,11,8390,8640,250,0.9710648148148148,448.028990000000000000,2024-11-01 00:00:00,2024-11-30 23:55:00
2024,S207,12,8916,8928,12,0.9986559139784946,276.978000000000000000,2024-12-01 00:00:00,2024-12-31 23:55:00
2024,S208,1,8928,8928,0,1.0,206.856000000000000000,2024-01-01 00:00:00,2024-01-31 23:55:00
2024,S208,2,8348,8352,4,0.9995210727969349,60.384000000000000000,2024-02-01 00:00:00,2024-02-29 23:55:00
2024,S208,3,8928,8928,0,1.0,144.432000000000000000,2024-03-01 00:00:00,2024-03-31 23:55:00
2024,S208,4,8640,8640,0,1.0,87.516000000000000000,2024-04-01 00:00:00,2024-04-30 23:55:00
2024,S208,5,8923,8928,5,0.9994399641577061,108.732000000000000000,2024-05-01 00:00:00,2024-05-31 23:55:00
2024,S208,6,8625,8640,15,0.9982638888888888,38.556000000000000000,2024-06-01 00:00:00,2024-06-30 23:55:00
2024,S208,7,8917,8928,11,0.9987679211469535,40.596000000000000000,2024-07-01 00:00:00,2024-07-31 23:55:00
2024,S208,8,8918,8928,10,0.9988799283154122,87.720000000000000000,2024-08-01 00:00:00,2024-08-31 23:55:00
2024,S208,9,8639,8640,1,0.9998842592592593,127.704000000000000000,2024-09-01 00:00:00,2024-09-30 23:55:00
2024,S208,10,8912,8928,16,0.9982078853046595,131.784000000000000000,2024-10-01 00:00:00,2024-10-31 23:55:00
2024,S208,11,8390,8640,250,0.9710648148148148,226.032000000000000000,2024-11-01 00:00:00,2024-11-30 23:55:00
2024,S208,12,8916,8928,12,0.9986559139784946,169.932000000000000000,2024-12-01 00:00:00,2024-12-31 23:55:00
2024,S209,1,8925,8928,3,0.9996639784946236,492.072000000000000000,2024-01-01 00:00:00,2024-01-31 23:55:00
2024,S209,2,8229,8352,123,0.9852729885057471,111.100000000000000000,2024-02-01 00:00:00,2024-02-29 23:55:00
2024,S209,3,8928,8928,0,1.0,138.168000000000000000,2024-03-01 00:00:00,2024-03-31 23:55:00
2024,S209,4,8640,8640,0,1.0,170.488000000000000000,2024-04-01 00:00:00,2024-04-30 23:55:00
2024,S209,5,8923,8928,5,0.9994399641577061,210.484000000000000000,2024-05-01 00:00:00,2024-05-31 23:55:00
2024,S209,6,8625,8640,15,0.9982638888888888,229.068000000000000000,2024-06-01 00:00:00,2024-06-30 23:55:00
2024,S209,7,8924,8928,4,0.9995519713261649,43.430000000000000000,2024-07-01 00:00:00,2024-07-31 23:55:00
2024,S209,8,8928,8928,0,1.0,99.787990000000000000,2024-08-01 00:00:00,2024-08-31 23:55:00
2024,S209,9,8638,8640,2,0.9997685185185186,269.063990000000000000,2024-09-01 00:00:00,2024-09-30 23:55:00
2024,S209,10,8912,8928,16,0.9982078853046595,232.704000000000000000,2024-10-01 00:00:00,2024-10-31 23:55:00
2024,S209,11,8390,8640,250,0.9710648148148148,520.756000000000000000,2024-11-01 00:00:00,2024-11-30 23:55:00
2024,S209,12,8916,8928,12,0.9986559139784946,183.416000000000000000,2024-12-01 00:00:00,2024-12-31 23:55:00
2024,S210,1,7147,8928,1781,0.8005152329749103,221.502000000000000000,2024-01-01 00:00:00,2024-01-31 23:55:00
2024,S210,2,8348,8352,4,0.9995210727969349,176.880010000000000000,2024-02-01 00:00:00,2024-02-29 23:55:00
2024,S210,3,8928,8928,0,1.0,238.989010000000000000,2024-03-01 00:00:00,2024-03-31 23:55:00
2024,S210,4,8640,8640,0,1.0,222.507000000000000000,2024-04-01 00:00:00,2024-04-30 23:55:00
2024,S210,5,8923,8928,5,0.9994399641577061,285.018000000000000000,2024-05-01 00:00:00,2024-05-31 23:55:00
2024,S210,6,8625,8640,15,0.9982638888888888,443.808010000000000000,2024-06-01 00:00:00,2024-06-30 23:55:00
2024,S210,7,8928,8928,0,1.0,45.426000000000000000,2024-07-01 00:00:00,2024-07-31 23:55:00
2024,S210,8,8914,8928,14,0.9984318996415771,270.345020000000000000,2024-08-01 00:00:00,2024-08-31 23:55:00
2024,S210,9,8638,8640,2,0.9997685185185186,249.642000000000000000,2024-09-01 00:00:00,2024-09-30 23:55:00
2024,S210,10,8912,8928,16,0.9982078853046595,184.116000000000000000,2024-10-01 00:00:00,2024-10-31 23:55:00
2024,S210,11,8390,8640,250,0.9710648148148148,525.615000000000000000,2024-11-01 00:00:00,2024-11-30 23:55:00
2024,S210,12,8913,8928,15,0.9983198924731183,227.532000000000000000,2024-12-01 00:00:00,2024-12-31 23:55:00
2024,S211,1,8925,8928,3,0.9996639784946236,473.396000000000000000,2024-01-01 00:00:00,2024-01-31 23:55:00
2024,S211,2,8348,8352,4,0.9995210727969349,180.872990000000000000,2024-02-01 00:00:00,2024-02-29 23:55:00
2024,S211,3,8928,8928,0,1.0,221.676000000000000000,2024-03-01 00:00:00,2024-03-31 23:55:00
2024,S211,4,8640,8640,0,1.0,208.480990000000000000,2024-04-01 00:00:00,2024-04-30 23:55:00
2024,S211,5,8922,8928,6,0.9993279569892473,293.334990000000000000,2024-05-01 00:00:00,2024-05-31 23:55:00
2024,S211,6,7463,8640,1177,0.8637731481481481,449.848000000000000000,2024-06-01 00:00:00,2024-06-26 23:05:00
2024,S211,7,8675,8928,253,0.9716621863799283,56.434000000000000000,2024-07-01 15:00:00,2024-07-31 23:55:00
2024,S211,8,8928,8928,0,1.0,264.915010000000000000,2024-08-01 00:00:00,2024-08-31 23:55:00
2024,S211,9,8639,8640,1,0.9998842592592593,237.307000000000000000,2024-09-01 00:00:00,2024-09-30 23:55:00
2024,S211,10,8912,8928,16,0.9982078853046595,211.526000000000000000,2024-10-01 00:00:00,2024-10-31 23:55:00
2024,S211,11,8390,8640,250,0.9710648148148148,426.300000000000000000,2024-11-01 00:00:00,2024-11-30 23:55:00
2024,S211,12,8916,8928,12,0.9986559139784946,239.946020000000000000,2024-12-01 00:00:00,2024-12-31 23:55:00
2024,S212,1,8928,8928,0,1.0,439.200000000000000000,2024-01-01 00:00:00,2024-01-31 23:55:00
2024,S212,2,8348,8352,4,0.9995210727969349,80.400000000000000000,2024-02-01 00:00:00,2024-02-29 23:55:00
2024,S212,3,8928,8928,0,1.0,136.400000000000000000,2024-03-01 00:00:00,2024-03-31 23:55:00
2024,S212,4,8640,8640,0,1.0,151.800000000000000000,2024-04-01 00:00:00,2024-04-30 23:55:00
2024,S212,5,8923,8928,5,0.9994399641577061,276.999990000000000000,2024-05-01 00:00:00,2024-05-31 23:55:00
2024,S212,6,8625,8640,15,0.9982638888888888,293.800000000000000000,2024-06-01 00:00:00,2024-06-30 23:55:00
2024,S212,7,8928,8928,0,1.0,48.800000000000000000,2024-07-01 00:00:00,2024-07-31 23:55:00
2024,S212,8,1183,8928,7745,0.13250448028673836,35.400000000000000000,2024-08-01 00:00:00,2024-08-05 02:30:00
2024,S212,9,0,8640,8640,0.0,0,,
2024,S212,10,0,8928,8928,0.0,0,,
2024,S212,11,0,8640,8640,0.0,0,,
2024,S212,12,0,8928,8928,0.0,0,,
2024,S213,1,8928,8928,0,1.0,380.400000000000000000,2024-01-01 00:00:00,2024-01-31 23:55:00
2024,S213,2,8348,8352,4,0.9995210727969349,152.400000000000000000,2024-02-01 00:00:00,2024-02-29 23:55:00
2024,S213,3,8927,8928,1,0.9998879928315412,188.200000000000000000,2024-03-01 00:00:00,2024-03-31 23:55:00
2024,S213,4,8640,8640,0,1.0,213.999990000000000000,2024-04-01 00:00:00,2024-04-30 23:55:00
2024,S213,5,8923,8928,5,0.9994399641577061,222.400000000000000000,2024-05-01 00:00:00,2024-05-31 23:55:00
2024,S213,6,8625,8640,15,0.9982638888888888,357.800000000000000000,2024-06-01 00:00:00,2024-06-30 23:55:00
2024,S213,7,8926,8928,2,0.9997759856630825,67.000000000000000000,2024-07-01 00:00:00,2024-07-31 23:55:00
2024,S213,8,8928,8928,0,1.0,137.000000000000000000,2024-08-01 00:00:00,2024-08-31 23:55:00
2024,S213,9,8638,8640,2,0.9997685185185186,243.400000000000000000,2024-09-01 00:00:00,2024-09-30 23:55:00
2024,S213,10,8912,8928,16,0.9982078853046595,246.799990000000000000,2024-10-01 00:00:00,2024-10-31 23:55:00
2024,S213,11,8390,8640,250,0.9710648148148148,423.600000000000000000,2024-11-01 00:00:00,2024-11-30 23:55:00
2024,S213,12,8394,8928,534,0.9401881720430108,257.400000000000000000,2024-12-01 00:00:00,2024-12-31 23:55:00
2024,S214,1,8928,8928,0,1.0,366.617000000000000000,2024-01-01 00:00:00,2024-01-31 23:55:00
2024,S214,2,8348,8352,4,0.9995210727969349,54.175000000000000000,2024-02-01 00:00:00,2024-02-29 23:55:00
2024,S214,3,8928,8928,0,1.0,147.553000000000000000,2024-03-01 00:00:00,2024-03-31 23:55:00
2024,S214,4,8640,8640,0,1.0,171.981000000000000000,2024-04-01 00:00:00,2024-04-30 23:55:00
2024,S214,5,8923,8928,5,0.9994399641577061,157.797000000000000000,2024-05-01 00:00:00,2024-05-31 23:55:00
2024,S214,6,8625,8640,15,0.9982638888888888,185.574000000000000000,2024-06-01 00:00:00,2024-06-30 23:55:00
2024,S214,7,8924,8928,4,0.9995519713261649,64.025000000000000000,2024-07-01 00:00:00,2024-07-31 23:55:00
2024,S214,8,8928,8928,0,1.0,75.648000000000000000,2024-08-01 00:00:00,2024-08-31 23:55:00
2024,S214,9,8639,8640,1,0.9998842592592593,156.418000000000000000,2024-09-01 00:00:00,2024-09-30 23:55:00
2024,S214,10,8912,8928,16,0.9982078853046595,128.838000000000000000,2024-10-01 00:00:00,2024-10-31 23:55:00
2024,S214,11,8390,8640,250,0.9710648148148148,300.031000000000000000,2024-11-01 00:00:00,2024-11-30 23:55:00
2024,S214,12,8916,8928,12,0.9986559139784946,145.977000000000000000,2024-12-01 00:00:00,2024-12-31 23:55:00
2024,S215,1,5708,8928,3220,0.639336917562724,222.082000000000000000,2024-01-01 00:00:00,2024-01-27 06:35:00
2024,S215,2,1859,8352,6493,0.22258141762452108,0E-18,2024-02-01 23:20:00,2024-02-29 23:55:00
2024,S215,3,8928,8928,0,1.0,138.243000000000000000,2024-03-01 00:00:00,2024-03-31 23:55:00
2024,S215,4,8627,8640,13,0.9984953703703704,183.512000000000000000,2024-04-01 00:00:00,2024-04-30 23:55:00
2024,S215,5,8923,8928,5,0.9994399641577061,185.542010000000000000,2024-05-01 00:00:00,2024-05-31 23:55:00
2024,S215,6,8625,8640,15,0.9982638888888888,186.760000000000000000,2024-06-01 00:00:00,2024-06-30 23:55:00
2024,S215,7,8923,8928,5,0.9994399641577061,83.636010000000000000,2024-07-01 00:00:00,2024-07-31 23:55:00
2024,S215,8,8928,8928,0,1.0,73.486000000000000000,2024-08-01 00:00:00,2024-08-31 23:55:00
2024,S215,9,8639,8640,1,0.9998842592592593,149.611000000000000000,2024-09-01 00:00:00,2024-09-30 23:55:00
2024,S215,10,8912,8928,16,0.9982078853046595,148.393000000000000000,2024-10-01 00:00:00,2024-10-31 23:55:00
2024,S215,11,8390,8640,250,0.9710648148148148,408.233000000000000000,2024-11-01 00:00:00,2024-11-30 23:55:00
2024,S215,12,8916,8928,12,0.9986559139784946,206.653990000000000000,2024-12-01 00:00:00,2024-12-31 23:55:00
2024,S216,1,8928,8928,0,1.0,390.456000000000000000,2024-01-01 00:00:00,2024-01-31 23:55:00
2024,S216,2,8348,8352,4,0.9995210727969349,167.688000000000000000,2024-02-01 00:00:00,2024-02-29 23:55:00
2024,S216,3,8928,8928,0,1.0,185.640000000000000000,2024-03-01 00:00:00,2024-03-31 23:55:00
2024,S216,4,8640,8640,0,1.0,308.652010000000000000,2024-04-01 00:00:00,2024-04-30 23:55:00
2024,S216,5,8921,8928,7,0.9992159498207885,413.100010000000000000,2024-05-01 00:00:00,2024-05-31 23:55:00
2024,S216,6,8625,8640,15,0.9982638888888888,301.716000000000000000,2024-06-01 00:00:00,2024-06-30 23:55:00
2024,S216,7,8923,8928,5,0.9994399641577061,79.968000000000000000,2024-07-01 00:00:00,2024-07-31 23:55:00
2024,S216,8,8928,8928,0,1.0,81.396000000000000000,2024-08-01 00:00:00,2024-08-31 23:55:00
2024,S216,9,8639,8640,1,0.9998842592592593,243.780000000000000000,2024-09-01 00:00:00,2024-09-30 23:55:00
2024,S216,10,8912,8928,16,0.9982078853046595,183.804000000000000000,2024-10-01 00:00:00,2024-10-31 23:55:00
2024,S216,11,8390,8640,250,0.9710648148148148,463.079990000000000000,2024-11-01 00:00:00,2024-11-30 23:55:00
2024,S216,12,8916,8928,12,0.9986559139784946,231.335990000000000000,2024-12-01 00:00:00,2024-12-31 23:55:00
2024,S217,1,8928,8928,0,1.0,382.968000000000000000,2024-01-01 00:00:00,2024-01-31 23:55:00
2024,S217,2,8348,8352,4,0.9995210727969349,133.369000000000000000,2024-02-01 00:00:00,2024-02-29 23:55:00
2024,S217,3,8928,8928,0,1.0,187.347000000000000000,2024-03-01 00:00:00,2024-03-31 23:55:00
2024,S217,4,8640,8640,0,1.0,221.822000000000000000,2024-04-01 00:00:00,2024-04-30 23:55:00
2024,S217,5,8923,8928,5,0.9994399641577061,350.463010000000000000,2024-05-01 00:00:00,2024-05-31 23:55:00
2024,S217,6,8625,8640,15,0.9982638888888888,298.060990000000000000,2024-06-01 00:00:00,2024-06-30 23:55:00
2024,S217,7,8875,8928,53,0.9940636200716846,84.316000000000000000,2024-07-01 00:00:00,2024-07-31 23:55:00
2024,S217,8,8928,8928,0,1.0,87.862010000000000000,2024-08-01 00:00:00,2024-08-31 23:55:00
2024,S217,9,8639,8640,1,0.9998842592592593,246.053000000000000000,2024-09-01 00:00:00,2024-09-30 23:55:00
2024,S217,10,8912,8928,16,0.9982078853046595,188.135000000000000000,2024-10-01 00:00:00,2024-10-31 23:55:00
2024,S217,11,8390,8640,250,0.9710648148148148,434.582000000000000000,2024-11-01 00:00:00,2024-11-30 23:55:00
2024,S217,12,8916,8928,12,0.9986559139784946,225.171010000000000000,2024-12-01 00:00:00,2024-12-31 23:55:00
2024,S218,1,8927,8928,1,0.9998879928315412,389.028000000000000000,2024-01-01 00:00:00,2024-01-31 23:55:00
2024,S218,2,8346,8352,6,0.9992816091954023,176.051990000000000000,2024-02-01 00:00:00,2024-02-29 23:55:00
2024,S218,3,8928,8928,0,1.0,167.892010000000000000,2024-03-01 00:00:00,2024-03-31 23:55:00
2024,S218,4,8640,8640,0,1.0,193.392010000000000000,2024-04-01 00:00:00,2024-04-30 23:55:00
2024,S218,5,8923,8928,5,0.9994399641577061,279.072000000000000000,2024-05-01 00:00:00,2024-05-31 23:55:00
2024,S218,6,8625,8640,15,0.9982638888888888,333.744010000000000000,2024-06-01 00:00:00,2024-06-30 23:55:00
2024,S218,7,8928,8928,0,1.0,132.600000000000000000,2024-07-01 00:00:00,2024-07-31 23:55:00
2024,S218,8,8925,8928,3,0.9996639784946236,164.220000000000000000,2024-08-01 00:00:00,2024-08-31 23:55:00
2024,S218,9,8638,8640,2,0.9997685185185186,302.736010000000000000,2024-09-01 00:00:00,2024-09-30 23:55:00
2024,S218,10,8912,8928,16,0.9982078853046595,205.835990000000000000,2024-10-01 00:00:00,2024-10-31 23:55:00
2024,S218,11,8390,8640,250,0.9710648148148148,436.764000000000000000,2024-11-01 00:00:00,2024-11-30 23:55:00
2024,S218,12,8916,8928,12,0.9986559139784946,253.572010000000000000,2024-12-01 00:00:00,2024-12-31 23:55:00
2024,S219,1,8928,8928,0,1.0,436.974000000000000000,2024-01-01 00:00:00,2024-01-31 23:55:00
2024,S219,2,8348,8352,4,0.9995210727969349,172.257000000000000000,2024-02-01 00:00:00,2024-02-29 23:55:00
2024,S219,3,8928,8928,0,1.0,195.774000000000000000,2024-03-01 00:00:00,2024-03-31 23:55:00
2024,S219,4,8640,8640,0,1.0,300.495010000000000000,2024-04-01 00:00:00,2024-04-30 23:55:00
2024,S219,5,8923,8928,5,0.9994399641577061,300.696000000000000000,2024-05-01 00:00:00,2024-05-31 23:55:00
2024,S219,6,8625,8640,15,0.9982638888888888,281.801990000000000000,2024-06-01 00:00:00,2024-06-30 23:55:00
2024,S219,7,8923,8928,5,0.9994399641577061,77.184000000000000000,2024-07-01 00:00:00,2024-07-31 23:55:00
2024,S219,8,8928,8928,0,1.0,72.762000000000000000,2024-08-01 00:00:00,2024-08-31 23:55:00
2024,S219,9,8639,8640,1,0.9998842592592593,215.070000000000000000,2024-09-01 00:00:00,2024-09-30 23:55:00
2024,S219,10,8912,8928,16,0.9982078853046595,120.600000000000000000,2024-10-01 00:00:00,2024-10-31 23:55:00
2024,S219,11,8390,8640,250,0.9710648148148148,399.387000000000000000,2024-11-01 00:00:00,2024-11-30 23:55:00
2024,S219,12,8916,8928,12,0.9986559139784946,202.407000000000000000,2024-12-01 00:00:00,2024-12-31 23:55:00
2024,S220,1,8928,8928,0,1.0,402.752000000000000000,2024-01-01 00:00:00,2024-01-31 23:55:00
2024,S220,2,8348,8352,4,0.9995210727969349,143.927000000000000000,2024-02-01 00:00:00,2024-02-29 23:55:00
2024,S220,3,8928,8928,0,1.0,151.031990000000000000,2024-03-01 00:00:00,2024-03-31 23:55:00
2024,S220,4,8640,8640,0,1.0,289.681000000000000000,2024-04-01 00:00:00,2024-04-30 23:55:00
2024,S220,5,8922,8928,6,0.9993279569892473,233.247000000000000000,2024-05-01 00:00:00,2024-05-31 23:55:00
2024,S220,6,8625,8640,15,0.9982638888888888,229.999000000000000000,2024-06-01 00:00:00,2024-06-30 23:55:00
2024,S220,7,8909,8928,19,0.9978718637992832,96.628000000000000000,2024-07-01 00:00:00,2024-07-31 23:55:00
2024,S220,8,8928,8928,0,1.0,77.343000000000000000,2024-08-01 00:00:00,2024-08-31 23:55:00
2024,S220,9,8639,8640,1,0.9998842592592593,173.971000000000000000,2024-09-01 00:00:00,2024-09-30 23:55:00
2024,S220,10,8912,8928,16,0.9982078853046595,131.950000000000000000,2024-10-01 00:00:00,2024-10-31 23:55:00
2024,S220,11,8390,8640,250,0.9710648148148148,311.199000000000000000,2024-11-01 00:00:00,2024-11-30 23:55:00
2024,S220,12,8916,8928,12,0.9986559139784946,142.100000000000000000,2024-12-01 00:00:00,2024-12-31 23:55:00
2024,S221,1,8928,8928,0,1.0,435.204000000000000000,2024-01-01 00:00:00,2024-01-31 23:55:00
2024,S221,2,8347,8352,5,0.9994013409961686,134.639990000000000000,2024-02-01 00:00:00,2024-02-29 23:55:00
2024,S221,3,8928,8928,0,1.0,203.742000000000000000,2024-03-01 00:00:00,2024-03-31 23:55:00
2024,S221,4,8640,8640,0,1.0,271.458010000000000000,2024-04-01 00:00:00,2024-04-30 23:55:00
2024,S221,5,8922,8928,6,0.9993279569892473,268.488000000000000000,2024-05-01 00:00:00,2024-05-31 23:55:00
2024,S221,6,8625,8640,15,0.9982638888888888,299.772000000000000000,2024-06-01 00:00:00,2024-06-30 23:55:00
2024,S221,7,8882,8928,46,0.994847670250896,146.718000000000000000,2024-07-01 00:00:00,2024-07-31 23:55:00
2024,S221,8,8928,8928,0,1.0,71.082000000000000000,2024-08-01 00:00:00,2024-08-31 23:55:00
2024,S221,9,8638,8640,2,0.9997685185185186,162.755990000000000000,2024-09-01 00:00:00,2024-09-30 23:55:00
2024,S221,10,8912,8928,16,0.9982078853046595,137.016000000000000000,2024-10-01 00:00:00,2024-10-31 23:55:00
2024,S221,11,8390,8640,250,0.9710648148148148,401.148010000000000000,2024-11-01 00:00:00,2024-11-30 23:55:00
2024,S221,12,8916,8928,12,0.9986559139784946,302.940030000000000000,2024-12-01 00:00:00,2024-12-31 23:55:00
2024,S222,1,8928,8928,0,1.0,476.169010000000000000,2024-01-01 00:00:00,2024-01-31 23:55:00
2024,S222,2,8348,8352,4,0.9995210727969349,176.478000000000000000,2024-02-01 00:00:00,2024-02-29 23:55:00
2024,S222,3,8928,8928,0,1.0,204.618000000000000000,2024-03-01 00:00:00,2024-03-31 23:55:00
2024,S222,4,8640,8640,0,1.0,199.995000000000000000,2024-04-01 00:00:00,2024-04-30 23:55:00
2024,S222,5,8923,8928,5,0.9994399641577061,254.064000000000000000,2024-05-01 00:00:00,2024-05-31 23:55:00
2024,S222,6,8625,8640,15,0.9982638888888888,304.716000000000000000,2024-06-01 00:00:00,2024-06-30 23:55:00
2024,S222,7,8927,8928,1,0.9998879928315412,104.319000000000000000,2024-07-01 00:00:00,2024-07-31 23:55:00
2024,S222,8,8909,8928,19,0.9978718637992832,110.751000000000000000,2024-08-01 00:00:00,2024-08-31 23:55:00
2024,S222,9,8639,8640,1,0.9998842592592593,272.355000000000000000,2024-09-01 00:00:00,2024-09-30 23:55:00
2024,S222,10,8862,8928,66,0.9926075268817204,247.029000000000000000,2024-10-01 00:00:00,2024-10-31 23:55:00
2024,S222,11,8390,8640,250,0.9710648148148148,388.532990000000000000,2024-11-01 00:00:00,2024-11-30 23:55:00
2024,S222,12,8916,8928,12,0.9986559139784946,281.198990000000000000,2024-12-01 00:00:00,2024-12-31 23:55:00
2024,S223,1,8928,8928,0,1.0,378.595000000000000000,2024-01-01 00:00:00,2024-01-31 23:55:00
2024,S223,2,8348,8352,4,0.9995210727969349,122.003000000000000000,2024-02-01 00:00:00,2024-02-29 23:55:00
2024,S223,3,8928,8928,0,1.0,226.751000000000000000,2024-03-01 00:00:00,2024-03-31 23:55:00
2024,S223,4,8640,8640,0,1.0,205.030000000000000000,2024-04-01 00:00:00,2024-04-30 23:55:00
2024,S223,5,8474,8928,454,0.9491487455197133,231.623000000000000000,2024-05-01 00:00:00,2024-05-31 23:55:00
2024,S223,6,7194,8640,1446,0.8326388888888889,221.270000000000000000,2024-06-01 00:00:00,2024-06-30 23:55:00
2024,S223,7,8917,8928,11,0.9987679211469535,83.636000000000000000,2024-07-01 00:00:00,2024-07-31 23:55:00
2024,S223,8,8916,8928,12,0.9986559139784946,123.627000000000000000,2024-08-01 00:00:00,2024-08-31 23:55:00
2024,S223,9,8639,8640,1,0.9998842592592593,247.457000000000000000,2024-09-01 00:00:00,2024-09-30 23:55:00
2024,S223,10,8912,8928,16,0.9982078853046595,217.616000000000000000,2024-10-01 00:00:00,2024-10-31 23:55:00
2024,S223,11,8390,8640,250,0.9710648148148148,327.439000000000000000,2024-11-01 00:00:00,2024-11-30 23:55:00
2024,S223,12,8916,8928,12,0.9986559139784946,229.390000000000000000,2024-12-01 00:00:00,2024-12-31 23:55:00
2024,S224,1,8928,8928,0,1.0,401.397000000000000000,2024-01-01 00:00:00,2024-01-31 23:55:00
2024,S224,2,8348,8352,4,0.9995210727969349,43.014000000000000000,2024-02-01 00:00:00,2024-02-29 23:55:00
2024,S224,3,8928,8928,0,1.0,138.489000000000000000,2024-03-01 00:00:00,2024-03-31 23:55:00
2024,S224,4,8640,8640,0,1.0,146.730000000000000000,2024-04-01 00:00:00,2024-04-30 23:55:00
2024,S224,5,8921,8928,7,0.9992159498207885,201.201000000000000000,2024-05-01 00:00:00,2024-05-31 23:55:00
2024,S224,6,8625,8640,15,0.9982638888888888,245.018990000000000000,2024-06-01 00:00:00,2024-06-30 23:55:00
2024,S224,7,8914,8928,14,0.9984318996415771,41.004000000000000000,2024-07-01 00:00:00,2024-07-31 23:55:00
2024,S224,8,8914,8928,14,0.9984318996415771,116.580000000000000000,2024-08-01 00:00:00,2024-08-31 23:55:00
2024,S224,9,8640,8640,0,1.0,213.261000000000000000,2024-09-01 00:00:00,2024-09-30 23:55:00
2024,S224,10,8912,8928,16,0.9982078853046595,124.218000000000000000,2024-10-01 00:00:00,2024-10-31 23:55:00
2024,S224,11,8390,8640,250,0.9710648148148148,344.112000000000000000,2024-11-01 00:00:00,2024-11-30 23:55:00
2024,S224,12,8916,8928,12,0.9986559139784946,29.547000000000000000,2024-12-01 00:00:00,2024-12-31 23:55:00
2024,S226,1,8928,8928,0,1.0,384.000000000000000000,2024-01-01 00:00:00,2024-01-31 23:55:00
2024,S226,2,8348,8352,4,0.9995210727969349,140.200000000000000000,2024-02-01 00:00:00,2024-02-29 23:55:00
2024,S226,3,8928,8928,0,1.0,223.799990000000000000,2024-03-01 00:00:00,2024-03-31 23:55:00
2024,S226,4,7609,8640,1031,0.8806712962962963,102.000000000000000000,2024-04-01 00:00:00,2024-04-30 23:55:00
2024,S226,5,8923,8928,5,0.9994399641577061,256.200000000000000000,2024-05-01 00:00:00,2024-05-31 23:55:00
2024,S226,6,8625,8640,15,0.9982638888888888,192.000000000000000000,2024-06-01 00:00:00,2024-06-30 23:55:00
2024,S226,7,8927,8928,1,0.9998879928315412,133.200010000000000000,2024-07-01 00:00:00,2024-07-31 23:55:00
2024,S226,8,8742,8928,186,0.9791666666666666,139.000000000000000000,2024-08-01 00:00:00,2024-08-31 23:55:00
2024,S226,9,8622,8640,18,0.9979166666666667,283.200000000000000000,2024-09-01 00:00:00,2024-09-30 23:55:00
2024,S226,10,8910,8928,18,0.9979838709677419,246.600000000000000000,2024-10-01 00:00:00,2024-10-31 23:55:00
2024,S226,11,8387,8640,253,0.9707175925925926,344.200000000000000000,2024-11-01 00:00:00,2024-11-30 23:55:00
2024,S226,12,8916,8928,12,0.9986559139784946,240.000000000000000000,2024-12-01 00:00:00,2024-12-31 23:55:00
2024,S227,1,8928,8928,0,1.0,437.128000000000000000,2024-01-01 00:00:00,2024-01-31 23:55:00
2024,S227,2,8348,8352,4,0.9995210727969349,102.212000000000000000,2024-02-01 00:00:00,2024-02-29 23:55:00
2024,S227,3,8928,8928,0,1.0,159.176000000000000000,2024-03-01 00:00:00,2024-03-31 23:55:00
2024,S227,4,8640,8640,0,1.0,305.625980000000000000,2024-04-01 00:00:00,2024-04-30 23:55:00
2024,S227,5,8923,8928,5,0.9994399641577061,289.466000000000000000,2024-05-01 00:00:00,2024-05-31 23:55:00
2024,S227,6,8625,8640,15,0.9982638888888888,411.878010000000000000,2024-06-01 00:00:00,2024-06-30 23:55:00
2024,S227,7,8912,8928,16,0.9982078853046595,44.642000000000000000,2024-07-01 00:00:00,2024-07-31 23:55:00
2024,S227,8,8928,8928,0,1.0,182.608000000000000000,2024-08-01 00:00:00,2024-08-31 23:55:00
2024,S227,9,8639,8640,1,0.9998842592592593,302.797990000000000000,2024-09-01 00:00:00,2024-09-30 23:55:00
2024,S227,10,8912,8928,16,0.9982078853046595,195.940000000000000000,2024-10-01 00:00:00,2024-10-31 23:55:00
2024,S227,11,8390,8640,250,0.9710648148148148,518.937980000000000000,2024-11-01 00:00:00,2024-11-30 23:55:00
2024,S227,12,8916,8928,12,0.9986559139784946,203.414000000000000000,2024-12-01 00:00:00,2024-12-31 23:55:00
2024,S228,1,8928,8928,0,1.0,377.982000000000000000,2024-01-01 00:00:00,2024-01-31 23:55:00
2024,S228,2,8348,8352,4,0.9995210727969349,182.358000000000000000,2024-02-01 00:00:00,2024-02-29 23:55:00
2024,S228,3,8928,8928,0,1.0,222.948000000000000000,2024-03-01 00:00:00,2024-03-31 23:55:00
2024,S228,4,8640,8640,0,1.0,312.443990000000000000,2024-04-01 00:00:00,2024-04-30 23:55:00
2024,S228,5,8923,8928,5,0.9994399641577061,386.496000000000000000,2024-05-01 00:00:00,2024-05-31 23:55:00
2024,S228,6,8625,8640,15,0.9982638888888888,319.176000000000000000,2024-06-01 00:00:00,2024-06-30 23:55:00
2024,S228,7,8926,8928,2,0.9997759856630825,164.736000000000000000,2024-07-01 00:00:00,2024-07-31 23:55:00
2024,S228,8,8928,8928,0,1.0,157.212010000000000000,2024-08-01 00:00:00,2024-08-31 23:55:00
2024,S228,9,8639,8640,1,0.9998842592592593,313.236010000000000000,2024-09-01 00:00:00,2024-09-30 23:55:00
2024,S228,10,8912,8928,16,0.9982078853046595,234.432000000000000000,2024-10-01 00:00:00,2024-10-31 23:55:00
2024,S228,11,8390,8640,250,0.9710648148148148,397.781990000000000000,2024-11-01 00:00:00,2024-11-30 23:55:00
2024,S228,12,8916,8928,12,0.9986559139784946,246.510000000000000000,2024-12-01 00:00:00,2024-12-31 23:55:00
2024,S229,1,8928,8928,0,1.0,369.663000000000000000,2024-01-01 00:00:00,2024-01-31 23:55:00
2024,S229,2,8348,8352,4,0.9995210727969349,183.309000000000000000,2024-02-01 00:00:00,2024-02-29 23:55:00
2024,S229,3,8928,8928,0,1.0,224.315000000000000000,2024-03-01 00:00:00,2024-03-31 23:55:00
2024,S229,4,8640,8640,0,1.0,215.789000000000000000,2024-04-01 00:00:00,2024-04-30 23:55:00
2024,S229,5,8922,8928,6,0.9993279569892473,301.252000000000000000,2024-05-01 00:00:00,2024-05-31 23:55:00
2024,S229,6,8625,8640,15,0.9982638888888888,332.717000000000000000,2024-06-01 00:00:00,2024-06-30 23:55:00
2024,S229,7,8920,8928,8,0.9991039426523297,122.206000000000000000,2024-07-01 00:00:00,2024-07-31 23:55:00
2024,S229,8,8928,8928,0,1.0,163.415000000000000000,2024-08-01 00:00:00,2024-08-31 23:55:00
2024,S229,9,8639,8640,1,0.9998842592592593,333.935010000000000000,2024-09-01 00:00:00,2024-09-30 23:55:00
2024,S229,10,8912,8928,16,0.9982078853046595,241.570000000000000000,2024-10-01 00:00:00,2024-10-31 23:55:00
2024,S229,11,8390,8640,250,0.9710648148148148,451.878000000000000000,2024-11-01 00:00:00,2024-11-30 23:55:00
2024,S229,12,8916,8928,12,0.9986559139784946,195.286000000000000000,2024-12-01 00:00:00,2024-12-31 23:55:00
2024,S230,1,8928,8928,0,1.0,376.200000000000000000,2024-01-01 00:00:00,2024-01-31 23:55:00
2024,S230,2,8348,8352,4,0.9995210727969349,148.000000000000000000,2024-02-01 00:00:00,2024-02-29 23:55:00
2024,S230,3,8928,8928,0,1.0,229.400000000000000000,2024-03-01 00:00:00,2024-03-31 23:55:00
2024,S230,4,8640,8640,0,1.0,229.000000000000000000,2024-04-01 00:00:00,2024-04-30 23:55:00
2024,S230,5,8922,8928,6,0.9993279569892473,217.200000000000000000,2024-05-01 00:00:00,2024-05-31 23:55:00
2024,S230,6,8625,8640,15,0.9982638888888888,273.400010000000000000,2024-06-01 00:00:00,2024-06-30 23:55:00
2024,S230,7,8925,8928,3,0.9996639784946236,69.200000000000000000,2024-07-01 00:00:00,2024-07-31 23:55:00
2024,S230,8,8928,8928,0,1.0,114.400000000000000000,2024-08-01 00:00:00,2024-08-31 23:55:00
2024,S230,9,8639,8640,1,0.9998842592592593,298.799990000000000000,2024-09-01 00:00:00,2024-09-30 23:55:00
2024,S230,10,8912,8928,16,0.9982078853046595,221.000000000000000000,2024-10-01 00:00:00,2024-10-31 23:55:00
2024,S230,11,8390,8640,250,0.9710648148148148,401.800020000000000000,2024-11-01 00:00:00,2024-11-30 23:55:00
2024,S230,12,8916,8928,12,0.9986559139784946,150.600000000000000000,2024-12-01 00:00:00,2024-12-31 23:55:00
2024,S24,1,8923,8928,5,0.9994399641577061,500.400010000000000000,2024-01-01 00:00:00,2024-01-31 23:55:00
2024,S24,2,8348,8352,4,0.9995210727969349,60.600000000000000000,2024-02-01 00:00:00,2024-02-29 23:55:00
2024,S24,3,8925,8928,3,0.9996639784946236,161.199990000000000000,2024-03-01 00:00:00,2024-03-31 23:55:00
2024,S24,4,8613,8640,27,0.996875,205.200000000000000000,2024-04-01 00:00:00,2024-04-30 23:55:00
2024,S24,5,8723,8928,205,0.9770385304659498,226.800000000000000000,2024-05-01 00:00:00,2024-05-31 23:55:00
2024,S24,6,8625,8640,15,0.9982638888888888,245.800000000000000000,2024-06-01 00:00:00,2024-06-30 23:55:00
2024,S24,7,8887,8928,41,0.99540770609319,36.800000000000000000,2024-07-01 00:00:00,2024-07-31 23:55:00
2024,S24,8,8912,8928,16,0.9982078853046595,85.800000000000000000,2024-08-01 00:00:00,2024-08-31 23:55:00
2024,S24,9,8527,8640,113,0.9869212962962963,122.400000000000000000,2024-09-01 00:00:00,2024-09-30 23:55:00
2024,S24,10,8928,8928,0,1.0,154.400000000000000000,2024-10-01 00:00:00,2024-10-31 23:55:00
2024,S24,11,8390,8640,250,0.9710648148148148,407.600000000000000000,2024-11-01 00:00:00,2024-11-30 23:55:00
2024,S24,12,8915,8928,13,0.9985439068100358,234.800010000000000000,2024-12-01 00:00:00,2024-12-31 23:55:00
2024,S29,1,0,8928,8928,0.0,0,,
2024,S29,2,0,8352,8352,0.0,0,,
2024,S29,3,0,8928,8928,0.0,0,,
2024,S29,4,0,8640,8640,0.0,0,,
2024,S29,5,0,8928,8928,0.0,0,,
2024,S29,6,0,8640,8640,0.0,0,,
2024,S29,7,0,8928,8928,0.0,0,,
2024,S29,8,0,8928,8928,0.0,0,,
2024,S29,9,0,8640,8640,0.0,0,,
2024,S29,10,0,8928,8928,0.0,0,,
2024,S29,11,6739,8640,1901,0.7799768518518518,519.399990000000000000,2024-11-06 17:35:00,2024-11-30 23:55:00
2024,S29,12,8916,8928,12,0.9986559139784946,139.600000000000000000,2024-12-01 00:00:00,2024-12-31 23:55:00
2024,S33,1,8923,8928,5,0.9994399641577061,329.799990000000000000,2024-01-01 00:00:00,2024-01-31 23:55:00
2024,S33,2,8348,8352,4,0.9995210727969349,191.000000000000000000,2024-02-01 00:00:00,2024-02-29 23:55:00
2024,S33,3,8926,8928,2,0.9997759856630825,151.599990000000000000,2024-03-01 00:00:00,2024-03-31 23:55:00
2024,S33,4,8637,8640,3,0.9996527777777777,215.800000000000000000,2024-04-01 00:00:00,2024-04-30 23:55:00
2024,S33,5,8886,8928,42,0.9952956989247311,447.000000000000000000,2024-05-01 00:00:00,2024-05-31 23:55:00
2024,S33,6,8428,8640,212,0.975462962962963,192.399990000000000000,2024-06-01 00:00:00,2024-06-30 23:55:00
2024,S33,7,8614,8928,314,0.9648297491039427,144.600000000000000000,2024-07-01 00:00:00,2024-07-31 23:55:00
2024,S33,8,3506,8928,5422,0.3926971326164875,40.600000000000000000,2024-08-01 00:00:00,2024-08-31 23:55:00
2024,S33,9,8639,8640,1,0.9998842592592593,236.799990000000000000,2024-09-01 00:00:00,2024-09-30 23:55:00
2024,S33,10,8924,8928,4,0.9995519713261649,241.600000000000000000,2024-10-01 00:00:00,2024-10-31 23:55:00
2024,S33,11,8390,8640,250,0.9710648148148148,410.000000000000000000,2024-11-01 00:00:00,2024-11-30 23:55:00
2024,S33,12,8828,8928,100,0.9887992831541219,213.200000000000000000,2024-12-01 00:00:00,2024-12-31 23:55:00
2024,S35,1,8907,8928,21,0.9976478494623656,335.200000000000000000,2024-01-01 00:00:00,2024-01-31 23:55:00
2024,S35,2,8348,8352,4,0.9995210727969349,146.600010000000000000,2024-02-01 00:00:00,2024-02-29 23:55:00
2024,S35,3,8928,8928,0,1.0,139.600000000000000000,2024-03-01 00:00:00,2024-03-31 23:55:00
2024,S35,4,8640,8640,0,1.0,172.200000000000000000,2024-04-01 00:00:00,2024-04-30 23:55:00
2024,S35,5,8723,8928,205,0.9770385304659498,238.400000000000000000,2024-05-01 00:00:00,2024-05-31 23:55:00
2024,S35,6,8624,8640,16,0.9981481481481481,276.400000000000000000,2024-06-01 00:00:00,2024-06-30 23:55:00
2024,S35,7,8927,8928,1,0.9998879928315412,127.200000000000000000,2024-07-01 00:00:00,2024-07-31 23:55:00
2024,S35,8,8914,8928,14,0.9984318996415771,114.200000000000000000,2024-08-01 00:00:00,2024-08-31 23:55:00
2024,S35,9,8507,8640,133,0.9846064814814814,318.600010000000000000,2024-09-01 00:00:00,2024-09-30 23:55:00
2024,S35,10,8928,8928,0,1.0,270.599980000000000000,2024-10-01 00:00:00,2024-10-31 23:55:00
2024,S35,11,8389,8640,251,0.970949074074074,524.000000000000000000,2024-11-01 00:00:00,2024-11-30 23:55:00
2024,S35,12,8915,8928,13,0.9985439068100358,251.000000000000000000,2024-12-01 00:00:00,2024-12-31 23:55:00
2024,S40,1,8928,8928,0,1.0,405.000000000000000000,2024-01-01 00:00:00,2024-01-31 23:55:00
2024,S40,2,8345,8352,7,0.999161877394636,165.200000000000000000,2024-02-01 00:00:00,2024-02-29 23:55:00
2024,S40,3,8928,8928,0,1.0,92.000000000000000000,2024-03-01 00:00:00,2024-03-31 23:55:00
2024,S40,4,8640,8640,0,1.0,158.600000000000000000,2024-04-01 00:00:00,2024-04-30 23:55:00
2024,S40,5,8723,8928,205,0.9770385304659498,291.400000000000000000,2024-05-01 00:00:00,2024-05-31 23:55:00
2024,S40,6,8625,8640,15,0.9982638888888888,322.800000000000000000,2024-06-01 00:00:00,2024-06-30 23:55:00
2024,S40,7,8927,8928,1,0.9998879928315412,94.000000000000000000,2024-07-01 00:00:00,2024-07-31 23:55:00
2024,S40,8,8913,8928,15,0.9983198924731183,130.400000000000000000,2024-08-01 00:00:00,2024-08-31 23:55:00
2024,S40,9,8543,8640,97,0.9887731481481481,214.000000000000000000,2024-09-01 00:00:00,2024-09-30 23:55:00
2024,S40,10,4009,8928,4919,0.44903673835125446,17.600000000000000000,2024-10-01 00:00:00,2024-10-14 22:00:00
2024,S40,11,6729,8640,1911,0.7788194444444444,461.599990000000000000,2024-11-07 15:15:00,2024-11-30 23:55:00
2024,S40,12,8912,8928,16,0.9982078853046595,192.600000000000000000,2024-12-01 00:00:00,2024-12-31 23:55:00
2024,S43,1,8928,8928,0,1.0,393.800000000000000000,2024-01-01 00:00:00,2024-01-31 23:55:00
2024,S43,2,8348,8352,4,0.9995210727969349,109.000000000000000000,2024-02-01 00:00:00,2024-02-29 23:55:00
2024,S43,3,8927,8928,1,0.9998879928315412,158.400000000000000000,2024-03-01 00:00:00,2024-03-31 23:55:00
2024,S43,4,8639,8640,1,0.9998842592592593,214.200000000000000000,2024-04-01 00:00:00,2024-04-30 23:55:00
2024,S43,5,8720,8928,208,0.9767025089605734,287.000010000000000000,2024-05-01 00:00:00,2024-05-31 23:55:00
2024,S43,6,8625,8640,15,0.9982638888888888,245.200000000000000000,2024-06-01 00:00:00,2024-06-30 23:55:00
2024,S43,7,8928,8928,0,1.0,144.000010000000000000,2024-07-01 00:00:00,2024-07-31 23:55:00
2024,S43,8,8773,8928,155,0.9826388888888888,59.000000000000000000,2024-08-01 00:00:00,2024-08-31 23:55:00
2024,S43,9,8553,8640,87,0.9899305555555555,163.800000000000000000,2024-09-01 00:00:00,2024-09-30 23:55:00
2024,S43,10,8690,8928,238,0.97334229390681,174.400000000000000000,2024-10-01 00:00:00,2024-10-31 23:55:00
2024,S43,11,8390,8640,250,0.9710648148148148,348.400000000000000000,2024-11-01 00:00:00,2024-11-30 23:55:00
2024,S43,12,8915,8928,13,0.9985439068100358,314.000010000000000000,2024-12-01 00:00:00,2024-12-31 23:55:00
2024,S44,1,8918,8928,10,0.9988799283154122,301.399990000000000000,2024-01-01 00:00:00,2024-01-31 23:55:00
2024,S44,2,8344,8352,8,0.9990421455938697,141.000000000000000000,2024-02-01 00:00:00,2024-02-29 23:55:00
2024,S44,3,8928,8928,0,1.0,243.400000000000000000,2024-03-01 00:00:00,2024-03-31 23:55:00
2024,S44,4,8349,8640,291,0.9663194444444444,267.600010000000000000,2024-04-01 00:00:00,2024-04-30 23:55:00
2024,S44,5,8332,8928,596,0.9332437275985663,409.000010000000000000,2024-05-01 00:00:00,2024-05-31 23:55:00
2024,S44,6,8625,8640,15,0.9982638888888888,297.200010000000000000,2024-06-01 00:00:00,2024-06-30 23:55:00
2024,S44,7,8837,8928,91,0.9898073476702509,122.400010000000000000,2024-07-01 00:00:00,2024-07-31 23:55:00
2024,S44,8,8913,8928,15,0.9983198924731183,158.600000000000000000,2024-08-01 00:00:00,2024-08-31 23:55:00
2024,S44,9,8539,8640,101,0.9883101851851852,260.000000000000000000,2024-09-01 00:00:00,2024-09-30 23:55:00
2024,S44,10,8928,8928,0,1.0,179.000000000000000000,2024-10-01 00:00:00,2024-10-31 23:55:00
2024,S44,11,8181,8640,459,0.946875,356.400000000000000000,2024-11-01 00:00:00,2024-11-30 06:30:00
2024,S44,12,0,8928,8928,0.0,0,,
2024,S50,1,8926,8928,2,0.9997759856630825,395.800000000000000000,2024-01-01 00:00:00,2024-01-31 23:55:00
2024,S50,2,8348,8352,4,0.9995210727969349,163.399990000000000000,2024-02-01 00:00:00,2024-02-29 23:55:00
2024,S50,3,8923,8928,5,0.9994399641577061,164.200000000000000000,2024-03-01 00:00:00,2024-03-31 23:55:00
2024,S50,4,8638,8640,2,0.9997685185185186,163.600000000000000000,2024-04-01 00:00:00,2024-04-30 23:55:00
2024,S50,5,8723,8928,205,0.9770385304659498,230.600000000000000000,2024-05-01 00:00:00,2024-05-31 23:55:00
2024,S50,6,8625,8640,15,0.9982638888888888,319.600000000000000000,2024-06-01 00:00:00,2024-06-30 23:55:00
2024,S50,7,8921,8928,7,0.9992159498207885,79.200000000000000000,2024-07-01 00:00:00,2024-07-31 23:55:00
2024,S50,8,8912,8928,16,0.9982078853046595,93.800000000000000000,2024-08-01 00:00:00,2024-08-31 23:55:00
2024,S50,9,8547,8640,93,0.9892361111111111,272.000000000000000000,2024-09-01 00:00:00,2024-09-30 23:55:00
2024,S50,10,8928,8928,0,1.0,294.399980000000000000,2024-10-01 00:00:00,2024-10-31 23:55:00
2024,S50,11,8388,8640,252,0.9708333333333333,422.800010000000000000,2024-11-01 00:00:00,2024-11-30 23:55:00
2024,S50,12,8916,8928,12,0.9986559139784946,206.400010000000000000,2024-12-01 00:00:00,2024-12-31 23:55:00
2024,S60,1,6584,8928,2344,0.7374551971326165,143.200000000000000000,2024-01-01 00:00:00,2024-01-31 23:55:00
2024,S60,2,8348,8352,4,0.9995210727969349,96.400000000000000000,2024-02-01 00:00:00,2024-02-29 23:55:00
2024,S60,3,4983,8928,3945,0.5581317204301075,110.600000000000000000,2024-03-01 00:00:00,2024-03-29 06:55:00
2024,S60,4,6727,8640,1913,0.778587962962963,133.200000000000000000,2024-04-01 11:20:00,2024-04-30 23:55:00
2024,S60,5,8921,8928,7,0.9992159498207885,191.999990000000000000,2024-05-01 00:00:00,2024-05-31 23:55:00
2024,S60,6,8624,8640,16,0.9981481481481481,137.200000000000000000,2024-06-01 00:00:00,2024-06-30 23:55:00
2024,S60,7,8845,8928,83,0.9907034050179212,79.799990000000000000,2024-07-01 00:00:00,2024-07-31 23:55:00
2024,S60,8,6145,8928,2783,0.6882840501792115,72.800000000000000000,2024-08-01 00:00:00,2024-08-31 23:55:00
2024,S60,9,8640,8640,0,1.0,187.600000000000000000,2024-09-01 00:00:00,2024-09-30 23:55:00
2024,S60,10,8924,8928,4,0.9995519713261649,209.800000000000000000,2024-10-01 00:00:00,2024-10-31 23:55:00
2024,S60,11,8390,8640,250,0.9710648148148148,265.199990000000000000,2024-11-01 00:00:00,2024-11-30 23:55:00
2024,S60,12,8916,8928,12,0.9986559139784946,242.400000000000000000,2024-12-01 00:00:00,2024-12-31 23:55:00
2024,S64,1,8916,8928,12,0.9986559139784946,375.999990000000000000,2024-01-01 00:00:00,2024-01-31 23:55:00
2024,S64,2,8343,8352,9,0.9989224137931034,173.600000000000000000,2024-02-01 00:00:00,2024-02-29 23:55:00
2024,S64,3,8928,8928,0,1.0,203.600010000000000000,2024-03-01 00:00:00,2024-03-31 23:55:00
2024,S64,4,8640,8640,0,1.0,171.600000000000000000,2024-04-01 00:00:00,2024-04-30 23:55:00
2024,S64,5,8723,8928,205,0.9770385304659498,301.600010000000000000,2024-05-01 00:00:00,2024-05-31 23:55:00
2024,S64,6,8625,8640,15,0.9982638888888888,388.000010000000000000,2024-06-01 00:00:00,2024-06-30 23:55:00
2024,S64,7,8922,8928,6,0.9993279569892473,107.400000000000000000,2024-07-01 00:00:00,2024-07-31 23:55:00
2024,S64,8,8508,8928,420,0.9529569892473119,160.800000000000000000,2024-08-01 00:00:00,2024-08-31 23:55:00
2024,S64,9,8540,8640,100,0.9884259259259259,230.000000000000000000,2024-09-01 00:00:00,2024-09-30 23:55:00
2024,S64,10,8928,8928,0,1.0,222.800000000000000000,2024-10-01 00:00:00,2024-10-31 23:55:00
2024,S64,11,8390,8640,250,0.9710648148148148,452.199990000000000000,2024-11-01 00:00:00,2024-11-30 23:55:00
2024,S64,12,8915,8928,13,0.9985439068100358,259.400000000000000000,2024-12-01 00:00:00,2024-12-31 23:55:00
2024,S66,1,8926,8928,2,0.9997759856630825,459.400000000000000000,2024-01-01 00:00:00,2024-01-31 23:55:00
2024,S66,2,8347,8352,5,0.9994013409961686,192.400010000000000000,2024-02-01 00:00:00,2024-02-29 23:55:00
2024,S66,3,8922,8928,6,0.9993279569892473,189.999990000000000000,2024-03-01 00:00:00,2024-03-31 23:55:00
2024,S66,4,8622,8640,18,0.9979166666666667,266.999990000000000000,2024-04-01 00:00:00,2024-04-30 23:55:00
2024,S66,5,8686,8928,242,0.972894265232975,263.199990000000000000,2024-05-01 00:00:00,2024-05-31 23:55:00
2024,S66,6,8616,8640,24,0.9972222222222222,528.200000000000000000,2024-06-01 00:00:00,2024-06-30 23:55:00
2024,S66,7,8924,8928,4,0.9995519713261649,73.200000000000000000,2024-07-01 00:00:00,2024-07-31 23:55:00
2024,S66,8,8627,8928,301,0.9662858422939068,259.200000000000000000,2024-08-01 00:00:00,2024-08-31 23:55:00
2024,S66,9,8536,8640,104,0.9879629629629629,233.400000000000000000,2024-09-01 00:00:00,2024-09-30 23:55:00
2024,S66,10,6065,8928,2863,0.6793234767025089,122.800000000000000000,2024-10-01 00:00:00,2024-10-31 23:55:00
2024,S66,11,7832,8640,808,0.9064814814814814,378.200010000000000000,2024-11-01 00:00:00,2024-11-30 23:55:00
2024,S66,12,8916,8928,12,0.9986559139784946,241.999990000000000000,2024-12-01 00:00:00,2024-12-31 23:55:00
2024,S69,1,8853,8928,75,0.9915994623655914,459.600000000000000000,2024-01-01 00:00:00,2024-01-31 23:55:00
2024,S69,2,8347,8352,5,0.9994013409961686,84.000000000000000000,2024-02-01 00:00:00,2024-02-29 23:55:00
2024,S69,3,8461,8928,467,0.9476926523297491,104.800000000000000000,2024-03-01 00:00:00,2024-03-31 23:55:00
2024,S69,4,8531,8640,109,0.9873842592592592,205.199990000000000000,2024-04-01 00:00:00,2024-04-30 23:55:00
2024,S69,5,8875,8928,53,0.9940636200716846,270.800010000000000000,2024-05-01 00:00:00,2024-05-31 23:55:00
2024,S69,6,8557,8640,83,0.9903935185185185,319.200000000000000000,2024-06-01 00:00:00,2024-06-30 23:55:00
2024,S69,7,8219,8928,709,0.920586917562724,79.400000000000000000,2024-07-01 00:00:00,2024-07-31 23:55:00
2024,S69,8,6108,8928,2820,0.6841397849462365,93.200000000000000000,2024-08-01 00:00:00,2024-08-31 23:55:00
2024,S69,9,8623,8640,17,0.9980324074074074,206.200000000000000000,2024-09-01 00:00:00,2024-09-30 23:55:00
2024,S69,10,8911,8928,17,0.9980958781362007,203.200000000000000000,2024-10-01 00:00:00,2024-10-31 23:55:00
2024,S69,11,8389,8640,251,0.970949074074074,491.400010000000000000,2024-11-01 00:00:00,2024-11-30 23:55:00
2024,S69,12,6536,8928,2392,0.732078853046595,222.200000000000000000,2024-12-01 00:00:00,2024-12-31 23:55:00
2024,S71,1,8928,8928,0,1.0,386.200000000000000000,2024-01-01 00:00:00,2024-01-31 23:55:00
2024,S71,2,8348,8352,4,0.9995210727969349,117.000000000000000000,2024-02-01 00:00:00,2024-02-29 23:55:00
2024,S71,3,8927,8928,1,0.9998879928315412,253.600000000000000000,2024-03-01 00:00:00,2024-03-31 23:55:00
2024,S71,4,8640,8640,0,1.0,173.800000000000000000,2024-04-01 00:00:00,2024-04-30 23:55:00
2024,S71,5,8722,8928,206,0.9769265232974911,207.400000000000000000,2024-05-01 00:00:00,2024-05-31 23:55:00
2024,S71,6,8621,8640,19,0.997800925925926,296.000000000000000000,2024-06-01 00:00:00,2024-06-30 23:55:00
2024,S71,7,8926,8928,2,0.9997759856630825,90.200000000000000000,2024-07-01 00:00:00,2024-07-31 23:55:00
2024,S71,8,8482,8928,446,0.9500448028673835,124.400000000000000000,2024-08-01 00:00:00,2024-08-31 23:55:00
2024,S71,9,8549,8640,91,0.9894675925925925,285.599990000000000000,2024-09-01 00:00:00,2024-09-30 23:55:00
2024,S71,10,5474,8928,3454,0.6131272401433692,248.199990000000000000,2024-10-01 00:00:00,2024-10-31 23:55:00
2024,S71,11,8390,8640,250,0.9710648148148148,343.600000000000000000,2024-11-01 00:00:00,2024-11-30 23:55:00
2024,S71,12,8916,8928,12,0.9986559139784946,181.799990000000000000,2024-12-01 00:00:00,2024-12-31 23:55:00
2024,S77,1,8928,8928,0,1.0,336.200000000000000000,2024-01-01 00:00:00,2024-01-31 23:55:00
2024,S77,2,8347,8352,5,0.9994013409961686,127.200000000000000000,2024-02-01 00:00:00,2024-02-29 23:55:00
2024,S77,3,8928,8928,0,1.0,180.400000000000000000,2024-03-01 00:00:00,2024-03-31 23:55:00
2024,S77,4,8638,8640,2,0.9997685185185186,180.200000000000000000,2024-04-01 00:00:00,2024-04-30 23:55:00
2024,S77,5,8722,8928,206,0.9769265232974911,190.400000000000000000,2024-05-01 00:00:00,2024-05-31 23:55:00
2024,S77,6,8599,8640,41,0.9952546296296296,231.600000000000000000,2024-06-01 00:00:00,2024-06-30 23:55:00
2024,S77,7,8924,8928,4,0.9995519713261649,70.200000000000000000,2024-07-01 00:00:00,2024-07-31 23:55:00
2024,S77,8,8489,8928,439,0.950828853046595,98.200000000000000000,2024-08-01 00:00:00,2024-08-31 23:55:00
2024,S77,9,8540,8640,100,0.9884259259259259,209.800000000000000000,2024-09-01 00:00:00,2024-09-30 23:55:00
2024,S77,10,8907,8928,21,0.9976478494623656,210.200000000000000000,2024-10-01 00:00:00,2024-10-31 23:55:00
2024,S77,11,8390,8640,250,0.9710648148148148,311.600010000000000000,2024-11-01 00:00:00,2024-11-30 23:55:00
2024,S77,12,8062,8928,866,0.9030017921146953,256.399990000000000000,2024-12-01 00:00:00,2024-12-31 23:55:00
2024,S78,1,8922,8928,6,0.9993279569892473,421.799990000000000000,2024-01-01 00:00:00,2024-01-31 23:55:00
2024,S78,2,8344,8352,8,0.9990421455938697,79.799990000000000000,2024-02-01 00:00:00,2024-02-29 23:55:00
2024,S78,3,8920,8928,8,0.9991039426523297,170.400000000000000000,2024-03-01 00:00:00,2024-03-31 23:55:00
2024,S78,4,8610,8640,30,0.9965277777777778,213.799990000000000000,2024-04-01 00:00:00,2024-04-30 23:55:00
2024,S78,5,8692,8928,236,0.9735663082437276,210.800000000000000000,2024-05-01 00:00:00,2024-05-31 23:55:00
2024,S78,6,8623,8640,17,0.9980324074074074,208.000000000000000000,2024-06-01 00:00:00,2024-06-30 23:55:00
2024,S78,7,8924,8928,4,0.9995519713261649,104.000000000000000000,2024-07-01 00:00:00,2024-07-31 23:55:00
2024,S78,8,8242,8928,686,0.923163082437276,79.200000000000000000,2024-08-01 00:00:00,2024-08-31 23:55:00
2024,S78,9,8499,8640,141,0.9836805555555556,165.200000000000000000,2024-09-01 00:00:00,2024-09-30 23:55:00
2024,S78,10,8707,8928,221,0.9752464157706093,129.200000000000000000,2024-10-01 00:00:00,2024-10-31 23:55:00
2024,S78,11,8242,8640,398,0.9539351851851852,348.600000000000000000,2024-11-01 00:00:00,2024-11-30 23:55:00
2024,S78,12,8892,8928,36,0.9959677419354839,192.400000000000000000,2024-12-01 00:00:00,2024-12-31 23:55:00
2024,S79,1,7969,8928,959,0.8925851254480287,288.600000000000000000,2024-01-01 00:00:00,2024-01-31 23:55:00
2024,S79,2,7586,8352,766,0.9082854406130269,136.600000000000000000,2024-02-01 00:00:00,2024-02-29 23:55:00
2024,S79,3,8928,8928,0,1.0,173.800000000000000000,2024-03-01 00:00:00,2024-03-31 23:55:00
2024,S79,4,8640,8640,0,1.0,183.000000000000000000,2024-04-01 00:00:00,2024-04-30 23:55:00
2024,S79,5,8923,8928,5,0.9994399641577061,176.199980000000000000,2024-05-01 00:00:00,2024-05-31 23:55:00
2024,S79,6,8622,8640,18,0.9979166666666667,222.600000000000000000,2024-06-01 00:00:00,2024-06-30 23:55:00
2024,S79,7,3623,8928,5305,0.40580197132616486,14.600000000000000000,2024-07-01 00:00:00,2024-07-31 23:55:00
2024,S79,8,2967,8928,5961,0.3323252688172043,44.400000000000000000,2024-08-01 00:00:00,2024-08-31 23:55:00
2024,S79,9,8419,8640,221,0.9744212962962963,173.600000000000000000,2024-09-01 00:00:00,2024-09-30 23:55:00
2024,S79,10,8781,8928,147,0.9835349462365591,203.400000000000000000,2024-10-01 00:00:00,2024-10-31 23:55:00
2024,S79,11,8193,8640,447,0.9482638888888889,373.000000000000000000,2024-11-01 00:00:00,2024-11-30 23:55:00
2024,S79,12,8751,8928,177,0.9801747311827957,247.799990000000000000,2024-12-01 00:00:00,2024-12-31 23:55:00
2024,S81,1,8928,8928,0,1.0,451.600000000000000000,2024-01-01 00:00:00,2024-01-31 23:55:00
2024,S81,2,8348,8352,4,0.9995210727969349,135.400000000000000000,2024-02-01 00:00:00,2024-02-29 23:55:00
2024,S81,3,8928,8928,0,1.0,146.199990000000000000,2024-03-01 00:00:00,2024-03-31 23:55:00
2024,S81,4,8640,8640,0,1.0,192.400000000000000000,2024-04-01 00:00:00,2024-04-30 23:55:00
2024,S81,5,8723,8928,205,0.9770385304659498,250.800000000000000000,2024-05-01 00:00:00,2024-05-31 23:55:00
2024,S81,6,8625,8640,15,0.9982638888888888,220.000000000000000000,2024-06-01 00:00:00,2024-06-30 23:55:00
2024,S81,7,8926,8928,2,0.9997759856630825,87.200000000000000000,2024-07-01 00:00:00,2024-07-31 23:55:00
2024,S81,8,8515,8928,413,0.9537410394265233,88.800000000000000000,2024-08-01 00:00:00,2024-08-31 23:55:00
2024,S81,9,8541,8640,99,0.9885416666666667,185.200000000000000000,2024-09-01 00:00:00,2024-09-30 23:55:00
2024,S81,10,8928,8928,0,1.0,117.600000000000000000,2024-10-01 00:00:00,2024-10-31 23:55:00
2024,S81,11,8389,8640,251,0.970949074074074,355.400000000000000000,2024-11-01 00:00:00,2024-11-30 23:55:00
2024,S81,12,8903,8928,25,0.9971998207885304,123.400000000000000000,2024-12-01 00:00:00,2024-12-31 23:55:00
2024,S84,1,8565,8928,363,0.9593413978494624,468.800010000000000000,2024-01-01 00:00:00,2024-01-31 23:55:00
2024,S84,2,8280,8352,72,0.9913793103448276,77.400000000000000000,2024-02-01 00:00:00,2024-02-29 23:55:00
2024,S84,3,8802,8928,126,0.9858870967741935,101.400000000000000000,2024-03-01 00:00:00,2024-03-31 23:55:00
2024,S84,4,8540,8640,100,0.9884259259259259,195.200000000000000000,2024-04-01 00:00:00,2024-04-30 23:55:00
2024,S84,5,8554,8928,374,0.9581093189964157,264.600000000000000000,2024-05-01 00:00:00,2024-05-31 23:55:00
2024,S84,6,8567,8640,73,0.991550925925926,265.400000000000000000,2024-06-01 00:00:00,2024-06-30 23:55:00
2024,S84,7,8928,8928,0,1.0,59.200000000000000000,2024-07-01 00:00:00,2024-07-31 23:55:00
2024,S84,8,8501,8928,427,0.9521729390681004,128.000000000000000000,2024-08-01 00:00:00,2024-08-31 23:55:00
2024,S84,9,8544,8640,96,0.9888888888888889,157.600000000000000000,2024-09-01 00:00:00,2024-09-30 23:55:00
2024,S84,10,8928,8928,0,1.0,202.000000000000000000,2024-10-01 00:00:00,2024-10-31 23:55:00
2024,S84,11,8390,8640,250,0.9710648148148148,405.000000000000000000,2024-11-01 00:00:00,2024-11-30 23:55:00
2024,S84,12,7470,8928,1458,0.8366935483870968,235.000000000000000000,2024-12-01 00:00:00,2024-12-31 23:55:00
2024,S88,1,8928,8928,0,1.0,354.800000000000000000,2024-01-01 00:00:00,2024-01-31 23:55:00
2024,S88,2,8334,8352,18,0.9978448275862069,105.400000000000000000,2024-02-01 00:00:00,2024-02-29 23:55:00
2024,S88,3,8925,8928,3,0.9996639784946236,199.400000000000000000,2024-03-01 00:00:00,2024-03-31 23:55:00
2024,S88,4,8637,8640,3,0.9996527777777777,201.400000000000000000,2024-04-01 00:00:00,2024-04-30 23:55:00
2024,S88,5,8723,8928,205,0.9770385304659498,294.200000000000000000,2024-05-01 00:00:00,2024-05-31 23:55:00
2024,S88,6,8583,8640,57,0.9934027777777777,235.200000000000000000,2024-06-01 00:00:00,2024-06-30 23:55:00
2024,S88,7,8925,8928,3,0.9996639784946236,96.000000000000000000,2024-07-01 00:00:00,2024-07-31 23:55:00
2024,S88,8,8485,8928,443,0.9503808243727598,83.800000000000000000,2024-08-01 00:00:00,2024-08-31 23:55:00
2024,S88,9,6290,8640,2350,0.7280092592592593,223.600010000000000000,2024-09-01 00:00:00,2024-09-30 23:55:00
2024,S88,10,8928,8928,0,1.0,209.600000000000000000,2024-10-01 00:00:00,2024-10-31 23:55:00
2024,S88,11,8390,8640,250,0.9710648148148148,410.999990000000000000,2024-11-01 00:00:00,2024-11-30 23:55:00
2024,S88,12,8906,8928,22,0.9975358422939068,236.200000000000000000,2024-12-01 00:00:00,2024-12-31 23:55:00
2024,S89,1,8928,8928,0,1.0,320.600000000000000000,2024-01-01 00:00:00,2024-01-31 23:55:00
2024,S89,2,8348,8352,4,0.9995210727969349,96.400000000000000000,2024-02-01 00:00:00,2024-02-29 23:55:00
2024,S89,3,8926,8928,2,0.9997759856630825,229.000000000000000000,2024-03-01 00:00:00,2024-03-31 23:55:00
2024,S89,4,8640,8640,0,1.0,228.400000000000000000,2024-04-01 00:00:00,2024-04-30 23:55:00
2024,S89,5,8723,8928,205,0.9770385304659498,493.200000000000000000,2024-05-01 00:00:00,2024-05-31 23:55:00
2024,S89,6,8623,8640,17,0.9980324074074074,150.999990000000000000,2024-06-01 00:00:00,2024-06-30 23:55:00
2024,S89,7,8927,8928,1,0.9998879928315412,79.600000000000000000,2024-07-01 00:00:00,2024-07-31 23:55:00
2024,S89,8,8463,8928,465,0.9479166666666666,200.400000000000000000,2024-08-01 00:00:00,2024-08-31 23:55:00
2024,S89,9,7979,8640,661,0.9234953703703703,261.799990000000000000,2024-09-01 00:00:00,2024-09-30 23:55:00
2024,S89,10,8928,8928,0,1.0,182.200000000000000000,2024-10-01 00:00:00,2024-10-31 23:55:00
2024,S89,11,8390,8640,250,0.9710648148148148,396.400000000000000000,2024-11-01 00:00:00,2024-11-30 23:55:00
2024,S89,12,8912,8928,16,0.9982078853046595,289.200000000000000000,2024-12-01 00:00:00,2024-12-31 23:55:00
2024,S90,1,8928,8928,0,1.0,360.800000000000000000,2024-01-01 00:00:00,2024-01-31 23:55:00
2024,S90,2,8346,8352,6,0.9992816091954023,162.200000000000000000,2024-02-01 00:00:00,2024-02-29 23:55:00
2024,S90,3,8926,8928,2,0.9997759856630825,161.800000000000000000,2024-03-01 00:00:00,2024-03-31 23:55:00
2024,S90,4,8637,8640,3,0.9996527777777777,201.200000000000000000,2024-04-01 00:00:00,2024-04-30 23:55:00
2024,S90,5,8723,8928,205,0.9770385304659498,208.399990000000000000,2024-05-01 00:00:00,2024-05-31 23:55:00
2024,S90,6,8489,8640,151,0.9825231481481481,280.800010000000000000,2024-06-01 00:00:00,2024-06-30 23:55:00
2024,S90,7,8927,8928,1,0.9998879928315412,53.400000000000000000,2024-07-01 00:00:00,2024-07-31 23:55:00
2024,S90,8,8518,8928,410,0.9540770609318996,117.200010000000000000,2024-08-01 00:00:00,2024-08-31 23:55:00
2024,S90,9,8537,8640,103,0.9880787037037037,245.800000000000000000,2024-09-01 00:00:00,2024-09-30 23:55:00
2024,S90,10,7210,8928,1718,0.8075716845878136,215.800000000000000000,2024-10-01 00:00:00,2024-10-31 23:55:00
2024,S90,11,8390,8640,250,0.9710648148148148,419.600000000000000000,2024-11-01 00:00:00,2024-11-30 23:55:00
2024,S90,12,8916,8928,12,0.9986559139784946,297.599990000000000000,2024-12-01 00:00:00,2024-12-31 23:55:00
2024,S900,1,8800,8928,128,0.985663082437276,455.200000000000000000,2024-01-01 00:00:00,2024-01-31 23:55:00
2024,S900,2,8348,8352,4,0.9995210727969349,135.000010000000000000,2024-02-01 00:00:00,2024-02-29 23:55:00
2024,S900,3,8926,8928,2,0.9997759856630825,175.800000000000000000,2024-03-01 00:00:00,2024-03-31 23:55:00
2024,S900,4,8625,8640,15,0.9982638888888888,207.400000000000000000,2024-04-01 00:00:00,2024-04-30 23:55:00
2024,S900,5,8610,8928,318,0.9643817204301075,233.600000000000000000,2024-05-01 00:00:00,2024-05-31 23:55:00
2024,S900,6,8623,8640,17,0.9980324074074074,180.400000000000000000,2024-06-01 00:00:00,2024-06-30 23:55:00
2024,S900,7,8924,8928,4,0.9995519713261649,90.400000000000000000,2024-07-01 00:00:00,2024-07-31 23:55:00
2024,S900,8,8487,8928,441,0.9506048387096774,83.400000000000000000,2024-08-01 00:00:00,2024-08-31 23:55:00
2024,S900,9,8541,8640,99,0.9885416666666667,268.800000000000000000,2024-09-01 00:00:00,2024-09-30 23:55:00
2024,S900,10,8928,8928,0,1.0,192.600000000000000000,2024-10-01 00:00:00,2024-10-31 23:55:00
2024,S900,11,8390,8640,250,0.9710648148148148,533.600000000000000000,2024-11-01 00:00:00,2024-11-30 23:55:00
2024,S900,12,8746,8928,182,0.9796146953405018,134.800000000000000000,2024-12-01 00:00:00,2024-12-31 23:55:00
2024,S92,1,0,8928,8928,0.0,0,,
2024,S92,2,0,8352,8352,0.0,0,,
2024,S92,3,0,8928,8928,0.0,0,,
2024,S92,4,0,8640,8640,0.0,0,,
2024,S92,5,0,8928,8928,0.0,0,,
2024,S92,6,0,8640,8640,0.0,0,,
2024,S92,7,0,8928,8928,0.0,0,,
2024,S92,8,0,8928,8928,0.0,0,,
2024,S92,9,0,8640,8640,0.0,0,,
2024,S92,10,0,8928,8928,0.0,0,,
2024,S92,11,3116,8640,5524,0.36064814814814816,128.800000000000000000,2024-11-06 17:35:00,2024-11-18 10:00:00
2024,S92,12,6230,8928,2698,0.6978046594982079,193.600000000000000000,2024-12-10 08:50:00,2024-12-31 23:55:00
2024,S94,1,8927,8928,1,0.9998879928315412,533.999990000000000000,2024-01-01 00:00:00,2024-01-31 23:55:00
2024,S94,2,8348,8352,4,0.9995210727969349,94.200000000000000000,2024-02-01 00:00:00,2024-02-29 23:55:00
2024,S94,3,8927,8928,1,0.9998879928315412,143.600000000000000000,2024-03-01 00:00:00,2024-03-31 23:55:00
2024,S94,4,8640,8640,0,1.0,231.399990000000000000,2024-04-01 00:00:00,2024-04-30 23:55:00
2024,S94,5,8722,8928,206,0.9769265232974911,321.400000000000000000,2024-05-01 00:00:00,2024-05-31 23:55:00
2024,S94,6,8613,8640,27,0.996875,253.400000000000000000,2024-06-01 00:00:00,2024-06-30 23:55:00
2024,S94,7,8927,8928,1,0.9998879928315412,63.200000000000000000,2024-07-01 00:00:00,2024-07-31 23:55:00
2024,S94,8,7882,8928,1046,0.8828405017921147,94.400000000000000000,2024-08-01 00:00:00,2024-08-31 23:55:00
2024,S94,9,8535,8640,105,0.9878472222222222,139.600000000000000000,2024-09-01 00:00:00,2024-09-30 23:55:00
2024,S94,10,8928,8928,0,1.0,140.600000000000000000,2024-10-01 00:00:00,2024-10-31 23:55:00
2024,S94,11,3049,8640,5591,0.3528935185185185,103.800000000000000000,2024-11-01 00:00:00,2024-11-12 10:50:00
2024,S94,12,6228,8928,2700,0.6975806451612904,104.000000000000000000,2024-12-10 09:00:00,2024-12-31 23:55:00
