coverage_cutoff,month,comparable_station_count,station_ids,scope
0.9,1,0,,"same month, station intersection across all eight years; rain-interval calendar"
0.9,2,0,,"same month, station intersection across all eight years; rain-interval calendar"
0.9,3,0,,"same month, station intersection across all eight years; rain-interval calendar"
0.9,4,0,,"same month, station intersection across all eight years; rain-interval calendar"
0.9,5,11,S08|S113|S123|S66|S77|S78|S79|S81|S88|S89|S94,"same month, station intersection across all eight years; rain-interval calendar"
0.9,6,0,,"same month, station intersection across all eight years; rain-interval calendar"
0.9,7,0,,"same month, station intersection across all eight years; rain-interval calendar"
0.9,8,0,,"same month, station intersection across all eight years; rain-interval calendar"
0.9,9,20,S08|S107|S114|S116|S119|S121|S24|S33|S40|S43|S71|S77|S78|S79|S81|S84|S89|S90|S900|S94,"same month, station intersection across all eight years; rain-interval calendar"
0.9,10,21,S104|S107|S111|S113|S115|S116|S119|S121|S24|S35|S43|S44|S69|S77|S78|S79|S81|S88|S89|S900|S94,"same month, station intersection across all eight years; rain-interval calendar"
0.9,11,0,,"same month, station intersection across all eight years; rain-interval calendar"
0.9,12,18,S08|S107|S111|S113|S116|S119|S121|S24|S33|S35|S40|S43|S77|S78|S81|S89|S90|S900,"same month, station intersection across all eight years; rain-interval calendar"
0.95,1,0,,"same month, station intersection across all eight years; rain-interval calendar"
0.95,2,0,,"same month, station intersection across all eight years; rain-interval calendar"
0.95,3,0,,"same month, station intersection across all eight years; rain-interval calendar"
0.95,4,0,,"same month, station intersection across all eight years; rain-interval calendar"
0.95,5,9,S113|S123|S77|S78|S79|S81|S88|S89|S94,"same month, station intersection across all eight years; rain-interval calendar"
0.95,6,0,,"same month, station intersection across all eight years; rain-interval calendar"
0.95,7,0,,"same month, station intersection across all eight years; rain-interval calendar"
0.95,8,0,,"same month, station intersection across all eight years; rain-interval calendar"
0.95,9,17,S08|S107|S114|S116|S119|S121|S24|S33|S40|S43|S71|S77|S78|S79|S81|S90|S94,"same month, station intersection across all eight years; rain-interval calendar"
0.95,10,18,S104|S107|S111|S113|S115|S116|S121|S24|S35|S44|S69|S77|S78|S79|S81|S88|S89|S94,"same month, station intersection across all eight years; rain-interval calendar"
0.95,11,0,,"same month, station intersection across all eight years; rain-interval calendar"
0.95,12,15,S08|S107|S111|S116|S119|S121|S24|S33|S40|S43|S78|S81|S89|S90|S900,"same month, station intersection across all eight years; rain-interval calendar"
