year,month,common_station_count,observed_nominal_slots,expected_nominal_slots,coverage_ratio
2017,1,38,316458,339264,0.9327780135823429
2017,2,38,291177,306432,0.9502173402255639
2017,3,38,319935,339264,0.9430266694963214
2017,4,38,266354,328320,0.8112634015594542
2017,5,38,275620,339264,0.8124056781739295
2017,6,38,264344,328320,0.8051413255360623
2017,7,38,290924,339264,0.8575150914921713
2017,8,38,304260,339264,0.8968237125070742
2017,9,38,310406,328320,0.9454373781676413
2017,10,38,322675,339264,0.9511029758536125
2017,11,38,301754,328320,0.9190850389863547
2017,12,38,312873,339264,0.9222110215053764
2018,1,38,313367,339264,0.9236671146953405
2018,2,38,184799,306432,0.6030669120718463
2018,3,38,242230,339264,0.7139867477834371
2018,4,38,220595,328320,0.6718902290448343
2018,5,38,324482,339264,0.9564292114695341
2018,6,38,317780,328320,0.9678971734892787
2018,7,38,332840,339264,0.9810648934163365
2018,8,38,25347,339264,0.07471172891907188
2018,9,38,314588,328320,0.9581749512670565
2018,10,38,331838,339264,0.9781114412375024
2018,11,38,309280,328320,0.9420077972709552
2018,12,38,311284,339264,0.9175273533295605
2019,1,38,312450,339264,0.9209642048670063
2019,2,38,282646,306432,0.9223775584795322
2019,3,38,315955,339264,0.9312953923787964
2019,4,38,266769,328320,0.8125274122807018
2019,5,38,309449,339264,0.9121185861158272
2019,6,38,307874,328320,0.9377253898635478
2019,7,38,280973,339264,0.8281839511412941
2019,8,38,336401,339264,0.9915611441237502
2019,9,38,324153,328320,0.9873081140350877
2019,10,38,335392,339264,0.9885870590454631
2019,11,38,257786,328320,0.785166910331384
2019,12,38,316591,339264,0.9331700386719487
2020,1,38,328125,339264,0.9671671618562535
2020,2,38,314646,317376,0.9913982153660013
2020,3,38,332765,339264,0.9808438266364837
2020,4,38,319367,328320,0.9727308723196881
2020,5,38,317022,339264,0.9344404357668364
2020,6,38,277989,328320,0.8467013888888889
2020,7,38,291035,339264,0.8578422703263535
2020,8,38,258875,339264,0.7630488351254481
2020,9,38,324817,328320,0.9893305311890839
2020,10,38,335073,339264,0.9876467883418223
2020,11,38,325361,328320,0.9909874512670566
2020,12,38,330461,339264,0.9740526551594039
2021,1,38,278926,339264,0.8221503018298434
2021,2,38,288113,306432,0.9402183845029239
2021,3,38,320667,339264,0.9451842812676854
2021,4,38,315023,328320,0.9594998781676414
2021,5,38,323275,339264,0.9528715100924354
2021,6,38,315475,328320,0.9608765838206628
2021,7,38,324630,339264,0.9568654499151104
2021,8,38,319459,339264,0.941623632333522
2021,9,38,314161,328320,0.9568743908382066
2021,10,38,327899,339264,0.9665010139596303
2021,11,38,316421,328320,0.9637579191033139
2021,12,38,324792,339264,0.9573429541595926
2022,1,38,322654,339264,0.9510410771552538
2022,2,38,289478,306432,0.944672880116959
2022,3,38,322633,339264,0.950979178456895
2022,4,38,318173,328320,0.9690941764132553
2022,5,38,328542,339264,0.9683962931522354
2022,6,38,315768,328320,0.9617690058479532
2022,7,38,329686,339264,0.9717682984342577
2022,8,38,325307,339264,0.9588609460479155
2022,9,38,326300,328320,0.9938474658869396
2022,10,38,334129,339264,0.984864294472741
2022,11,38,322364,328320,0.9818591617933723
2022,12,38,335398,339264,0.9886047443878514
2023,1,38,223127,339264,0.6576795651763818
2023,2,38,301146,306432,0.982749843358396
2023,3,38,319963,339264,0.9431092010941332
2023,4,38,316781,328320,0.964854410331384
2023,5,38,332165,339264,0.9790752923976608
2023,6,38,316123,328320,0.9628502680311891
2023,7,38,315981,339264,0.9313720288624788
2023,8,38,309762,339264,0.9130411714770797
2023,9,38,304609,328320,0.9277808235867446
2023,10,38,310536,339264,0.9153225806451613
2023,11,38,308259,328320,0.9388980263157894
2023,12,38,318085,339264,0.9375736889266176
2024,1,38,310094,339264,0.9140197604225618
2024,2,38,288024,317376,0.9075166364186328
2024,3,38,301096,339264,0.8874976419543482
2024,4,38,299642,328320,0.9126522904483431
2024,5,38,300341,339264,0.8852722363704961
2024,6,38,293518,328320,0.8939997563352826
2024,7,38,300942,339264,0.8870437181663837
2024,8,38,272123,339264,0.8020980711186568
2024,9,38,289315,328320,0.8811982212475633
2024,10,38,287635,339264,0.8478205763063573
2024,11,38,265339,328320,0.8081719054580897
2024,12,38,281902,339264,0.8309222316544048
