year,event_date,raw_record_count,network_has_records
2017,2017-01-01,10619,True
2017,2017-01-02,15914,True
2017,2017-01-03,15770,True
2017,2017-01-04,16053,True
2017,2017-01-05,16015,True
2017,2017-01-06,16114,True
2017,2017-01-07,16274,True
2017,2017-01-08,16297,True
2017,2017-01-09,16229,True
2017,2017-01-10,16317,True
2017,2017-01-11,16242,True
2017,2017-01-12,15912,True
2017,2017-01-13,15778,True
2017,2017-01-14,16104,True
2017,2017-01-15,16074,True
2017,2017-01-16,16099,True
2017,2017-01-17,16085,True
2017,2017-01-18,16137,True
2017,2017-01-19,15901,True
2017,2017-01-20,15966,True
2017,2017-01-21,16045,True
2017,2017-01-22,15828,True
2017,2017-01-23,15719,True
2017,2017-01-24,15850,True
2017,2017-01-25,15926,True
2017,2017-01-26,16046,True
2017,2017-01-27,16073,True
2017,2017-01-28,16007,True
2017,2017-01-29,16112,True
2017,2017-01-30,16109,True
2017,2017-01-31,16098,True
2017,2017-02-01,16196,True
2017,2017-02-02,15979,True
2017,2017-02-03,16100,True
2017,2017-02-04,16140,True
2017,2017-02-05,16098,True
2017,2017-02-06,16173,True
2017,2017-02-07,16054,True
2017,2017-02-08,16172,True
2017,2017-02-09,16231,True
2017,2017-02-10,16198,True
2017,2017-02-11,16262,True
2017,2017-02-12,16275,True
2017,2017-02-13,16051,True
2017,2017-02-14,16149,True
2017,2017-02-15,16153,True
2017,2017-02-16,16141,True
2017,2017-02-17,16143,True
2017,2017-02-18,16069,True
2017,2017-02-19,16255,True
2017,2017-02-20,16147,True
2017,2017-02-21,16010,True
2017,2017-02-22,16207,True
2017,2017-02-23,16138,True
2017,2017-02-24,15890,True
2017,2017-02-25,16106,True
2017,2017-02-26,16203,True
2017,2017-02-27,16134,True
2017,2017-02-28,16071,True
2017,2017-03-01,15894,True
2017,2017-03-02,16200,True
2017,2017-03-03,16174,True
2017,2017-03-04,15901,True
2017,2017-03-05,16178,True
2017,2017-03-06,16145,True
2017,2017-03-07,16168,True
2017,2017-03-08,16198,True
2017,2017-03-09,16156,True
2017,2017-03-10,16124,True
2017,2017-03-11,16237,True
2017,2017-03-12,16063,True
2017,2017-03-13,16220,True
2017,2017-03-14,16293,True
2017,2017-03-15,16077,True
2017,2017-03-16,16103,True
2017,2017-03-17,16154,True
2017,2017-03-18,16191,True
2017,2017-03-19,16231,True
2017,2017-03-20,16102,True
2017,2017-03-21,15961,True
2017,2017-03-22,15727,True
2017,2017-03-23,15475,True
2017,2017-03-24,15692,True
2017,2017-03-25,16052,True
2017,2017-03-26,16040,True
2017,2017-03-27,15837,True
2017,2017-03-28,15791,True
2017,2017-03-29,15777,True
2017,2017-03-30,15773,True
2017,2017-03-31,15692,True
2017,2017-04-01,15511,True
2017,2017-04-02,15273,True
2017,2017-04-03,14389,True
2017,2017-04-04,13424,True
2017,2017-04-05,14803,True
2017,2017-04-06,15176,True
2017,2017-04-07,14089,True
2017,2017-04-08,13992,True
2017,2017-04-09,13734,True
2017,2017-04-10,13892,True
2017,2017-04-11,13583,True
2017,2017-04-12,13635,True
2017,2017-04-13,13169,True
2017,2017-04-14,13170,True
2017,2017-04-15,13100,True
2017,2017-04-16,12961,True
2017,2017-04-17,13216,True
2017,2017-04-18,12207,True
2017,2017-04-19,12293,True
2017,2017-04-20,13286,True
2017,2017-04-21,13329,True
2017,2017-04-22,14158,True
2017,2017-04-23,13719,True
2017,2017-04-24,13276,True
2017,2017-04-25,12462,True
2017,2017-04-26,5190,True
2017,2017-04-27,6444,True
2017,2017-04-28,12405,True
2017,2017-04-29,12731,True
2017,2017-04-30,12631,True
2017,2017-05-01,12890,True
2017,2017-05-02,12246,True
2017,2017-05-03,12106,True
2017,2017-05-04,12797,True
2017,2017-05-05,12727,True
2017,2017-05-06,13124,True
2017,2017-05-07,13307,True
2017,2017-05-08,13140,True
2017,2017-05-09,12437,True
2017,2017-05-10,12916,True
2017,2017-05-11,12861,True
2017,2017-05-12,13617,True
2017,2017-05-13,13250,True
2017,2017-05-14,12876,True
2017,2017-05-15,12943,True
2017,2017-05-16,12455,True
2017,2017-05-17,12664,True
2017,2017-05-18,13003,True
2017,2017-05-19,13409,True
2017,2017-05-20,13562,True
2017,2017-05-21,13427,True
2017,2017-05-22,11802,True
2017,2017-05-23,13242,True
2017,2017-05-24,13151,True
2017,2017-05-25,13026,True
2017,2017-05-26,13111,True
2017,2017-05-27,12795,True
2017,2017-05-28,13056,True
2017,2017-05-29,13215,True
2017,2017-05-30,12853,True
2017,2017-05-31,11805,True
2017,2017-06-01,12613,True
2017,2017-06-02,12505,True
2017,2017-06-03,13154,True
2017,2017-06-04,12561,True
2017,2017-06-05,12672,True
2017,2017-06-06,12595,True
2017,2017-06-07,12966,True
2017,2017-06-08,13619,True
2017,2017-06-09,13242,True
2017,2017-06-10,13889,True
2017,2017-06-11,13476,True
2017,2017-06-12,13299,True
2017,2017-06-13,13738,True
2017,2017-06-14,13310,True
2017,2017-06-15,12973,True
2017,2017-06-16,13272,True
2017,2017-06-17,12933,True
2017,2017-06-18,13118,True
2017,2017-06-19,13031,True
2017,2017-06-20,13644,True
2017,2017-06-21,13538,True
2017,2017-06-22,12882,True
2017,2017-06-23,12742,True
2017,2017-06-24,12894,True
2017,2017-06-25,13539,True
2017,2017-06-26,13025,True
2017,2017-06-27,12653,True
2017,2017-06-28,12235,True
2017,2017-06-29,12005,True
2017,2017-06-30,11922,True
2017,2017-07-01,13053,True
2017,2017-07-02,13290,True
2017,2017-07-03,13160,True
2017,2017-07-04,13459,True
2017,2017-07-05,13290,True
2017,2017-07-06,11672,True
2017,2017-07-07,13222,True
2017,2017-07-08,13813,True
2017,2017-07-09,13228,True
2017,2017-07-10,13607,True
2017,2017-07-11,13619,True
2017,2017-07-12,13986,True
2017,2017-07-13,14028,True
2017,2017-07-14,14215,True
2017,2017-07-15,13127,True
2017,2017-07-16,13832,True
2017,2017-07-17,14022,True
2017,2017-07-18,12068,True
2017,2017-07-19,14546,True
2017,2017-07-20,14732,True
2017,2017-07-21,10458,True
2017,2017-07-22,14607,True
2017,2017-07-23,14170,True
2017,2017-07-24,13894,True
2017,2017-07-25,14042,True
2017,2017-07-26,14168,True
2017,2017-07-27,14326,True
2017,2017-07-28,14232,True
2017,2017-07-29,14363,True
2017,2017-07-30,13976,True
2017,2017-07-31,13685,True
2017,2017-08-01,13101,True
2017,2017-08-02,14079,True
2017,2017-08-03,14295,True
2017,2017-08-04,14461,True
2017,2017-08-05,14337,True
2017,2017-08-06,14435,True
2017,2017-08-07,14262,True
2017,2017-08-08,14321,True
2017,2017-08-09,14211,True
2017,2017-08-10,14479,True
2017,2017-08-11,14576,True
2017,2017-08-12,14073,True
2017,2017-08-13,14038,True
2017,2017-08-14,13736,True
2017,2017-08-15,14261,True
2017,2017-08-16,14223,True
2017,2017-08-17,14139,True
2017,2017-08-18,14118,True
2017,2017-08-19,14358,True
2017,2017-08-20,14036,True
2017,2017-08-21,14156,True
2017,2017-08-22,14228,True
2017,2017-08-23,14598,True
2017,2017-08-24,14657,True
2017,2017-08-25,14320,True
2017,2017-08-26,14404,True
2017,2017-08-27,14060,True
2017,2017-08-28,14387,True
2017,2017-08-29,14423,True
2017,2017-08-30,13956,True
2017,2017-08-31,14541,True
2017,2017-09-01,14522,True
2017,2017-09-02,14864,True
2017,2017-09-03,14928,True
2017,2017-09-04,14862,True
2017,2017-09-05,15069,True
2017,2017-09-06,14810,True
2017,2017-09-07,15068,True
2017,2017-09-08,15062,True
2017,2017-09-09,14978,True
2017,2017-09-10,15096,True
2017,2017-09-11,14355,True
2017,2017-09-12,14515,True
2017,2017-09-13,14184,True
2017,2017-09-14,14148,True
2017,2017-09-15,14071,True
2017,2017-09-16,14194,True
2017,2017-09-17,14572,True
2017,2017-09-18,14328,True
2017,2017-09-19,14622,True
2017,2017-09-20,14775,True
2017,2017-09-21,14463,True
2017,2017-09-22,14921,True
2017,2017-09-23,15102,True
2017,2017-09-24,15068,True
2017,2017-09-25,15162,True
2017,2017-09-26,14797,True
2017,2017-09-27,15006,True
2017,2017-09-28,15090,True
2017,2017-09-29,15071,True
2017,2017-09-30,15183,True
2017,2017-10-01,14621,True
2017,2017-10-02,14981,True
2017,2017-10-03,13545,True
2017,2017-10-04,14982,True
2017,2017-10-05,14934,True
2017,2017-10-06,14558,True
2017,2017-10-07,14960,True
2017,2017-10-08,14957,True
2017,2017-10-09,14780,True
2017,2017-10-10,14987,True
2017,2017-10-11,14687,True
2017,2017-10-12,15220,True
2017,2017-10-13,15196,True
2017,2017-10-14,15118,True
2017,2017-10-15,15169,True
2017,2017-10-16,14695,True
2017,2017-10-17,14920,True
2017,2017-10-18,14955,True
2017,2017-10-19,14841,True
2017,2017-10-20,15171,True
2017,2017-10-21,14897,True
2017,2017-10-22,14833,True
2017,2017-10-23,15144,True
2017,2017-10-24,15079,True
2017,2017-10-25,15021,True
2017,2017-10-26,13560,True
2017,2017-10-27,14854,True
2017,2017-10-28,14955,True
2017,2017-10-29,14987,True
2017,2017-10-30,15076,True
2017,2017-10-31,14675,True
2017,2017-11-01,14512,True
2017,2017-11-02,14683,True
2017,2017-11-03,14712,True
2017,2017-11-04,14912,True
2017,2017-11-05,14589,True
2017,2017-11-06,14402,True
2017,2017-11-07,14668,True
2017,2017-11-08,14438,True
2017,2017-11-09,14802,True
2017,2017-11-10,14448,True
2017,2017-11-11,14119,True
2017,2017-11-12,13876,True
2017,2017-11-13,14365,True
2017,2017-11-14,14479,True
2017,2017-11-15,13994,True
2017,2017-11-16,14192,True
2017,2017-11-17,14174,True
2017,2017-11-18,14169,True
2017,2017-11-19,13797,True
2017,2017-11-20,13465,True
2017,2017-11-21,12805,True
2017,2017-11-22,13514,True
2017,2017-11-23,13796,True
2017,2017-11-24,14143,True
2017,2017-11-25,14154,True
2017,2017-11-26,14559,True
2017,2017-11-27,14244,True
2017,2017-11-28,14042,True
2017,2017-11-29,14747,True
2017,2017-11-30,14356,True
2017,2017-12-01,14678,True
2017,2017-12-02,14867,True
2017,2017-12-03,14402,True
2017,2017-12-04,14767,True
2017,2017-12-05,14408,True
2017,2017-12-06,14711,True
2017,2017-12-07,14525,True
2017,2017-12-08,14575,True
2017,2017-12-09,14701,True
2017,2017-12-10,14300,True
2017,2017-12-11,12566,True
2017,2017-12-12,14260,True
2017,2017-12-13,14066,True
2017,2017-12-14,14075,True
2017,2017-12-15,13873,True
2017,2017-12-16,13909,True
2017,2017-12-17,14264,True
2017,2017-12-18,14340,True
2017,2017-12-19,14292,True
2017,2017-12-20,13781,True
2017,2017-12-21,14065,True
2017,2017-12-22,14383,True
2017,2017-12-23,14155,True
2017,2017-12-24,14518,True
2017,2017-12-25,13864,True
2017,2017-12-26,14198,True
2017,2017-12-27,14386,True
2017,2017-12-28,14113,True
2017,2017-12-29,14313,True
2017,2017-12-30,14049,True
2017,2017-12-31,13953,True
2018,2018-01-01,13046,True
2018,2018-01-02,12386,True
2018,2018-01-03,13159,True
2018,2018-01-04,13821,True
2018,2018-01-05,13818,True
2018,2018-01-06,13445,True
2018,2018-01-07,13826,True
2018,2018-01-08,13999,True
2018,2018-01-09,13883,True
2018,2018-01-10,13400,True
2018,2018-01-11,12526,True
2018,2018-01-12,12584,True
2018,2018-01-13,11749,True
2018,2018-01-14,11215,True
2018,2018-01-15,12366,True
2018,2018-01-16,13915,True
2018,2018-01-17,14634,True
2018,2018-01-18,15183,True
2018,2018-01-19,14910,True
2018,2018-01-20,15099,True
2018,2018-01-21,15255,True
2018,2018-01-22,14952,True
2018,2018-01-23,14962,True
2018,2018-01-24,14536,True
2018,2018-01-25,14640,True
2018,2018-01-26,14971,True
2018,2018-01-27,15098,True
2018,2018-01-28,15192,True
2018,2018-01-29,14639,True
2018,2018-01-30,14059,True
2018,2018-01-31,14485,True
2018,2018-02-01,14565,True
2018,2018-02-02,14583,True
2018,2018-02-03,14096,True
2018,2018-02-04,14565,True
2018,2018-02-05,14598,True
2018,2018-02-06,11447,True
2018,2018-02-07,0,False
2018,2018-02-08,0,False
2018,2018-02-09,0,False
2018,2018-02-10,0,False
2018,2018-02-11,0,False
2018,2018-02-12,0,False
2018,2018-02-13,6622,True
2018,2018-02-14,14840,True
2018,2018-02-15,15021,True
2018,2018-02-16,14631,True
2018,2018-02-17,53,True
2018,2018-02-18,0,False
2018,2018-02-19,5207,True
2018,2018-02-20,14947,True
2018,2018-02-21,14782,True
2018,2018-02-22,14729,True
2018,2018-02-23,13872,True
2018,2018-02-24,14337,True
2018,2018-02-25,14535,True
2018,2018-02-26,11721,True
2018,2018-02-27,11969,True
2018,2018-02-28,10499,True
2018,2018-03-01,11380,True
2018,2018-03-02,11648,True
2018,2018-03-03,11421,True
2018,2018-03-04,11317,True
2018,2018-03-05,10767,True
2018,2018-03-06,11376,True
2018,2018-03-07,11488,True
2018,2018-03-08,11790,True
2018,2018-03-09,11200,True
2018,2018-03-10,9636,True
2018,2018-03-11,10987,True
2018,2018-03-12,11100,True
2018,2018-03-13,10845,True
2018,2018-03-14,10981,True
2018,2018-03-15,9929,True
2018,2018-03-16,11231,True
2018,2018-03-17,11273,True
2018,2018-03-18,11214,True
2018,2018-03-19,10948,True
2018,2018-03-20,9257,True
2018,2018-03-21,10700,True
2018,2018-03-22,11669,True
2018,2018-03-23,10989,True
2018,2018-03-24,11885,True
2018,2018-03-25,11581,True
2018,2018-03-26,11499,True
2018,2018-03-27,11328,True
2018,2018-03-28,11132,True
2018,2018-03-29,10904,True
2018,2018-03-30,10112,True
2018,2018-03-31,10569,True
2018,2018-04-01,6808,True
2018,2018-04-02,10829,True
2018,2018-04-03,10259,True
2018,2018-04-04,10543,True
2018,2018-04-05,10295,True
2018,2018-04-06,10380,True
2018,2018-04-07,10462,True
2018,2018-04-08,9775,True
2018,2018-04-09,9375,True
2018,2018-04-10,9645,True
2018,2018-04-11,5138,True
2018,2018-04-12,0,False
2018,2018-04-13,0,False
2018,2018-04-14,0,False
2018,2018-04-15,0,False
2018,2018-04-16,5623,True
2018,2018-04-17,13522,True
2018,2018-04-18,15185,True
2018,2018-04-19,15684,True
2018,2018-04-20,15070,True
2018,2018-04-21,14710,True
2018,2018-04-22,14439,True
2018,2018-04-23,13923,True
2018,2018-04-24,14790,True
2018,2018-04-25,14950,True
2018,2018-04-26,15049,True
2018,2018-04-27,15289,True
2018,2018-04-28,15378,True
2018,2018-04-29,15453,True
2018,2018-04-30,15539,True
2018,2018-05-01,15217,True
2018,2018-05-02,15210,True
2018,2018-05-03,14530,True
2018,2018-05-04,15199,True
2018,2018-05-05,15204,True
2018,2018-05-06,14781,True
2018,2018-05-07,14628,True
2018,2018-05-08,15013,True
2018,2018-05-09,14842,True
2018,2018-05-10,15110,True
2018,2018-05-11,14993,True
2018,2018-05-12,14824,True
2018,2018-05-13,14719,True
2018,2018-05-14,15106,True
2018,2018-05-15,15259,True
2018,2018-05-16,15296,True
2018,2018-05-17,15435,True
2018,2018-05-18,15790,True
2018,2018-05-19,15767,True
2018,2018-05-20,15221,True
2018,2018-05-21,15118,True
2018,2018-05-22,15244,True
2018,2018-05-23,15260,True
2018,2018-05-24,15564,True
2018,2018-05-25,15740,True
2018,2018-05-26,15351,True
2018,2018-05-27,15154,True
2018,2018-05-28,15085,True
2018,2018-05-29,15176,True
2018,2018-05-30,15470,True
2018,2018-05-31,15459,True
2018,2018-06-01,15655,True
2018,2018-06-02,15356,True
2018,2018-06-03,15075,True
2018,2018-06-04,15230,True
2018,2018-06-05,14968,True
2018,2018-06-06,15408,True
2018,2018-06-07,15550,True
2018,2018-06-08,15573,True
2018,2018-06-09,14858,True
2018,2018-06-10,14756,True
2018,2018-06-11,15345,True
2018,2018-06-12,15816,True
2018,2018-06-13,15798,True
2018,2018-06-14,15341,True
2018,2018-06-15,14619,True
2018,2018-06-16,14700,True
2018,2018-06-17,15247,True
2018,2018-06-18,15306,True
2018,2018-06-19,15400,True
2018,2018-06-20,15586,True
2018,2018-06-21,15019,True
2018,2018-06-22,15296,True
2018,2018-06-23,15525,True
2018,2018-06-24,15599,True
2018,2018-06-25,15771,True
2018,2018-06-26,15732,True
2018,2018-06-27,15403,True
2018,2018-06-28,14917,True
2018,2018-06-29,15158,True
2018,2018-06-30,14906,True
2018,2018-07-01,15470,True
2018,2018-07-02,15384,True
2018,2018-07-03,15356,True
2018,2018-07-04,15104,True
2018,2018-07-05,15458,True
2018,2018-07-06,15494,True
2018,2018-07-07,15493,True
2018,2018-07-08,15244,True
2018,2018-07-09,15506,True
2018,2018-07-10,15747,True
2018,2018-07-11,15691,True
2018,2018-07-12,15753,True
2018,2018-07-13,15809,True
2018,2018-07-14,15538,True
2018,2018-07-15,15117,True
2018,2018-07-16,15408,True
2018,2018-07-17,15820,True
2018,2018-07-18,15650,True
2018,2018-07-19,15811,True
2018,2018-07-20,15702,True
2018,2018-07-21,15828,True
2018,2018-07-22,14966,True
2018,2018-07-23,15817,True
2018,2018-07-24,15744,True
2018,2018-07-25,15787,True
2018,2018-07-26,15816,True
2018,2018-07-27,15812,True
2018,2018-07-28,15639,True
2018,2018-07-29,15803,True
2018,2018-07-30,15304,True
2018,2018-07-31,15224,True
2018,2018-08-01,15509,True
2018,2018-08-02,15630,True
2018,2018-08-03,5271,True
2018,2018-08-04,0,False
2018,2018-08-05,0,False
2018,2018-08-06,0,False
2018,2018-08-07,0,False
2018,2018-08-08,0,False
2018,2018-08-09,0,False
2018,2018-08-10,0,False
2018,2018-08-11,0,False
2018,2018-08-12,0,False
2018,2018-08-13,0,False
2018,2018-08-14,0,False
2018,2018-08-15,0,False
2018,2018-08-16,0,False
2018,2018-08-17,0,False
2018,2018-08-18,0,False
2018,2018-08-19,0,False
2018,2018-08-20,0,False
2018,2018-08-21,0,False
2018,2018-08-22,0,False
2018,2018-08-23,0,False
2018,2018-08-24,0,False
2018,2018-08-25,0,False
2018,2018-08-26,0,False
2018,2018-08-27,0,False
2018,2018-08-28,0,False
2018,2018-08-29,0,False
2018,2018-08-30,0,False
2018,2018-08-31,0,False
2018,2018-09-01,10229,True
2018,2018-09-02,15219,True
2018,2018-09-03,15193,True
2018,2018-09-04,9763,True
2018,2018-09-05,14846,True
2018,2018-09-06,15234,True
2018,2018-09-07,15447,True
2018,2018-09-08,15323,True
2018,2018-09-09,15680,True
2018,2018-09-10,15632,True
2018,2018-09-11,15428,True
2018,2018-09-12,14945,True
2018,2018-09-13,15358,True
2018,2018-09-14,15518,True
2018,2018-09-15,15511,True
2018,2018-09-16,15394,True
2018,2018-09-17,15516,True
2018,2018-09-18,15254,True
2018,2018-09-19,15085,True
2018,2018-09-20,14957,True
2018,2018-09-21,15053,True
2018,2018-09-22,15065,True
2018,2018-09-23,15109,True
2018,2018-09-24,15212,True
2018,2018-09-25,15061,True
2018,2018-09-26,15219,True
2018,2018-09-27,15017,True
2018,2018-09-28,15218,True
2018,2018-09-29,15222,True
2018,2018-09-30,15172,True
2018,2018-10-01,15158,True
2018,2018-10-02,15439,True
2018,2018-10-03,15416,True
2018,2018-10-04,15178,True
2018,2018-10-05,15286,True
2018,2018-10-06,15498,True
2018,2018-10-07,15312,True
2018,2018-10-08,15121,True
2018,2018-10-09,14784,True
2018,2018-10-10,14885,True
2018,2018-10-11,14945,True
2018,2018-10-12,14952,True
2018,2018-10-13,15243,True
2018,2018-10-14,14872,True
2018,2018-10-15,14707,True
2018,2018-10-16,15056,True
2018,2018-10-17,15128,True
2018,2018-10-18,15378,True
2018,2018-10-19,15403,True
2018,2018-10-20,15412,True
2018,2018-10-21,15215,True
2018,2018-10-22,15149,True
2018,2018-10-23,15151,True
2018,2018-10-24,14947,True
2018,2018-10-25,15014,True
2018,2018-10-26,15291,True
2018,2018-10-27,15453,True
2018,2018-10-28,14945,True
2018,2018-10-29,14946,True
2018,2018-10-30,15048,True
2018,2018-10-31,14965,True
2018,2018-11-01,14998,True
2018,2018-11-02,14450,True
2018,2018-11-03,14522,True
2018,2018-11-04,14670,True
2018,2018-11-05,14387,True
2018,2018-11-06,13968,True
2018,2018-11-07,13899,True
2018,2018-11-08,14326,True
2018,2018-11-09,14358,True
2018,2018-11-10,14251,True
2018,2018-11-11,14148,True
2018,2018-11-12,14195,True
2018,2018-11-13,13632,True
2018,2018-11-14,14653,True
2018,2018-11-15,15235,True
2018,2018-11-16,15107,True
2018,2018-11-17,15116,True
2018,2018-11-18,14861,True
2018,2018-11-19,14597,True
2018,2018-11-20,15172,True
2018,2018-11-21,15120,True
2018,2018-11-22,14593,True
2018,2018-11-23,14814,True
2018,2018-11-24,15129,True
2018,2018-11-25,15252,True
2018,2018-11-26,15110,True
2018,2018-11-27,15023,True
2018,2018-11-28,14902,True
2018,2018-11-29,14609,True
2018,2018-11-30,14741,True
2018,2018-12-01,14832,True
2018,2018-12-02,14895,True
2018,2018-12-03,14983,True
2018,2018-12-04,14353,True
2018,2018-12-05,14403,True
2018,2018-12-06,14418,True
2018,2018-12-07,14415,True
2018,2018-12-08,14075,True
2018,2018-12-09,13933,True
2018,2018-12-10,14145,True
2018,2018-12-11,13915,True
2018,2018-12-12,13974,True
2018,2018-12-13,14388,True
2018,2018-12-14,13851,True
2018,2018-12-15,13909,True
2018,2018-12-16,14082,True
2018,2018-12-17,14475,True
2018,2018-12-18,14272,True
2018,2018-12-19,13908,True
2018,2018-12-20,13904,True
2018,2018-12-21,14316,True
2018,2018-12-22,14393,True
2018,2018-12-23,14188,True
2018,2018-12-24,13961,True
2018,2018-12-25,13879,True
2018,2018-12-26,14101,True
2018,2018-12-27,13794,True
2018,2018-12-28,13195,True
2018,2018-12-29,13247,True
2018,2018-12-30,12923,True
2018,2018-12-31,13080,True
2019,2019-01-01,12784,True
2019,2019-01-02,12686,True
2019,2019-01-03,14005,True
2019,2019-01-04,15061,True
2019,2019-01-05,14490,True
2019,2019-01-06,14280,True
2019,2019-01-07,14787,True
2019,2019-01-08,14771,True
2019,2019-01-09,14511,True
2019,2019-01-10,14773,True
2019,2019-01-11,14443,True
2019,2019-01-12,14496,True
2019,2019-01-13,14725,True
2019,2019-01-14,14024,True
2019,2019-01-15,13833,True
2019,2019-01-16,14713,True
2019,2019-01-17,14663,True
2019,2019-01-18,14368,True
2019,2019-01-19,14272,True
2019,2019-01-20,14340,True
2019,2019-01-21,13986,True
2019,2019-01-22,13802,True
2019,2019-01-23,14072,True
2019,2019-01-24,14051,True
2019,2019-01-25,14096,True
2019,2019-01-26,14052,True
2019,2019-01-27,13731,True
2019,2019-01-28,13436,True
2019,2019-01-29,13732,True
2019,2019-01-30,14051,True
2019,2019-01-31,14114,True
2019,2019-02-01,14282,True
2019,2019-02-02,14372,True
2019,2019-02-03,14206,True
2019,2019-02-04,13772,True
2019,2019-02-05,13816,True
2019,2019-02-06,13778,True
2019,2019-02-07,13948,True
2019,2019-02-08,14018,True
2019,2019-02-09,14209,True
2019,2019-02-10,13883,True
2019,2019-02-11,14005,True
2019,2019-02-12,13143,True
2019,2019-02-13,13135,True
2019,2019-02-14,13135,True
2019,2019-02-15,14246,True
2019,2019-02-16,14314,True
2019,2019-02-17,14046,True
2019,2019-02-18,13966,True
2019,2019-02-19,14146,True
2019,2019-02-20,14295,True
2019,2019-02-21,13888,True
2019,2019-02-22,13610,True
2019,2019-02-23,13659,True
2019,2019-02-24,13715,True
2019,2019-02-25,13630,True
2019,2019-02-26,13614,True
2019,2019-02-27,13647,True
2019,2019-02-28,13892,True
2019,2019-03-01,14485,True
2019,2019-03-02,14154,True
2019,2019-03-03,14312,True
2019,2019-03-04,14355,True
2019,2019-03-05,14296,True
2019,2019-03-06,14042,True
2019,2019-03-07,14107,True
2019,2019-03-08,13983,True
2019,2019-03-09,14052,True
2019,2019-03-10,14036,True
2019,2019-03-11,13867,True
2019,2019-03-12,13990,True
2019,2019-03-13,14007,True
2019,2019-03-14,13840,True
2019,2019-03-15,13974,True
2019,2019-03-16,13554,True
2019,2019-03-17,13351,True
2019,2019-03-18,13392,True
2019,2019-03-19,13645,True
2019,2019-03-20,13835,True
2019,2019-03-21,13727,True
2019,2019-03-22,13902,True
2019,2019-03-23,13817,True
2019,2019-03-24,13737,True
2019,2019-03-25,13687,True
2019,2019-03-26,13792,True
2019,2019-03-27,13695,True
2019,2019-03-28,13880,True
2019,2019-03-29,13875,True
2019,2019-03-30,13899,True
2019,2019-03-31,13509,True
2019,2019-04-01,13240,True
2019,2019-04-02,13817,True
2019,2019-04-03,14383,True
2019,2019-04-04,14249,True
2019,2019-04-05,13364,True
2019,2019-04-06,13452,True
2019,2019-04-07,13799,True
2019,2019-04-08,14016,True
2019,2019-04-09,13969,True
2019,2019-04-10,13344,True
2019,2019-04-11,13222,True
2019,2019-04-12,13696,True
2019,2019-04-13,13722,True
2019,2019-04-14,13660,True
2019,2019-04-15,13681,True
2019,2019-04-16,13882,True
2019,2019-04-17,13835,True
2019,2019-04-18,13543,True
2019,2019-04-19,13564,True
2019,2019-04-20,8872,True
2019,2019-04-21,0,False
2019,2019-04-22,0,False
2019,2019-04-23,8427,True
2019,2019-04-24,12734,True
2019,2019-04-25,12660,True
2019,2019-04-26,12615,True
2019,2019-04-27,13150,True
2019,2019-04-28,13449,True
2019,2019-04-29,13279,True
2019,2019-04-30,13369,True
2019,2019-05-01,13243,True
2019,2019-05-02,13279,True
2019,2019-05-03,13589,True
2019,2019-05-04,13221,True
2019,2019-05-05,13398,True
2019,2019-05-06,13497,True
2019,2019-05-07,13496,True
2019,2019-05-08,13538,True
2019,2019-05-09,13760,True
2019,2019-05-10,14031,True
2019,2019-05-11,13972,True
2019,2019-05-12,13772,True
2019,2019-05-13,14129,True
2019,2019-05-14,13905,True
2019,2019-05-15,13609,True
2019,2019-05-16,13562,True
2019,2019-05-17,13533,True
2019,2019-05-18,13470,True
2019,2019-05-19,13528,True
2019,2019-05-20,13594,True
2019,2019-05-21,13419,True
2019,2019-05-22,13512,True
2019,2019-05-23,13941,True
2019,2019-05-24,14258,True
2019,2019-05-25,14093,True
2019,2019-05-26,14106,True
2019,2019-05-27,14139,True
2019,2019-05-28,14214,True
2019,2019-05-29,14044,True
2019,2019-05-30,13948,True
2019,2019-05-31,13818,True
2019,2019-06-01,14061,True
2019,2019-06-02,13902,True
2019,2019-06-03,13593,True
2019,2019-06-04,13651,True
2019,2019-06-05,13472,True
2019,2019-06-06,13238,True
2019,2019-06-07,12768,True
2019,2019-06-08,12554,True
2019,2019-06-09,12818,True
2019,2019-06-10,13549,True
2019,2019-06-11,13771,True
2019,2019-06-12,14023,True
2019,2019-06-13,14257,True
2019,2019-06-14,14547,True
2019,2019-06-15,14513,True
2019,2019-06-16,13865,True
2019,2019-06-17,13637,True
2019,2019-06-18,14185,True
2019,2019-06-19,13937,True
2019,2019-06-20,13827,True
2019,2019-06-21,14065,True
2019,2019-06-22,14232,True
2019,2019-06-23,13628,True
2019,2019-06-24,14071,True
2019,2019-06-25,14586,True
2019,2019-06-26,14521,True
2019,2019-06-27,14705,True
2019,2019-06-28,14177,True
2019,2019-06-29,14531,True
2019,2019-06-30,14753,True
2019,2019-07-01,14306,True
2019,2019-07-02,14823,True
2019,2019-07-03,14635,True
2019,2019-07-04,14473,True
2019,2019-07-05,14677,True
2019,2019-07-06,15029,True
2019,2019-07-07,14780,True
2019,2019-07-08,14458,True
2019,2019-07-09,14269,True
2019,2019-07-10,14321,True
2019,2019-07-11,14332,True
2019,2019-07-12,14736,True
2019,2019-07-13,14691,True
2019,2019-07-14,14578,True
2019,2019-07-15,14651,True
2019,2019-07-16,14759,True
2019,2019-07-17,15094,True
2019,2019-07-18,15222,True
2019,2019-07-19,15239,True
2019,2019-07-20,13298,True
2019,2019-07-21,0,False
2019,2019-07-22,0,False
2019,2019-07-23,0,False
2019,2019-07-24,0,False
2019,2019-07-25,4617,True
2019,2019-07-26,15022,True
2019,2019-07-27,14790,True
2019,2019-07-28,15075,True
2019,2019-07-29,14967,True
2019,2019-07-30,15101,True
2019,2019-07-31,14654,True
2019,2019-08-01,14662,True
2019,2019-08-02,14271,True
2019,2019-08-03,14418,True
2019,2019-08-04,14455,True
2019,2019-08-05,14626,True
2019,2019-08-06,14770,True
2019,2019-08-07,14625,True
2019,2019-08-08,14618,True
2019,2019-08-09,14984,True
2019,2019-08-10,14957,True
2019,2019-08-11,14613,True
2019,2019-08-12,14627,True
2019,2019-08-13,15060,True
2019,2019-08-14,15018,True
2019,2019-08-15,14634,True
2019,2019-08-16,14586,True
2019,2019-08-17,15080,True
2019,2019-08-18,14996,True
2019,2019-08-19,14827,True
2019,2019-08-20,14654,True
2019,2019-08-21,14898,True
2019,2019-08-22,15078,True
2019,2019-08-23,15152,True
2019,2019-08-24,14973,True
2019,2019-08-25,14969,True
2019,2019-08-26,15040,True
2019,2019-08-27,15163,True
2019,2019-08-28,15103,True
2019,2019-08-29,15046,True
2019,2019-08-30,14670,True
2019,2019-08-31,14958,True
2019,2019-09-01,15077,True
2019,2019-09-02,15036,True
2019,2019-09-03,15025,True
2019,2019-09-04,14908,True
2019,2019-09-05,14815,True
2019,2019-09-06,15139,True
2019,2019-09-07,15115,True
2019,2019-09-08,15147,True
2019,2019-09-09,15198,True
2019,2019-09-10,15046,True
2019,2019-09-11,15088,True
2019,2019-09-12,15228,True
2019,2019-09-13,14682,True
2019,2019-09-14,14157,True
2019,2019-09-15,14224,True
2019,2019-09-16,14586,True
2019,2019-09-17,14815,True
2019,2019-09-18,15084,True
2019,2019-09-19,15090,True
2019,2019-09-20,14724,True
2019,2019-09-21,14743,True
2019,2019-09-22,14882,True
2019,2019-09-23,15015,True
2019,2019-09-24,14584,True
2019,2019-09-25,14768,True
2019,2019-09-26,14508,True
2019,2019-09-27,14754,True
2019,2019-09-28,14896,True
2019,2019-09-29,14931,True
2019,2019-09-30,15078,True
2019,2019-10-01,15056,True
2019,2019-10-02,14642,True
2019,2019-10-03,14636,True
2019,2019-10-04,14899,True
2019,2019-10-05,15145,True
2019,2019-10-06,15259,True
2019,2019-10-07,15173,True
2019,2019-10-08,14930,True
2019,2019-10-09,14860,True
2019,2019-10-10,14948,True
2019,2019-10-11,14762,True
2019,2019-10-12,15057,True
2019,2019-10-13,14787,True
2019,2019-10-14,15047,True
2019,2019-10-15,15095,True
2019,2019-10-16,14982,True
2019,2019-10-17,15062,True
2019,2019-10-18,15066,True
2019,2019-10-19,14859,True
2019,2019-10-20,14978,True
2019,2019-10-21,15073,True
2019,2019-10-22,15080,True
2019,2019-10-23,14672,True
2019,2019-10-24,14894,True
2019,2019-10-25,15250,True
2019,2019-10-26,15257,True
2019,2019-10-27,14930,True
2019,2019-10-28,14869,True
2019,2019-10-29,14858,True
2019,2019-10-30,14898,True
2019,2019-10-31,15013,True
2019,2019-11-01,14916,True
2019,2019-11-02,15075,True
2019,2019-11-03,15070,True
2019,2019-11-04,14807,True
2019,2019-11-05,14967,True
2019,2019-11-06,15094,True
2019,2019-11-07,5979,True
2019,2019-11-08,0,False
2019,2019-11-09,0,False
2019,2019-11-10,0,False
2019,2019-11-11,0,False
2019,2019-11-12,0,False
2019,2019-11-13,8096,True
2019,2019-11-14,14883,True
2019,2019-11-15,15050,True
2019,2019-11-16,15029,True
2019,2019-11-17,15055,True
2019,2019-11-18,15051,True
2019,2019-11-19,14795,True
2019,2019-11-20,14716,True
2019,2019-11-21,14340,True
2019,2019-11-22,14816,True
2019,2019-11-23,15039,True
2019,2019-11-24,14590,True
2019,2019-11-25,14837,True
2019,2019-11-26,15259,True
2019,2019-11-27,15067,True
2019,2019-11-28,15064,True
2019,2019-11-29,14882,True
2019,2019-11-30,14770,True
2019,2019-12-01,14814,True
2019,2019-12-02,14760,True
2019,2019-12-03,14852,True
2019,2019-12-04,15023,True
2019,2019-12-05,15045,True
2019,2019-12-06,15041,True
2019,2019-12-07,14665,True
2019,2019-12-08,14050,True
2019,2019-12-09,14132,True
2019,2019-12-10,13826,True
2019,2019-12-11,13287,True
2019,2019-12-12,13634,True
2019,2019-12-13,14766,True
2019,2019-12-14,14553,True
2019,2019-12-15,13691,True
2019,2019-12-16,13892,True
2019,2019-12-17,14169,True
2019,2019-12-18,13176,True
2019,2019-12-19,13935,True
2019,2019-12-20,13970,True
2019,2019-12-21,13945,True
2019,2019-12-22,13948,True
2019,2019-12-23,14155,True
2019,2019-12-24,13982,True
2019,2019-12-25,14362,True
2019,2019-12-26,14406,True
2019,2019-12-27,14673,True
2019,2019-12-28,14251,True
2019,2019-12-29,14358,True
2019,2019-12-30,14665,True
2019,2019-12-31,14718,True
2020,2020-01-01,14610,True
2020,2020-01-02,14267,True
2020,2020-01-03,14496,True
2020,2020-01-04,14563,True
2020,2020-01-05,14528,True
2020,2020-01-06,14597,True
2020,2020-01-07,14550,True
2020,2020-01-08,14698,True
2020,2020-01-09,14453,True
2020,2020-01-10,14639,True
2020,2020-01-11,14724,True
2020,2020-01-12,14716,True
2020,2020-01-13,14649,True
2020,2020-01-14,14746,True
2020,2020-01-15,14736,True
2020,2020-01-16,14593,True
2020,2020-01-17,14469,True
2020,2020-01-18,14443,True
2020,2020-01-19,13625,True
2020,2020-01-20,13874,True
2020,2020-01-21,13102,True
2020,2020-01-22,14081,True
2020,2020-01-23,14320,True
2020,2020-01-24,14721,True
2020,2020-01-25,14350,True
2020,2020-01-26,13972,True
2020,2020-01-27,14286,True
2020,2020-01-28,14352,True
2020,2020-01-29,13867,True
2020,2020-01-30,13973,True
2020,2020-01-31,14446,True
2020,2020-02-01,14311,True
2020,2020-02-02,14170,True
2020,2020-02-03,14247,True
2020,2020-02-04,14397,True
2020,2020-02-05,14492,True
2020,2020-02-06,14433,True
2020,2020-02-07,14398,True
2020,2020-02-08,14321,True
2020,2020-02-09,14437,True
2020,2020-02-10,14482,True
2020,2020-02-11,14421,True
2020,2020-02-12,14456,True
2020,2020-02-13,14180,True
2020,2020-02-14,14019,True
2020,2020-02-15,14076,True
2020,2020-02-16,14089,True
2020,2020-02-17,14050,True
2020,2020-02-18,14109,True
2020,2020-02-19,14095,True
2020,2020-02-20,14115,True
2020,2020-02-21,14114,True
2020,2020-02-22,13714,True
2020,2020-02-23,13961,True
2020,2020-02-24,14187,True
2020,2020-02-25,14190,True
2020,2020-02-26,14273,True
2020,2020-02-27,14087,True
2020,2020-02-28,13884,True
2020,2020-02-29,13851,True
2020,2020-03-01,13878,True
2020,2020-03-02,14003,True
2020,2020-03-03,14161,True
2020,2020-03-04,14120,True
2020,2020-03-05,14100,True
2020,2020-03-06,14253,True
2020,2020-03-07,14459,True
2020,2020-03-08,14345,True
2020,2020-03-09,14141,True
2020,2020-03-10,14130,True
2020,2020-03-11,14099,True
2020,2020-03-12,14111,True
2020,2020-03-13,14100,True
2020,2020-03-14,13995,True
2020,2020-03-15,13768,True
2020,2020-03-16,13757,True
2020,2020-03-17,14003,True
2020,2020-03-18,14411,True
2020,2020-03-19,14263,True
2020,2020-03-20,14297,True
2020,2020-03-21,14372,True
2020,2020-03-22,14116,True
2020,2020-03-23,13922,True
2020,2020-03-24,14371,True
2020,2020-03-25,14484,True
2020,2020-03-26,14350,True
2020,2020-03-27,14222,True
2020,2020-03-28,14310,True
2020,2020-03-29,14047,True
2020,2020-03-30,14061,True
2020,2020-03-31,14169,True
2020,2020-04-01,14282,True
2020,2020-04-02,14387,True
2020,2020-04-03,14428,True
2020,2020-04-04,14455,True
2020,2020-04-05,14392,True
2020,2020-04-06,14457,True
2020,2020-04-07,14399,True
2020,2020-04-08,14394,True
2020,2020-04-09,14282,True
2020,2020-04-10,14142,True
2020,2020-04-11,13782,True
2020,2020-04-12,13669,True
2020,2020-04-13,13761,True
2020,2020-04-14,13588,True
2020,2020-04-15,14150,True
2020,2020-04-16,14424,True
2020,2020-04-17,14200,True
2020,2020-04-18,13910,True
2020,2020-04-19,14020,True
2020,2020-04-20,14124,True
2020,2020-04-21,14055,True
2020,2020-04-22,14174,True
2020,2020-04-23,14238,True
2020,2020-04-24,14112,True
2020,2020-04-25,13925,True
2020,2020-04-26,13788,True
2020,2020-04-27,13561,True
2020,2020-04-28,13558,True
2020,2020-04-29,13579,True
2020,2020-04-30,13435,True
2020,2020-05-01,13228,True
2020,2020-05-02,13234,True
2020,2020-05-03,13317,True
2020,2020-05-04,13582,True
2020,2020-05-05,13428,True
2020,2020-05-06,13536,True
2020,2020-05-07,13979,True
2020,2020-05-08,14007,True
2020,2020-05-09,13840,True
2020,2020-05-10,13878,True
2020,2020-05-11,14113,True
2020,2020-05-12,13826,True
2020,2020-05-13,14001,True
2020,2020-05-14,13990,True
2020,2020-05-15,13975,True
2020,2020-05-16,14049,True
2020,2020-05-17,13950,True
2020,2020-05-18,14008,True
2020,2020-05-19,14042,True
2020,2020-05-20,13544,True
2020,2020-05-21,13231,True
2020,2020-05-22,13175,True
2020,2020-05-23,13227,True
2020,2020-05-24,12930,True
2020,2020-05-25,13380,True
2020,2020-05-26,13414,True
2020,2020-05-27,13610,True
2020,2020-05-28,13776,True
2020,2020-05-29,14014,True
2020,2020-05-30,13480,True
2020,2020-05-31,13719,True
2020,2020-06-01,13793,True
2020,2020-06-02,13663,True
2020,2020-06-03,13690,True
2020,2020-06-04,13770,True
2020,2020-06-05,13748,True
2020,2020-06-06,13687,True
2020,2020-06-07,13683,True
2020,2020-06-08,5839,True
2020,2020-06-09,0,False
2020,2020-06-10,0,False
2020,2020-06-11,4696,True
2020,2020-06-12,13637,True
2020,2020-06-13,13238,True
2020,2020-06-14,13484,True
2020,2020-06-15,17330,True
2020,2020-06-16,21568,True
2020,2020-06-17,21796,True
2020,2020-06-18,21359,True
2020,2020-06-19,21724,True
2020,2020-06-20,21748,True
2020,2020-06-21,21015,True
2020,2020-06-22,20452,True
2020,2020-06-23,20252,True
2020,2020-06-24,20406,True
2020,2020-06-25,20989,True
2020,2020-06-26,21772,True
2020,2020-06-27,21578,True
2020,2020-06-28,21368,True
2020,2020-06-29,21284,True
2020,2020-06-30,21209,True
2020,2020-07-01,10119,True
2020,2020-07-02,6705,True
2020,2020-07-03,21239,True
2020,2020-07-04,21275,True
2020,2020-07-05,21080,True
2020,2020-07-06,20854,True
2020,2020-07-07,20864,True
2020,2020-07-08,20598,True
2020,2020-07-09,20901,True
2020,2020-07-10,21256,True
2020,2020-07-11,21318,True
2020,2020-07-12,21470,True
2020,2020-07-13,21398,True
2020,2020-07-14,20972,True
2020,2020-07-15,21551,True
2020,2020-07-16,21388,True
2020,2020-07-17,21737,True
2020,2020-07-18,21694,True
2020,2020-07-19,21699,True
2020,2020-07-20,21759,True
2020,2020-07-21,21765,True
2020,2020-07-22,21659,True
2020,2020-07-23,21550,True
2020,2020-07-24,21755,True
2020,2020-07-25,21661,True
2020,2020-07-26,21492,True
2020,2020-07-27,21441,True
2020,2020-07-28,21451,True
2020,2020-07-29,8952,True
2020,2020-07-30,296,True
2020,2020-07-31,444,True
2020,2020-08-01,373,True
2020,2020-08-02,363,True
2020,2020-08-03,505,True
2020,2020-08-04,441,True
2020,2020-08-05,370,True
2020,2020-08-06,370,True
2020,2020-08-07,6689,True
2020,2020-08-08,21059,True
2020,2020-08-09,21050,True
2020,2020-08-10,21035,True
2020,2020-08-11,21007,True
2020,2020-08-12,21236,True
2020,2020-08-13,21075,True
2020,2020-08-14,20785,True
2020,2020-08-15,20414,True
2020,2020-08-16,20717,True
2020,2020-08-17,21032,True
2020,2020-08-18,21198,True
2020,2020-08-19,21392,True
2020,2020-08-20,21549,True
2020,2020-08-21,21721,True
2020,2020-08-22,21492,True
2020,2020-08-23,21103,True
2020,2020-08-24,21413,True
2020,2020-08-25,21574,True
2020,2020-08-26,21703,True
2020,2020-08-27,21575,True
2020,2020-08-28,21670,True
2020,2020-08-29,21198,True
2020,2020-08-30,21311,True
2020,2020-08-31,21587,True
2020,2020-09-01,21559,True
2020,2020-09-02,21876,True
2020,2020-09-03,21744,True
2020,2020-09-04,21770,True
2020,2020-09-05,21550,True
2020,2020-09-06,21622,True
2020,2020-09-07,21728,True
2020,2020-09-08,21646,True
2020,2020-09-09,21493,True
2020,2020-09-10,21668,True
2020,2020-09-11,21893,True
2020,2020-09-12,21843,True
2020,2020-09-13,21536,True
2020,2020-09-14,21456,True
2020,2020-09-15,21387,True
2020,2020-09-16,21819,True
2020,2020-09-17,21976,True
2020,2020-09-18,22010,True
2020,2020-09-19,21989,True
2020,2020-09-20,21894,True
2020,2020-09-21,21697,True
2020,2020-09-22,21823,True
2020,2020-09-23,21560,True
2020,2020-09-24,21298,True
2020,2020-09-25,21005,True
2020,2020-09-26,20984,True
2020,2020-09-27,21091,True
2020,2020-09-28,21198,True
2020,2020-09-29,21196,True
2020,2020-09-30,21129,True
2020,2020-10-01,20937,True
2020,2020-10-02,21086,True
2020,2020-10-03,20910,True
2020,2020-10-04,20865,True
2020,2020-10-05,21133,True
2020,2020-10-06,21487,True
2020,2020-10-07,21770,True
2020,2020-10-08,21675,True
2020,2020-10-09,21606,True
2020,2020-10-10,21676,True
2020,2020-10-11,21837,True
2020,2020-10-12,21606,True
2020,2020-10-13,21677,True
2020,2020-10-14,21532,True
2020,2020-10-15,21668,True
2020,2020-10-16,21565,True
2020,2020-10-17,21614,True
2020,2020-10-18,21507,True
2020,2020-10-19,21561,True
2020,2020-10-20,21498,True
2020,2020-10-21,21414,True
2020,2020-10-22,21382,True
2020,2020-10-23,21181,True
2020,2020-10-24,21168,True
2020,2020-10-25,21195,True
2020,2020-10-26,21090,True
2020,2020-10-27,20921,True
2020,2020-10-28,20964,True
2020,2020-10-29,21048,True
2020,2020-10-30,21216,True
2020,2020-10-31,21444,True
2020,2020-11-01,21478,True
2020,2020-11-02,21558,True
2020,2020-11-03,21739,True
2020,2020-11-04,21696,True
2020,2020-11-05,21772,True
2020,2020-11-06,21813,True
2020,2020-11-07,21835,True
2020,2020-11-08,21771,True
2020,2020-11-09,21741,True
2020,2020-11-10,21588,True
2020,2020-11-11,21576,True
2020,2020-11-12,21636,True
2020,2020-11-13,21810,True
2020,2020-11-14,21526,True
2020,2020-11-15,21426,True
2020,2020-11-16,21463,True
2020,2020-11-17,21546,True
2020,2020-11-18,21476,True
2020,2020-11-19,21545,True
2020,2020-11-20,21420,True
2020,2020-11-21,21603,True
2020,2020-11-22,21276,True
2020,2020-11-23,21290,True
2020,2020-11-24,21208,True
2020,2020-11-25,21242,True
2020,2020-11-26,20644,True
2020,2020-11-27,20665,True
2020,2020-11-28,20903,True
2020,2020-11-29,20774,True
2020,2020-11-30,20675,True
2020,2020-12-01,20888,True
2020,2020-12-02,21274,True
2020,2020-12-03,21166,True
2020,2020-12-04,21191,True
2020,2020-12-05,21379,True
2020,2020-12-06,21339,True
2020,2020-12-07,21317,True
2020,2020-12-08,21254,True
2020,2020-12-09,21106,True
2020,2020-12-10,21104,True
2020,2020-12-11,21320,True
2020,2020-12-12,21592,True
2020,2020-12-13,21548,True
2020,2020-12-14,21681,True
2020,2020-12-15,21624,True
2020,2020-12-16,21475,True
2020,2020-12-17,21347,True
2020,2020-12-18,21337,True
2020,2020-12-19,21231,True
2020,2020-12-20,21022,True
2020,2020-12-21,20880,True
2020,2020-12-22,20959,True
2020,2020-12-23,20977,True
2020,2020-12-24,20983,True
2020,2020-12-25,20896,True
2020,2020-12-26,21002,True
2020,2020-12-27,20921,True
2020,2020-12-28,20962,True
2020,2020-12-29,21217,True
2020,2020-12-30,20905,True
2020,2020-12-31,21103,True
2021,2021-01-01,6889,True
2021,2021-01-02,0,False
2021,2021-01-03,0,False
2021,2021-01-04,0,False
2021,2021-01-05,2908,True
2021,2021-01-06,20029,True
2021,2021-01-07,20000,True
2021,2021-01-08,19963,True
2021,2021-01-09,19838,True
2021,2021-01-10,19363,True
2021,2021-01-11,18692,True
2021,2021-01-12,19515,True
2021,2021-01-13,19644,True
2021,2021-01-14,19778,True
2021,2021-01-15,19851,True
2021,2021-01-16,19835,True
2021,2021-01-17,19837,True
2021,2021-01-18,19854,True
2021,2021-01-19,19985,True
2021,2021-01-20,20130,True
2021,2021-01-21,19981,True
2021,2021-01-22,19895,True
2021,2021-01-23,19856,True
2021,2021-01-24,19859,True
2021,2021-01-25,19887,True
2021,2021-01-26,19986,True
2021,2021-01-27,19914,True
2021,2021-01-28,20017,True
2021,2021-01-29,20113,True
2021,2021-01-30,20154,True
2021,2021-01-31,20146,True
2021,2021-02-01,20022,True
2021,2021-02-02,20033,True
2021,2021-02-03,19972,True
2021,2021-02-04,19828,True
2021,2021-02-05,19679,True
2021,2021-02-06,18404,True
2021,2021-02-07,19922,True
2021,2021-02-08,19951,True
2021,2021-02-09,19982,True
2021,2021-02-10,20015,True
2021,2021-02-11,19820,True
2021,2021-02-12,19774,True
2021,2021-02-13,19697,True
2021,2021-02-14,19675,True
2021,2021-02-15,19701,True
2021,2021-02-16,19721,True
2021,2021-02-17,19770,True
2021,2021-02-18,19756,True
2021,2021-02-19,19719,True
2021,2021-02-20,19734,True
2021,2021-02-21,19779,True
2021,2021-02-22,19689,True
2021,2021-02-23,19770,True
2021,2021-02-24,19920,True
2021,2021-02-25,20056,True
2021,2021-02-26,20048,True
2021,2021-02-27,20086,True
2021,2021-02-28,20088,True
2021,2021-03-01,20116,True
2021,2021-03-02,19903,True
2021,2021-03-03,19792,True
2021,2021-03-04,19773,True
2021,2021-03-05,20061,True
2021,2021-03-06,20350,True
2021,2021-03-07,20171,True
2021,2021-03-08,20098,True
2021,2021-03-09,20090,True
2021,2021-03-10,20045,True
2021,2021-03-11,19875,True
2021,2021-03-12,20128,True
2021,2021-03-13,19596,True
2021,2021-03-14,19518,True
2021,2021-03-15,19483,True
2021,2021-03-16,19275,True
2021,2021-03-17,19201,True
2021,2021-03-18,19211,True
2021,2021-03-19,19207,True
2021,2021-03-20,19233,True
2021,2021-03-21,19188,True
2021,2021-03-22,19359,True
2021,2021-03-23,19896,True
2021,2021-03-24,19570,True
2021,2021-03-25,19428,True
2021,2021-03-26,19459,True
2021,2021-03-27,19714,True
2021,2021-03-28,19651,True
2021,2021-03-29,19713,True
2021,2021-03-30,19582,True
2021,2021-03-31,19814,True
2021,2021-04-01,20061,True
2021,2021-04-02,19767,True
2021,2021-04-03,19444,True
2021,2021-04-04,19480,True
2021,2021-04-05,19306,True
2021,2021-04-06,19294,True
2021,2021-04-07,19416,True
2021,2021-04-08,19839,True
2021,2021-04-09,19886,True
2021,2021-04-10,19933,True
2021,2021-04-11,19939,True
2021,2021-04-12,19934,True
2021,2021-04-13,19896,True
2021,2021-04-14,19926,True
2021,2021-04-15,19706,True
2021,2021-04-16,19174,True
2021,2021-04-17,19166,True
2021,2021-04-18,19027,True
2021,2021-04-19,19199,True
2021,2021-04-20,19138,True
2021,2021-04-21,18960,True
2021,2021-04-22,19105,True
2021,2021-04-23,19354,True
2021,2021-04-24,19527,True
2021,2021-04-25,19532,True
2021,2021-04-26,19674,True
2021,2021-04-27,19787,True
2021,2021-04-28,19690,True
2021,2021-04-29,19581,True
2021,2021-04-30,19368,True
2021,2021-05-01,18976,True
2021,2021-05-02,19052,True
2021,2021-05-03,19092,True
2021,2021-05-04,19226,True
2021,2021-05-05,19406,True
2021,2021-05-06,19417,True
2021,2021-05-07,19220,True
2021,2021-05-08,19230,True
2021,2021-05-09,18984,True
2021,2021-05-10,19022,True
2021,2021-05-11,19723,True
2021,2021-05-12,19649,True
2021,2021-05-13,19546,True
2021,2021-05-14,19575,True
2021,2021-05-15,19564,True
2021,2021-05-16,19600,True
2021,2021-05-17,19560,True
2021,2021-05-18,19332,True
2021,2021-05-19,19196,True
2021,2021-05-20,19230,True
2021,2021-05-21,19290,True
2021,2021-05-22,19028,True
2021,2021-05-23,18920,True
2021,2021-05-24,19085,True
2021,2021-05-25,19272,True
2021,2021-05-26,19322,True
2021,2021-05-27,19224,True
2021,2021-05-28,19000,True
2021,2021-05-29,19296,True
2021,2021-05-30,19300,True
2021,2021-05-31,19203,True
2021,2021-06-01,19174,True
2021,2021-06-02,19243,True
2021,2021-06-03,19551,True
2021,2021-06-04,19410,True
2021,2021-06-05,19551,True
2021,2021-06-06,19929,True
2021,2021-06-07,19839,True
2021,2021-06-08,19868,True
2021,2021-06-09,19971,True
2021,2021-06-10,19861,True
2021,2021-06-11,19863,True
2021,2021-06-12,19866,True
2021,2021-06-13,19950,True
2021,2021-06-14,19893,True
2021,2021-06-15,19827,True
2021,2021-06-16,19868,True
2021,2021-06-17,19862,True
2021,2021-06-18,19901,True
2021,2021-06-19,19802,True
2021,2021-06-20,19778,True
2021,2021-06-21,19798,True
2021,2021-06-22,20001,True
2021,2021-06-23,19820,True
2021,2021-06-24,19929,True
2021,2021-06-25,19669,True
2021,2021-06-26,19750,True
2021,2021-06-27,19823,True
2021,2021-06-28,19408,True
2021,2021-06-29,19845,True
2021,2021-06-30,19822,True
2021,2021-07-01,19867,True
2021,2021-07-02,19866,True
2021,2021-07-03,19908,True
2021,2021-07-04,19867,True
2021,2021-07-05,19654,True
2021,2021-07-06,19710,True
2021,2021-07-07,19395,True
2021,2021-07-08,19630,True
2021,2021-07-09,19622,True
2021,2021-07-10,19357,True
2021,2021-07-11,19390,True
2021,2021-07-12,19450,True
2021,2021-07-13,18858,True
2021,2021-07-14,18715,True
2021,2021-07-15,19276,True
2021,2021-07-16,19895,True
2021,2021-07-17,19790,True
2021,2021-07-18,19566,True
2021,2021-07-19,19572,True
2021,2021-07-20,19711,True
2021,2021-07-21,19758,True
2021,2021-07-22,19863,True
2021,2021-07-23,19870,True
2021,2021-07-24,19973,True
2021,2021-07-25,19916,True
2021,2021-07-26,20028,True
2021,2021-07-27,19911,True
2021,2021-07-28,19599,True
2021,2021-07-29,19781,True
2021,2021-07-30,19583,True
2021,2021-07-31,19359,True
2021,2021-08-01,19249,True
2021,2021-08-02,19353,True
2021,2021-08-03,19507,True
2021,2021-08-04,19491,True
2021,2021-08-05,19418,True
2021,2021-08-06,19629,True
2021,2021-08-07,19687,True
2021,2021-08-08,19730,True
2021,2021-08-09,19716,True
2021,2021-08-10,19736,True
2021,2021-08-11,19475,True
2021,2021-08-12,19460,True
2021,2021-08-13,19400,True
2021,2021-08-14,19633,True
2021,2021-08-15,19462,True
2021,2021-08-16,19540,True
2021,2021-08-17,19678,True
2021,2021-08-18,19631,True
2021,2021-08-19,19455,True
2021,2021-08-20,19494,True
2021,2021-08-21,19438,True
2021,2021-08-22,19431,True
2021,2021-08-23,19589,True
2021,2021-08-24,19402,True
2021,2021-08-25,19372,True
2021,2021-08-26,19527,True
2021,2021-08-27,19706,True
2021,2021-08-28,19822,True
2021,2021-08-29,19793,True
2021,2021-08-30,19840,True
2021,2021-08-31,19642,True
2021,2021-09-01,19824,True
2021,2021-09-02,19751,True
2021,2021-09-03,19675,True
2021,2021-09-04,19797,True
2021,2021-09-05,19873,True
2021,2021-09-06,19365,True
2021,2021-09-07,19177,True
2021,2021-09-08,19586,True
2021,2021-09-09,19760,True
2021,2021-09-10,19708,True
2021,2021-09-11,19047,True
2021,2021-09-12,19247,True
2021,2021-09-13,19244,True
2021,2021-09-14,18988,True
2021,2021-09-15,19182,True
2021,2021-09-16,19330,True
2021,2021-09-17,19432,True
2021,2021-09-18,19534,True
2021,2021-09-19,19340,True
2021,2021-09-20,19265,True
2021,2021-09-21,19344,True
2021,2021-09-22,19290,True
2021,2021-09-23,19328,True
2021,2021-09-24,19327,True
2021,2021-09-25,19295,True
2021,2021-09-26,19281,True
2021,2021-09-27,19582,True
2021,2021-09-28,19844,True
2021,2021-09-29,19831,True
2021,2021-09-30,19713,True
2021,2021-10-01,19472,True
2021,2021-10-02,19521,True
2021,2021-10-03,19520,True
2021,2021-10-04,19577,True
2021,2021-10-05,19563,True
2021,2021-10-06,19583,True
2021,2021-10-07,19561,True
2021,2021-10-08,19243,True
2021,2021-10-09,19388,True
2021,2021-10-10,19500,True
2021,2021-10-11,19373,True
2021,2021-10-12,19696,True
2021,2021-10-13,19576,True
2021,2021-10-14,19518,True
2021,2021-10-15,19556,True
2021,2021-10-16,19470,True
2021,2021-10-17,19442,True
2021,2021-10-18,19454,True
2021,2021-10-19,19440,True
2021,2021-10-20,19571,True
2021,2021-10-21,19500,True
2021,2021-10-22,19511,True
2021,2021-10-23,19653,True
2021,2021-10-24,19786,True
2021,2021-10-25,19556,True
2021,2021-10-26,19530,True
2021,2021-10-27,19557,True
2021,2021-10-28,19665,True
2021,2021-10-29,19704,True
2021,2021-10-30,19689,True
2021,2021-10-31,19565,True
2021,2021-11-01,19476,True
2021,2021-11-02,19462,True
2021,2021-11-03,19562,True
2021,2021-11-04,19603,True
2021,2021-11-05,19555,True
2021,2021-11-06,19503,True
2021,2021-11-07,19560,True
2021,2021-11-08,19407,True
2021,2021-11-09,19492,True
2021,2021-11-10,19403,True
2021,2021-11-11,19261,True
2021,2021-11-12,19133,True
2021,2021-11-13,19149,True
2021,2021-11-14,19257,True
2021,2021-11-15,19166,True
2021,2021-11-16,19114,True
2021,2021-11-17,19201,True
2021,2021-11-18,19388,True
2021,2021-11-19,19311,True
2021,2021-11-20,19287,True
2021,2021-11-21,19403,True
2021,2021-11-22,19292,True
2021,2021-11-23,19096,True
2021,2021-11-24,19125,True
2021,2021-11-25,19040,True
2021,2021-11-26,19317,True
2021,2021-11-27,19114,True
2021,2021-11-28,19218,True
2021,2021-11-29,19318,True
2021,2021-11-30,19297,True
2021,2021-12-01,19280,True
2021,2021-12-02,19291,True
2021,2021-12-03,19081,True
2021,2021-12-04,19070,True
2021,2021-12-05,19193,True
2021,2021-12-06,19253,True
2021,2021-12-07,19123,True
2021,2021-12-08,19304,True
2021,2021-12-09,19250,True
2021,2021-12-10,19039,True
2021,2021-12-11,18957,True
2021,2021-12-12,18705,True
2021,2021-12-13,18876,True
2021,2021-12-14,19134,True
2021,2021-12-15,19031,True
2021,2021-12-16,19254,True
2021,2021-12-17,19292,True
2021,2021-12-18,19238,True
2021,2021-12-19,19257,True
2021,2021-12-20,19129,True
2021,2021-12-21,19069,True
2021,2021-12-22,19170,True
2021,2021-12-23,19226,True
2021,2021-12-24,19110,True
2021,2021-12-25,18778,True
2021,2021-12-26,18608,True
2021,2021-12-27,18975,True
2021,2021-12-28,19293,True
2021,2021-12-29,19440,True
2021,2021-12-30,19545,True
2021,2021-12-31,18868,True
2022,2022-01-01,18487,True
2022,2022-01-02,18344,True
2022,2022-01-03,18121,True
2022,2022-01-04,18671,True
2022,2022-01-05,19282,True
2022,2022-01-06,19357,True
2022,2022-01-07,19266,True
2022,2022-01-08,19260,True
2022,2022-01-09,19369,True
2022,2022-01-10,19335,True
2022,2022-01-11,19335,True
2022,2022-01-12,19349,True
2022,2022-01-13,19334,True
2022,2022-01-14,19337,True
2022,2022-01-15,19320,True
2022,2022-01-16,15857,True
2022,2022-01-17,19267,True
2022,2022-01-18,19211,True
2022,2022-01-19,19283,True
2022,2022-01-20,19281,True
2022,2022-01-21,19330,True
2022,2022-01-22,19339,True
2022,2022-01-23,19322,True
2022,2022-01-24,19154,True
2022,2022-01-25,19058,True
2022,2022-01-26,19049,True
2022,2022-01-27,19161,True
2022,2022-01-28,19321,True
2022,2022-01-29,19268,True
2022,2022-01-30,19017,True
2022,2022-01-31,18966,True
2022,2022-02-01,18989,True
2022,2022-02-02,18884,True
2022,2022-02-03,18908,True
2022,2022-02-04,19023,True
2022,2022-02-05,18988,True
2022,2022-02-06,18923,True
2022,2022-02-07,18836,True
2022,2022-02-08,18855,True
2022,2022-02-09,19100,True
2022,2022-02-10,18887,True
2022,2022-02-11,19076,True
2022,2022-02-12,19226,True
2022,2022-02-13,19246,True
2022,2022-02-14,19258,True
2022,2022-02-15,19238,True
2022,2022-02-16,19231,True
2022,2022-02-17,19268,True
2022,2022-02-18,19476,True
2022,2022-02-19,19311,True
2022,2022-02-20,19360,True
2022,2022-02-21,19383,True
2022,2022-02-22,19430,True
2022,2022-02-23,16713,True
2022,2022-02-24,18516,True
2022,2022-02-25,18888,True
2022,2022-02-26,18877,True
2022,2022-02-27,18818,True
2022,2022-02-28,18997,True
2022,2022-03-01,19251,True
2022,2022-03-02,19250,True
2022,2022-03-03,19195,True
2022,2022-03-04,19186,True
2022,2022-03-05,19307,True
2022,2022-03-06,19352,True
2022,2022-03-07,19303,True
2022,2022-03-08,19004,True
2022,2022-03-09,19080,True
2022,2022-03-10,19257,True
2022,2022-03-11,19392,True
2022,2022-03-12,19305,True
2022,2022-03-13,19021,True
2022,2022-03-14,19351,True
2022,2022-03-15,19289,True
2022,2022-03-16,19202,True
2022,2022-03-17,19363,True
2022,2022-03-18,19228,True
2022,2022-03-19,19394,True
2022,2022-03-20,19313,True
2022,2022-03-21,19383,True
2022,2022-03-22,19194,True
2022,2022-03-23,19077,True
2022,2022-03-24,19150,True
2022,2022-03-25,19211,True
2022,2022-03-26,19151,True
2022,2022-03-27,19227,True
2022,2022-03-28,19288,True
2022,2022-03-29,19175,True
2022,2022-03-30,19289,True
2022,2022-03-31,19306,True
2022,2022-04-01,19308,True
2022,2022-04-02,19398,True
2022,2022-04-03,19227,True
2022,2022-04-04,19340,True
2022,2022-04-05,19462,True
2022,2022-04-06,19230,True
2022,2022-04-07,19054,True
2022,2022-04-08,19228,True
2022,2022-04-09,19447,True
2022,2022-04-10,19160,True
2022,2022-04-11,19246,True
2022,2022-04-12,19377,True
2022,2022-04-13,19437,True
2022,2022-04-14,19460,True
2022,2022-04-15,19537,True
2022,2022-04-16,19537,True
2022,2022-04-17,19394,True
2022,2022-04-18,19428,True
2022,2022-04-19,19308,True
2022,2022-04-20,19362,True
2022,2022-04-21,19350,True
2022,2022-04-22,19381,True
2022,2022-04-23,19396,True
2022,2022-04-24,19375,True
2022,2022-04-25,19390,True
2022,2022-04-26,19417,True
2022,2022-04-27,19226,True
2022,2022-04-28,19373,True
2022,2022-04-29,19388,True
2022,2022-04-30,19419,True
2022,2022-05-01,19442,True
2022,2022-05-02,19450,True
2022,2022-05-03,19466,True
2022,2022-05-04,19500,True
2022,2022-05-05,19474,True
2022,2022-05-06,19453,True
2022,2022-05-07,19341,True
2022,2022-05-08,19404,True
2022,2022-05-09,19410,True
2022,2022-05-10,19386,True
2022,2022-05-11,19392,True
2022,2022-05-12,19148,True
2022,2022-05-13,19166,True
2022,2022-05-14,19068,True
2022,2022-05-15,19235,True
2022,2022-05-16,19074,True
2022,2022-05-17,19147,True
2022,2022-05-18,19282,True
2022,2022-05-19,19285,True
2022,2022-05-20,19285,True
2022,2022-05-21,19289,True
2022,2022-05-22,19287,True
2022,2022-05-23,19066,True
2022,2022-05-24,18985,True
2022,2022-05-25,19110,True
2022,2022-05-26,19279,True
2022,2022-05-27,19416,True
2022,2022-05-28,19451,True
2022,2022-05-29,19462,True
2022,2022-05-30,19415,True
2022,2022-05-31,19438,True
2022,2022-06-01,19397,True
2022,2022-06-02,19386,True
2022,2022-06-03,19364,True
2022,2022-06-04,19430,True
2022,2022-06-05,19390,True
2022,2022-06-06,19377,True
2022,2022-06-07,19079,True
2022,2022-06-08,18995,True
2022,2022-06-09,19132,True
2022,2022-06-10,19172,True
2022,2022-06-11,19411,True
2022,2022-06-12,19420,True
2022,2022-06-13,19376,True
2022,2022-06-14,19399,True
2022,2022-06-15,19295,True
2022,2022-06-16,19195,True
2022,2022-06-17,19032,True
2022,2022-06-18,18817,True
2022,2022-06-19,18798,True
2022,2022-06-20,18878,True
2022,2022-06-21,19260,True
2022,2022-06-22,19267,True
2022,2022-06-23,19361,True
2022,2022-06-24,19422,True
2022,2022-06-25,19579,True
2022,2022-06-26,19583,True
2022,2022-06-27,19421,True
2022,2022-06-28,19361,True
2022,2022-06-29,19422,True
2022,2022-06-30,19540,True
2022,2022-07-01,19402,True
2022,2022-07-02,19403,True
2022,2022-07-03,19563,True
2022,2022-07-04,19409,True
2022,2022-07-05,19242,True
2022,2022-07-06,19413,True
2022,2022-07-07,19444,True
2022,2022-07-08,19535,True
2022,2022-07-09,19426,True
2022,2022-07-10,19432,True
2022,2022-07-11,19443,True
2022,2022-07-12,19353,True
2022,2022-07-13,19571,True
2022,2022-07-14,19364,True
2022,2022-07-15,19408,True
2022,2022-07-16,19415,True
2022,2022-07-17,19583,True
2022,2022-07-18,19464,True
2022,2022-07-19,19480,True
2022,2022-07-20,19579,True
2022,2022-07-21,19402,True
2022,2022-07-22,19405,True
2022,2022-07-23,19279,True
2022,2022-07-24,19461,True
2022,2022-07-25,19392,True
2022,2022-07-26,19426,True
2022,2022-07-27,19472,True
2022,2022-07-28,19546,True
2022,2022-07-29,19420,True
2022,2022-07-30,19434,True
2022,2022-07-31,19410,True
2022,2022-08-01,19321,True
2022,2022-08-02,19302,True
2022,2022-08-03,19300,True
2022,2022-08-04,19143,True
2022,2022-08-05,19294,True
2022,2022-08-06,19374,True
2022,2022-08-07,19447,True
2022,2022-08-08,19298,True
2022,2022-08-09,19299,True
2022,2022-08-10,19223,True
2022,2022-08-11,19286,True
2022,2022-08-12,19427,True
2022,2022-08-13,19302,True
2022,2022-08-14,19291,True
2022,2022-08-15,19436,True
2022,2022-08-16,19296,True
2022,2022-08-17,19410,True
2022,2022-08-18,19438,True
2022,2022-08-19,19120,True
2022,2022-08-20,19006,True
2022,2022-08-21,19113,True
2022,2022-08-22,18690,True
2022,2022-08-23,18707,True
2022,2022-08-24,18749,True
2022,2022-08-25,18868,True
2022,2022-08-26,19161,True
2022,2022-08-27,19044,True
2022,2022-08-28,19053,True
2022,2022-08-29,19101,True
2022,2022-08-30,19425,True
2022,2022-08-31,19975,True
2022,2022-09-01,19961,True
2022,2022-09-02,19941,True
2022,2022-09-03,19994,True
2022,2022-09-04,19950,True
2022,2022-09-05,19816,True
2022,2022-09-06,20018,True
2022,2022-09-07,20149,True
2022,2022-09-08,20303,True
2022,2022-09-09,20133,True
2022,2022-09-10,20065,True
2022,2022-09-11,20185,True
2022,2022-09-12,20247,True
2022,2022-09-13,20067,True
2022,2022-09-14,20005,True
2022,2022-09-15,19212,True
2022,2022-09-16,20356,True
2022,2022-09-17,20525,True
2022,2022-09-18,20490,True
2022,2022-09-19,20419,True
2022,2022-09-20,20535,True
2022,2022-09-21,20447,True
2022,2022-09-22,20476,True
2022,2022-09-23,20273,True
2022,2022-09-24,20291,True
2022,2022-09-25,20252,True
2022,2022-09-26,20294,True
2022,2022-09-27,20435,True
2022,2022-09-28,20448,True
2022,2022-09-29,20434,True
2022,2022-09-30,20257,True
2022,2022-10-01,20301,True
2022,2022-10-02,20264,True
2022,2022-10-03,20202,True
2022,2022-10-04,20277,True
2022,2022-10-05,20252,True
2022,2022-10-06,20126,True
2022,2022-10-07,19795,True
2022,2022-10-08,19816,True
2022,2022-10-09,19793,True
2022,2022-10-10,19901,True
2022,2022-10-11,20081,True
2022,2022-10-12,20058,True
2022,2022-10-13,20240,True
2022,2022-10-14,20232,True
2022,2022-10-15,19871,True
2022,2022-10-16,19853,True
2022,2022-10-17,19882,True
2022,2022-10-18,19891,True
2022,2022-10-19,20056,True
2022,2022-10-20,20031,True
2022,2022-10-21,20089,True
2022,2022-10-22,19905,True
2022,2022-10-23,20008,True
2022,2022-10-24,20024,True
2022,2022-10-25,20175,True
2022,2022-10-26,20287,True
2022,2022-10-27,20483,True
2022,2022-10-28,20047,True
2022,2022-10-29,20645,True
2022,2022-10-30,20680,True
2022,2022-10-31,20642,True
2022,2022-11-01,20503,True
2022,2022-11-02,20561,True
2022,2022-11-03,20585,True
2022,2022-11-04,20609,True
2022,2022-11-05,20467,True
2022,2022-11-06,20278,True
2022,2022-11-07,20263,True
2022,2022-11-08,20101,True
2022,2022-11-09,20082,True
2022,2022-11-10,20238,True
2022,2022-11-11,20410,True
2022,2022-11-12,20279,True
2022,2022-11-13,20103,True
2022,2022-11-14,20073,True
2022,2022-11-15,20004,True
2022,2022-11-16,20227,True
2022,2022-11-17,20372,True
2022,2022-11-18,20406,True
2022,2022-11-19,20271,True
2022,2022-11-20,20381,True
2022,2022-11-21,20220,True
2022,2022-11-22,20223,True
2022,2022-11-23,20269,True
2022,2022-11-24,20271,True
2022,2022-11-25,19974,True
2022,2022-11-26,19983,True
2022,2022-11-27,19931,True
2022,2022-11-28,19942,True
2022,2022-11-29,19906,True
2022,2022-11-30,20042,True
2022,2022-12-01,20168,True
2022,2022-12-02,18532,True
2022,2022-12-03,20256,True
2022,2022-12-04,20247,True
2022,2022-12-05,20059,True
2022,2022-12-06,19933,True
2022,2022-12-07,19898,True
2022,2022-12-08,19931,True
2022,2022-12-09,19933,True
2022,2022-12-10,20240,True
2022,2022-12-11,20164,True
2022,2022-12-12,20208,True
2022,2022-12-13,20174,True
2022,2022-12-14,19851,True
2022,2022-12-15,19983,True
2022,2022-12-16,20146,True
2022,2022-12-17,20234,True
2022,2022-12-18,20214,True
2022,2022-12-19,20195,True
2022,2022-12-20,20162,True
2022,2022-12-21,20109,True
2022,2022-12-22,20107,True
2022,2022-12-23,20200,True
2022,2022-12-24,20043,True
2022,2022-12-25,20173,True
2022,2022-12-26,20177,True
2022,2022-12-27,20132,True
2022,2022-12-28,19784,True
2022,2022-12-29,20087,True
2022,2022-12-30,20252,True
2022,2022-12-31,20234,True
2023,2023-01-01,6637,True
2023,2023-01-02,0,False
2023,2023-01-03,0,False
2023,2023-01-04,0,False
2023,2023-01-05,0,False
2023,2023-01-06,0,False
2023,2023-01-07,0,False
2023,2023-01-08,0,False
2023,2023-01-09,0,False
2023,2023-01-10,10680,True
2023,2023-01-11,19629,True
2023,2023-01-12,19870,True
2023,2023-01-13,19670,True
2023,2023-01-14,19393,True
2023,2023-01-15,19407,True
2023,2023-01-16,19202,True
2023,2023-01-17,19417,True
2023,2023-01-18,19691,True
2023,2023-01-19,19405,True
2023,2023-01-20,19620,True
2023,2023-01-21,19562,True
2023,2023-01-22,19491,True
2023,2023-01-23,19376,True
2023,2023-01-24,19059,True
2023,2023-01-25,18744,True
2023,2023-01-26,18414,True
2023,2023-01-27,19686,True
2023,2023-01-28,19394,True
2023,2023-01-29,19472,True
2023,2023-01-30,19446,True
2023,2023-01-31,19757,True
2023,2023-02-01,19623,True
2023,2023-02-02,19928,True
2023,2023-02-03,20119,True
2023,2023-02-04,20412,True
2023,2023-02-05,17878,True
2023,2023-02-06,20163,True
2023,2023-02-07,20168,True
2023,2023-02-08,20127,True
2023,2023-02-09,20170,True
2023,2023-02-10,20151,True
2023,2023-02-11,20185,True
2023,2023-02-12,20158,True
2023,2023-02-13,20310,True
2023,2023-02-14,20492,True
2023,2023-02-15,20504,True
2023,2023-02-16,20534,True
2023,2023-02-17,20313,True
2023,2023-02-18,20410,True
2023,2023-02-19,20307,True
2023,2023-02-20,20399,True
2023,2023-02-21,20310,True
2023,2023-02-22,20354,True
2023,2023-02-23,20528,True
2023,2023-02-24,20476,True
2023,2023-02-25,20462,True
2023,2023-02-26,20515,True
2023,2023-02-27,20271,True
2023,2023-02-28,19904,True
2023,2023-03-01,19559,True
2023,2023-03-02,19341,True
2023,2023-03-03,19138,True
2023,2023-03-04,18898,True
2023,2023-03-05,18971,True
2023,2023-03-06,19285,True
2023,2023-03-07,19240,True
2023,2023-03-08,19278,True
2023,2023-03-09,19289,True
2023,2023-03-10,19283,True
2023,2023-03-11,19248,True
2023,2023-03-12,19287,True
2023,2023-03-13,19289,True
2023,2023-03-14,19285,True
2023,2023-03-15,19282,True
2023,2023-03-16,18897,True
2023,2023-03-17,18711,True
2023,2023-03-18,18883,True
2023,2023-03-19,18973,True
2023,2023-03-20,18933,True
2023,2023-03-21,18732,True
2023,2023-03-22,18818,True
2023,2023-03-23,18961,True
2023,2023-03-24,18969,True
2023,2023-03-25,18893,True
2023,2023-03-26,18919,True
2023,2023-03-27,19001,True
2023,2023-03-28,19073,True
2023,2023-03-29,19278,True
2023,2023-03-30,19255,True
2023,2023-03-31,19266,True
2023,2023-04-01,18997,True
2023,2023-04-02,18995,True
2023,2023-04-03,18997,True
2023,2023-04-04,18991,True
2023,2023-04-05,18994,True
2023,2023-04-06,19003,True
2023,2023-04-07,18915,True
2023,2023-04-08,18703,True
2023,2023-04-09,18708,True
2023,2023-04-10,18759,True
2023,2023-04-11,18832,True
2023,2023-04-12,18985,True
2023,2023-04-13,19205,True
2023,2023-04-14,19855,True
2023,2023-04-15,13687,True
2023,2023-04-16,19681,True
2023,2023-04-17,19841,True
2023,2023-04-18,19805,True
2023,2023-04-19,19681,True
2023,2023-04-20,19827,True
2023,2023-04-21,19869,True
2023,2023-04-22,19782,True
2023,2023-04-23,19870,True
2023,2023-04-24,19870,True
2023,2023-04-25,19867,True
2023,2023-04-26,19871,True
2023,2023-04-27,19867,True
2023,2023-04-28,19871,True
2023,2023-04-29,19647,True
2023,2023-04-30,19866,True
2023,2023-05-01,19744,True
2023,2023-05-02,19837,True
2023,2023-05-03,19805,True
2023,2023-05-04,19746,True
2023,2023-05-05,19870,True
2023,2023-05-06,19744,True
2023,2023-05-07,19710,True
2023,2023-05-08,19871,True
2023,2023-05-09,19872,True
2023,2023-05-10,19764,True
2023,2023-05-11,19581,True
2023,2023-05-12,19489,True
2023,2023-05-13,19294,True
2023,2023-05-14,19294,True
2023,2023-05-15,19292,True
2023,2023-05-16,19281,True
2023,2023-05-17,19289,True
2023,2023-05-18,19255,True
2023,2023-05-19,19293,True
2023,2023-05-20,19296,True
2023,2023-05-21,19294,True
2023,2023-05-22,19295,True
2023,2023-05-23,19296,True
2023,2023-05-24,19294,True
2023,2023-05-25,18458,True
2023,2023-05-26,19295,True
2023,2023-05-27,19296,True
2023,2023-05-28,19292,True
2023,2023-05-29,19282,True
2023,2023-05-30,19245,True
2023,2023-05-31,19295,True
2023,2023-06-01,19290,True
2023,2023-06-02,19290,True
2023,2023-06-03,19262,True
2023,2023-06-04,19237,True
2023,2023-06-05,19295,True
2023,2023-06-06,19224,True
2023,2023-06-07,19191,True
2023,2023-06-08,19291,True
2023,2023-06-09,19218,True
2023,2023-06-10,19163,True
2023,2023-06-11,19181,True
2023,2023-06-12,19261,True
2023,2023-06-13,19272,True
2023,2023-06-14,19289,True
2023,2023-06-15,19150,True
2023,2023-06-16,19074,True
2023,2023-06-17,19005,True
2023,2023-06-18,18998,True
2023,2023-06-19,19090,True
2023,2023-06-20,19226,True
2023,2023-06-21,19286,True
2023,2023-06-22,19287,True
2023,2023-06-23,19143,True
2023,2023-06-24,19133,True
2023,2023-06-25,19285,True
2023,2023-06-26,18992,True
2023,2023-06-27,18995,True
2023,2023-06-28,19005,True
2023,2023-06-29,19008,True
2023,2023-06-30,19172,True
2023,2023-07-01,19292,True
2023,2023-07-02,19292,True
2023,2023-07-03,19249,True
2023,2023-07-04,19034,True
2023,2023-07-05,18880,True
2023,2023-07-06,18372,True
2023,2023-07-07,19039,True
2023,2023-07-08,19281,True
2023,2023-07-09,19289,True
2023,2023-07-10,19244,True
2023,2023-07-11,19195,True
2023,2023-07-12,19176,True
2023,2023-07-13,19159,True
2023,2023-07-14,19128,True
2023,2023-07-15,19202,True
2023,2023-07-16,19560,True
2023,2023-07-17,19324,True
2023,2023-07-18,19053,True
2023,2023-07-19,18926,True
2023,2023-07-20,18404,True
2023,2023-07-21,17956,True
2023,2023-07-22,18241,True
2023,2023-07-23,18374,True
2023,2023-07-24,18143,True
2023,2023-07-25,18141,True
2023,2023-07-26,18144,True
2023,2023-07-27,17889,True
2023,2023-07-28,17929,True
2023,2023-07-29,18110,True
2023,2023-07-30,17871,True
2023,2023-07-31,18019,True
2023,2023-08-01,18135,True
2023,2023-08-02,18141,True
2023,2023-08-03,18300,True
2023,2023-08-04,19067,True
2023,2023-08-05,19291,True
2023,2023-08-06,19296,True
2023,2023-08-07,19232,True
2023,2023-08-08,18962,True
2023,2023-08-09,19006,True
2023,2023-08-10,18998,True
2023,2023-08-11,18928,True
2023,2023-08-12,18920,True
2023,2023-08-13,18954,True
2023,2023-08-14,18907,True
2023,2023-08-15,18663,True
2023,2023-08-16,18707,True
2023,2023-08-17,18596,True
2023,2023-08-18,18178,True
2023,2023-08-19,18430,True
2023,2023-08-20,18365,True
2023,2023-08-21,18426,True
2023,2023-08-22,18431,True
2023,2023-08-23,18463,True
2023,2023-08-24,18444,True
2023,2023-08-25,18430,True
2023,2023-08-26,18432,True
2023,2023-08-27,18384,True
2023,2023-08-28,18425,True
2023,2023-08-29,18425,True
2023,2023-08-30,18423,True
2023,2023-08-31,18479,True
2023,2023-09-01,18719,True
2023,2023-09-02,18694,True
2023,2023-09-03,18715,True
2023,2023-09-04,18716,True
2023,2023-09-05,18707,True
2023,2023-09-06,18685,True
2023,2023-09-07,18642,True
2023,2023-09-08,18638,True
2023,2023-09-09,18721,True
2023,2023-09-10,18452,True
2023,2023-09-11,18589,True
2023,2023-09-12,18719,True
2023,2023-09-13,18719,True
2023,2023-09-14,18721,True
2023,2023-09-15,18720,True
2023,2023-09-16,18720,True
2023,2023-09-17,18719,True
2023,2023-09-18,18712,True
2023,2023-09-19,18760,True
2023,2023-09-20,18771,True
2023,2023-09-21,18967,True
2023,2023-09-22,18996,True
2023,2023-09-23,19003,True
2023,2023-09-24,19003,True
2023,2023-09-25,19159,True
2023,2023-09-26,19286,True
2023,2023-09-27,19143,True
2023,2023-09-28,18771,True
2023,2023-09-29,18952,True
2023,2023-09-30,19002,True
2023,2023-10-01,18935,True
2023,2023-10-02,19002,True
2023,2023-10-03,18998,True
2023,2023-10-04,19007,True
2023,2023-10-05,19004,True
2023,2023-10-06,19006,True
2023,2023-10-07,18914,True
2023,2023-10-08,15834,True
2023,2023-10-09,7387,True
2023,2023-10-10,18990,True
2023,2023-10-11,19006,True
2023,2023-10-12,18983,True
2023,2023-10-13,18978,True
2023,2023-10-14,19004,True
2023,2023-10-15,18782,True
2023,2023-10-16,18703,True
2023,2023-10-17,16920,True
2023,2023-10-18,18720,True
2023,2023-10-19,18787,True
2023,2023-10-20,18991,True
2023,2023-10-21,19001,True
2023,2023-10-22,18997,True
2023,2023-10-23,18794,True
2023,2023-10-24,18715,True
2023,2023-10-25,18606,True
2023,2023-10-26,18416,True
2023,2023-10-27,18429,True
2023,2023-10-28,18430,True
2023,2023-10-29,18431,True
2023,2023-10-30,18422,True
2023,2023-10-31,18378,True
2023,2023-11-01,18428,True
2023,2023-11-02,18429,True
2023,2023-11-03,18427,True
2023,2023-11-04,18427,True
2023,2023-11-05,18430,True
2023,2023-11-06,18426,True
2023,2023-11-07,18422,True
2023,2023-11-08,18427,True
2023,2023-11-09,18429,True
2023,2023-11-10,18427,True
2023,2023-11-11,18425,True
2023,2023-11-12,18425,True
2023,2023-11-13,18396,True
2023,2023-11-14,18407,True
2023,2023-11-15,18421,True
2023,2023-11-16,18426,True
2023,2023-11-17,18420,True
2023,2023-11-18,18409,True
2023,2023-11-19,18427,True
2023,2023-11-20,18427,True
2023,2023-11-21,18419,True
2023,2023-11-22,18416,True
2023,2023-11-23,18408,True
2023,2023-11-24,18388,True
2023,2023-11-25,15720,True
2023,2023-11-26,18420,True
2023,2023-11-27,17706,True
2023,2023-11-28,18428,True
2023,2023-11-29,18424,True
2023,2023-11-30,17654,True
2023,2023-12-01,18682,True
2023,2023-12-02,18368,True
2023,2023-12-03,18373,True
2023,2023-12-04,18353,True
2023,2023-12-05,18411,True
2023,2023-12-06,18420,True
2023,2023-12-07,17701,True
2023,2023-12-08,18415,True
2023,2023-12-09,18416,True
2023,2023-12-10,18400,True
2023,2023-12-11,18069,True
2023,2023-12-12,18322,True
2023,2023-12-13,18000,True
2023,2023-12-14,18126,True
2023,2023-12-15,18250,True
2023,2023-12-16,18243,True
2023,2023-12-17,18207,True
2023,2023-12-18,18329,True
2023,2023-12-19,18350,True
2023,2023-12-20,18412,True
2023,2023-12-21,18386,True
2023,2023-12-22,18410,True
2023,2023-12-23,18028,True
2023,2023-12-24,18396,True
2023,2023-12-25,18410,True
2023,2023-12-26,18376,True
2023,2023-12-27,18328,True
2023,2023-12-28,18318,True
2023,2023-12-29,18411,True
2023,2023-12-30,18423,True
2023,2023-12-31,18423,True
2024,2024-01-01,18354,True
2024,2024-01-02,18123,True
2024,2024-01-03,18119,True
2024,2024-01-04,18127,True
2024,2024-01-05,17901,True
2024,2024-01-06,17840,True
2024,2024-01-07,17478,True
2024,2024-01-08,16980,True
2024,2024-01-09,17253,True
2024,2024-01-10,17565,True
2024,2024-01-11,17925,True
2024,2024-01-12,18138,True
2024,2024-01-13,18141,True
2024,2024-01-14,18139,True
2024,2024-01-15,18122,True
2024,2024-01-16,18100,True
2024,2024-01-17,18127,True
2024,2024-01-18,17984,True
2024,2024-01-19,17816,True
2024,2024-01-20,17599,True
2024,2024-01-21,17620,True
2024,2024-01-22,17830,True
2024,2024-01-23,17826,True
2024,2024-01-24,17735,True
2024,2024-01-25,18107,True
2024,2024-01-26,18040,True
2024,2024-01-27,17935,True
2024,2024-01-28,17841,True
2024,2024-01-29,17847,True
2024,2024-01-30,17849,True
2024,2024-01-31,17852,True
2024,2024-02-01,17853,True
2024,2024-02-02,18142,True
2024,2024-02-03,18133,True
2024,2024-02-04,17703,True
2024,2024-02-05,17810,True
2024,2024-02-06,17843,True
2024,2024-02-07,17846,True
2024,2024-02-08,17851,True
2024,2024-02-09,17855,True
2024,2024-02-10,17860,True
2024,2024-02-11,17836,True
2024,2024-02-12,17849,True
2024,2024-02-13,17842,True
2024,2024-02-14,17625,True
2024,2024-02-15,17551,True
2024,2024-02-16,17334,True
2024,2024-02-17,17256,True
2024,2024-02-18,16987,True
2024,2024-02-19,16979,True
2024,2024-02-20,17259,True
2024,2024-02-21,17767,True
2024,2024-02-22,17934,True
2024,2024-02-23,17966,True
2024,2024-02-24,17968,True
2024,2024-02-25,17961,True
2024,2024-02-26,17969,True
2024,2024-02-27,17974,True
2024,2024-02-28,18032,True
2024,2024-02-29,18139,True
2024,2024-03-01,18132,True
2024,2024-03-02,18138,True
2024,2024-03-03,18133,True
2024,2024-03-04,18125,True
2024,2024-03-05,18109,True
2024,2024-03-06,18141,True
2024,2024-03-07,18136,True
2024,2024-03-08,18140,True
2024,2024-03-09,17971,True
2024,2024-03-10,17661,True
2024,2024-03-11,17753,True
2024,2024-03-12,17797,True
2024,2024-03-13,17704,True
2024,2024-03-14,17558,True
2024,2024-03-15,17496,True
2024,2024-03-16,17256,True
2024,2024-03-17,17214,True
2024,2024-03-18,17373,True
2024,2024-03-19,17485,True
2024,2024-03-20,17485,True
2024,2024-03-21,17484,True
2024,2024-03-22,17475,True
2024,2024-03-23,17565,True
2024,2024-03-24,17558,True
2024,2024-03-25,17560,True
2024,2024-03-26,17644,True
2024,2024-03-27,17922,True
2024,2024-03-28,18031,True
2024,2024-03-29,17777,True
2024,2024-03-30,17725,True
2024,2024-03-31,17816,True
2024,2024-04-01,18007,True
2024,2024-04-02,18118,True
2024,2024-04-03,18134,True
2024,2024-04-04,18124,True
2024,2024-04-05,18137,True
2024,2024-04-06,18002,True
2024,2024-04-07,17658,True
2024,2024-04-08,17861,True
2024,2024-04-09,18126,True
2024,2024-04-10,18137,True
2024,2024-04-11,18124,True
2024,2024-04-12,18140,True
2024,2024-04-13,18131,True
2024,2024-04-14,18136,True
2024,2024-04-15,18038,True
2024,2024-04-16,17855,True
2024,2024-04-17,17917,True
2024,2024-04-18,18042,True
2024,2024-04-19,18031,True
2024,2024-04-20,18108,True
2024,2024-04-21,18019,True
2024,2024-04-22,17914,True
2024,2024-04-23,18022,True
2024,2024-04-24,18135,True
2024,2024-04-25,17939,True
2024,2024-04-26,17847,True
2024,2024-04-27,17843,True
2024,2024-04-28,17845,True
2024,2024-04-29,18013,True
2024,2024-04-30,18113,True
2024,2024-05-01,18030,True
2024,2024-05-02,15200,True
2024,2024-05-03,14578,True
2024,2024-05-04,18116,True
2024,2024-05-05,18068,True
2024,2024-05-06,18134,True
2024,2024-05-07,18130,True
2024,2024-05-08,18139,True
2024,2024-05-09,17636,True
2024,2024-05-10,18043,True
2024,2024-05-11,17952,True
2024,2024-05-12,17817,True
2024,2024-05-13,17853,True
2024,2024-05-14,17854,True
2024,2024-05-15,17851,True
2024,2024-05-16,17968,True
2024,2024-05-17,17779,True
2024,2024-05-18,17856,True
2024,2024-05-19,17855,True
2024,2024-05-20,17854,True
2024,2024-05-21,17851,True
2024,2024-05-22,17852,True
2024,2024-05-23,17806,True
2024,2024-05-24,17848,True
2024,2024-05-25,17845,True
2024,2024-05-26,17753,True
2024,2024-05-27,17850,True
2024,2024-05-28,17847,True
2024,2024-05-29,17840,True
2024,2024-05-30,17989,True
2024,2024-05-31,18129,True
2024,2024-06-01,18051,True
2024,2024-06-02,17829,True
2024,2024-06-03,16962,True
2024,2024-06-04,17978,True
2024,2024-06-05,18026,True
2024,2024-06-06,17989,True
2024,2024-06-07,17847,True
2024,2024-06-08,17850,True
2024,2024-06-09,17854,True
2024,2024-06-10,17844,True
2024,2024-06-11,17838,True
2024,2024-06-12,17979,True
2024,2024-06-13,18126,True
2024,2024-06-14,18008,True
2024,2024-06-15,17704,True
2024,2024-06-16,17554,True
2024,2024-06-17,17495,True
2024,2024-06-18,17605,True
2024,2024-06-19,17839,True
2024,2024-06-20,17845,True
2024,2024-06-21,17704,True
2024,2024-06-22,17490,True
2024,2024-06-23,17552,True
2024,2024-06-24,17553,True
2024,2024-06-25,17645,True
2024,2024-06-26,17974,True
2024,2024-06-27,17970,True
2024,2024-06-28,18114,True
2024,2024-06-29,17878,True
2024,2024-06-30,17848,True
2024,2024-07-01,17954,True
2024,2024-07-02,18371,True
2024,2024-07-03,18392,True
2024,2024-07-04,18287,True
2024,2024-07-05,18207,True
2024,2024-07-06,17842,True
2024,2024-07-07,17992,True
2024,2024-07-08,18200,True
2024,2024-07-09,18178,True
2024,2024-07-10,18141,True
2024,2024-07-11,17999,True
2024,2024-07-12,18119,True
2024,2024-07-13,18091,True
2024,2024-07-14,18107,True
2024,2024-07-15,18037,True
2024,2024-07-16,18025,True
2024,2024-07-17,17925,True
2024,2024-07-18,17773,True
2024,2024-07-19,17518,True
2024,2024-07-20,17630,True
2024,2024-07-21,17711,True
2024,2024-07-22,17553,True
2024,2024-07-23,17660,True
2024,2024-07-24,17589,True
2024,2024-07-25,17735,True
2024,2024-07-26,17595,True
2024,2024-07-27,17656,True
2024,2024-07-28,17586,True
2024,2024-07-29,17687,True
2024,2024-07-30,17529,True
2024,2024-07-31,17634,True
2024,2024-08-01,17133,True
2024,2024-08-02,17092,True
2024,2024-08-03,16832,True
2024,2024-08-04,16648,True
2024,2024-08-05,15602,True
2024,2024-08-06,15508,True
2024,2024-08-07,15601,True
2024,2024-08-08,15418,True
2024,2024-08-09,10321,True
2024,2024-08-10,12668,True
2024,2024-08-11,13987,True
2024,2024-08-12,14282,True
2024,2024-08-13,14862,True
2024,2024-08-14,15719,True
2024,2024-08-15,16740,True
2024,2024-08-16,17091,True
2024,2024-08-17,16901,True
2024,2024-08-18,16656,True
2024,2024-08-19,16673,True
2024,2024-08-20,16575,True
2024,2024-08-21,16972,True
2024,2024-08-22,16783,True
2024,2024-08-23,17200,True
2024,2024-08-24,17609,True
2024,2024-08-25,16984,True
2024,2024-08-26,17565,True
2024,2024-08-27,17512,True
2024,2024-08-28,17607,True
2024,2024-08-29,17485,True
2024,2024-08-30,17478,True
2024,2024-08-31,17384,True
2024,2024-09-01,17408,True
2024,2024-09-02,17399,True
2024,2024-09-03,17348,True
2024,2024-09-04,17151,True
2024,2024-09-05,16865,True
2024,2024-09-06,17066,True
2024,2024-09-07,16962,True
2024,2024-09-08,16789,True
2024,2024-09-09,17073,True
2024,2024-09-10,17198,True
2024,2024-09-11,17336,True
2024,2024-09-12,17437,True
2024,2024-09-13,17688,True
2024,2024-09-14,17644,True
2024,2024-09-15,17740,True
2024,2024-09-16,17700,True
2024,2024-09-17,17856,True
2024,2024-09-18,17853,True
2024,2024-09-19,17840,True
2024,2024-09-20,17856,True
2024,2024-09-21,17781,True
2024,2024-09-22,17561,True
2024,2024-09-23,17648,True
2024,2024-09-24,17827,True
2024,2024-09-25,17837,True
2024,2024-09-26,17803,True
2024,2024-09-27,14735,True
2024,2024-09-28,17694,True
2024,2024-09-29,17555,True
2024,2024-09-30,17551,True
2024,2024-10-01,17385,True
2024,2024-10-02,17278,True
2024,2024-10-03,17273,True
2024,2024-10-04,17277,True
2024,2024-10-05,17197,True
2024,2024-10-06,17271,True
2024,2024-10-07,17275,True
2024,2024-10-08,17273,True
2024,2024-10-09,17257,True
2024,2024-10-10,17158,True
2024,2024-10-11,17151,True
2024,2024-10-12,17260,True
2024,2024-10-13,17274,True
2024,2024-10-14,17205,True
2024,2024-10-15,16817,True
2024,2024-10-16,16980,True
2024,2024-10-17,16538,True
2024,2024-10-18,16928,True
2024,2024-10-19,16865,True
2024,2024-10-20,16881,True
2024,2024-10-21,16937,True
2024,2024-10-22,16989,True
2024,2024-10-23,16869,True
2024,2024-10-24,16926,True
2024,2024-10-25,16850,True
2024,2024-10-26,16989,True
2024,2024-10-27,16976,True
2024,2024-10-28,16706,True
2024,2024-10-29,16538,True
2024,2024-10-30,16959,True
2024,2024-10-31,16968,True
2024,2024-11-01,16975,True
2024,2024-11-02,16973,True
2024,2024-11-03,16986,True
2024,2024-11-04,16983,True
2024,2024-11-05,16957,True
2024,2024-11-06,12396,True
2024,2024-11-07,7027,True
2024,2024-11-08,18093,True
2024,2024-11-09,18137,True
2024,2024-11-10,18097,True
2024,2024-11-11,18128,True
2024,2024-11-12,17944,True
2024,2024-11-13,17842,True
2024,2024-11-14,17853,True
2024,2024-11-15,17849,True
2024,2024-11-16,17852,True
2024,2024-11-17,17852,True
2024,2024-11-18,17675,True
2024,2024-11-19,17566,True
2024,2024-11-20,17394,True
2024,2024-11-21,17275,True
2024,2024-11-22,17272,True
2024,2024-11-23,17279,True
2024,2024-11-24,17279,True
2024,2024-11-25,17270,True
2024,2024-11-26,17264,True
2024,2024-11-27,17123,True
2024,2024-11-28,16937,True
2024,2024-11-29,17093,True
2024,2024-11-30,17067,True
2024,2024-12-01,16980,True
2024,2024-12-02,16820,True
2024,2024-12-03,16701,True
2024,2024-12-04,17046,True
2024,2024-12-05,17274,True
2024,2024-12-06,17267,True
2024,2024-12-07,17264,True
2024,2024-12-08,16557,True
2024,2024-12-09,17108,True
2024,2024-12-10,17511,True
2024,2024-12-11,17509,True
2024,2024-12-12,17742,True
2024,2024-12-13,17855,True
2024,2024-12-14,17842,True
2024,2024-12-15,17835,True
2024,2024-12-16,17812,True
2024,2024-12-17,17789,True
2024,2024-12-18,17676,True
2024,2024-12-19,17632,True
2024,2024-12-20,17720,True
2024,2024-12-21,17851,True
2024,2024-12-22,17846,True
2024,2024-12-23,18019,True
2024,2024-12-24,18137,True
2024,2024-12-25,18143,True
2024,2024-12-26,18143,True
2024,2024-12-27,18133,True
2024,2024-12-28,18137,True
2024,2024-12-29,18063,True
2024,2024-12-30,17802,True
2024,2024-12-31,17955,True
