station_id,years_observed,year_count,rows,name_variants,device_variants,numeric_coordinate_variants,first_epoch_s,last_epoch_s
S06,2017;2024,2,40141,2,1,1,1483229099,1735660500
S07,2017;2018;2019;2020;2021;2023;2024,7,554703,1,1,1,1483229099,1735660500
S08,2017;2018;2019;2020;2021;2022;2023;2024,8,787572,1,1,1,1483229099,1735660500
S100,2017;2018;2019;2020;2021;2022;2023,7,621234,1,1,1,1483229099,1683881100
S101,2017;2018,2,169959,1,1,1,1483229099,1544147100
S102,2017;2018;2022;2023;2024,5,181592,1,1,1,1483229099,1721278200
S103,2017,1,45,1,1,1,1490152799,1490919899
S104,2017;2018;2019;2020;2021;2022;2023;2024,8,762063,1,1,1,1483229099,1735660500
S105,2018;2019;2020,3,109009,1,1,1,1544543700,1578447900
S106,2017;2018;2019;2020;2021;2022;2023;2024,8,620780,1,1,1,1483229099,1735660500
S107,2017;2018;2019;2020;2021;2022;2023;2024,8,794533,1,1,1,1483229099,1735660500
S108,2017;2018;2019;2020;2021;2022;2023;2024,8,606751,1,1,1,1483229099,1730814900
S109,2017;2018;2019;2020;2021;2022;2023;2024,8,750767,1,1,1,1483229099,1735660500
S11,2017;2018;2019;2020;2021,5,472193,1,1,1,1483229099,1636596600
S110,2017,1,27573,1,1,1,1483229099,1491510899
S111,2017;2018;2019;2020;2021;2022;2023;2024,8,721853,1,1,1,1504145100,1735660500
S112,2017;2018;2019;2020;2021;2022;2023;2024,8,763679,1,1,1,1483229099,1735660500
S113,2017;2018;2019;2020;2021;2022;2023;2024,8,801783,1,1,2,1483229099,1735660500
S114,2017;2018;2019;2020;2021;2022;2023;2024,8,777971,1,1,1,1483229099,1732067700
S115,2017;2018;2019;2020;2021;2022;2023;2024,8,771482,1,1,1,1483229099,1735660500
S116,2017;2018;2019;2020;2021;2022;2023;2024,8,783256,1,1,1,1483229099,1735660500
S117,2017;2018;2019;2020;2023;2024,6,568651,1,1,1,1483229099,1735660500
S118,2017;2018;2019;2020;2021;2022;2023;2024,8,688316,1,1,1,1483229099,1704849900
S119,2017;2018;2019;2020;2021;2022;2023;2024,8,791256,1,1,1,1483229099,1735660500
S120,2017;2018;2019;2020;2021;2022;2023;2024,8,733368,1,1,1,1483229099,1714635300
S121,2017;2018;2019;2020;2021;2022;2023;2024,8,779986,1,1,1,1483229099,1735660500
S122,2017;2018;2019;2020;2021,5,382247,1,1,1,1483229099,1631546100
S123,2017;2018;2019;2020;2021;2022;2023;2024,8,771930,1,1,1,1483229099,1735660500
S201,2020;2021;2022;2023;2024,5,470283,2,1,1,1592196600,1735660500
S202,2020;2021;2022;2023,4,276164,1,1,1,1592196600,1677547200
S203,2020;2021;2022;2023;2024,5,460068,2,1,1,1592196600,1735660500
S204,2020;2021;2022;2023,4,345437,1,1,1,1592196600,1698217200
S205,2020;2021;2022;2023,4,315754,1,1,1,1592196600,1698028500
S207,2020;2021;2022;2023;2024,5,467865,2,1,1,1592196600,1735660500
S208,2020;2021;2022;2023;2024,5,470297,2,1,1,1592196600,1735660500
S209,2020;2021;2022;2023;2024,5,465941,2,1,1,1592196600,1735660500
S210,2020;2021;2022;2023;2024,5,464430,2,1,1,1592196600,1735660500
S211,2020;2021;2022;2023;2024,5,465619,2,1,1,1592196600,1735660500
S212,2020;2021;2022;2023;2024,5,426904,2,1,1,1592196600,1722796200
S213,2020;2021;2022;2023;2024,5,468758,2,1,1,1592196600,1735660500
S214,2020;2021;2022;2023;2024,5,466740,2,1,1,1592196600,1735660500
S215,2018;2019;2020;2021;2022;2023;2024,7,671916,2,1,1,1523863200,1735660500
S216,2020;2021;2022;2023;2024,5,468538,3,1,1,1592196600,1735660500
S217,2020;2021;2022;2023;2024,5,469750,2,1,1,1592196600,1735660500
S218,2020;2021;2022;2023;2024,5,470204,2,1,1,1592196600,1735660500
S219,2020;2021;2022;2023;2024,5,469939,2,1,1,1592196600,1735660500
S220,2020;2021;2022;2023;2024,5,470307,2,1,1,1592196600,1735660500
S221,2020;2021;2022;2023;2024,5,470273,2,1,1,1592196600,1735660500
S222,2020;2021;2022;2023;2024,5,470263,2,1,1,1592196600,1735660500
S223,2020;2021;2022;2023;2024,5,468137,2,1,1,1592196600,1735660500
S224,2020;2021;2022;2023;2024,5,468750,2,1,1,1592196600,1735660500
S226,2020;2021;2022;2023;2024,5,467254,2,1,1,1592196600,1735660500
S227,2020;2021;2022;2023;2024,5,469314,2,1,1,1592196600,1735660500
S228,2020;2021;2022;2023;2024,5,467982,2,1,1,1592196600,1735660500
S229,2020;2021;2022;2023;2024,5,470045,2,1,1,1592196600,1735660500
S230,2020;2021;2022;2023;2024,5,469178,2,1,1,1592196600,1735660500
S24,2017;2018;2019;2020;2021;2022;2023;2024,8,798983,1,1,1,1483229099,1735660500
S24B,2017,1,32648,1,1,1,1483229099,1493090699
S29,2017;2018;2019;2020;2021;2024,6,378666,1,1,1,1483229099,1735660500
S33,2017;2018;2019;2020;2021;2022;2023;2024,8,779417,1,1,1,1483229099,1735660500
S35,2017;2018;2019;2020;2021;2022;2023;2024,8,775748,1,1,1,1483229099,1735660500
S36,2017;2018;2019;2020;2021;2022;2023,7,270637,1,1,1,1483229099,1701474600
S40,2017;2018;2019;2020;2021;2022;2023;2024,8,795387,1,1,1,1483229099,1735660500
S43,2017;2018;2019;2020;2021;2022;2023;2024,8,801008,1,1,1,1483229099,1735660500
S44,2017;2018;2019;2020;2021;2022;2023;2024,8,759978,1,1,1,1483229099,1732919400
S46,2017;2018;2019;2020,4,355820,1,1,1,1483229099,1607073000
S50,2017;2018;2019;2020;2021;2022;2023;2024,8,784187,1,1,1,1483229099,1735660500
S55,2017;2018;2019,3,206417,1,1,1,1483229099,1550719200
S60,2017;2018;2019;2020;2021;2022;2023;2024,8,535486,1,1,1,1483668899,1735660500
S61,2017;2018;2019;2020;2021;2022;2023,7,446071,1,1,1,1483229099,1678923600
S63,2017,1,93890,1,1,1,1483229099,1513648500
S64,2017;2018;2019;2020;2022;2023;2024,7,540807,1,1,1,1483229099,1735660500
S66,2017;2018;2019;2020;2021;2022;2023;2024,8,786621,1,1,1,1483229099,1735660500
S69,2017;2018;2019;2020;2021;2022;2023;2024,8,756031,1,1,1,1483229099,1735660500
S71,2017;2018;2019;2020;2021;2022;2023;2024,8,751768,1,1,1,1483229099,1735660500
S72,2017,1,33,1,1,1,1486398599,1488839399
S77,2017;2018;2019;2020;2021;2022;2023;2024,8,807540,1,1,1,1483229099,1735660500
S78,2017;2018;2019;2020;2021;2022;2023;2024,8,806996,1,1,1,1483229099,1735660500
S79,2017;2018;2019;2020;2021;2022;2023;2024,8,790244,1,1,1,1483229099,1735660500
S81,2017;2018;2019;2020;2021;2022;2023;2024,8,808381,1,1,1,1483229099,1735660500
S82,2017;2018;2019;2020;2021;2022,6,494758,1,1,1,1510108500,1668998700
S84,2017;2018;2019;2020;2021;2022;2023;2024,8,760510,1,1,1,1483229099,1735660500
S88,2017;2018;2019;2020;2021;2022;2023;2024,8,803891,1,1,1,1483229099,1735660500
S89,2017;2018;2019;2020;2021;2022;2023;2024,8,800048,1,1,1,1483229099,1735660500
S90,2017;2018;2019;2020;2021;2022;2023;2024,8,801881,1,1,1,1483229099,1735660500
S900,2017;2018;2019;2020;2021;2022;2023;2024,8,801245,1,1,1,1483229099,1735660500
S91,2017;2018;2019;2020;2021;2023,6,346468,1,1,1,1483229099,1676961600
S92,2017;2018;2019;2020;2021;2024,6,395407,1,1,1,1483229099,1735660500
S94,2017;2018;2019;2020;2021;2022;2023;2024,8,800299,1,1,1,1483229099,1735660500
S96,2017,1,30633,1,1,1,1483229099,1492459499
S97,2017,1,6,1,1,1,1483587899,1483589399
