year,update_delay_bucket,reading_update_delay_bucket,count
2017,0_to_5min,0_to_5min,47
2017,1day_to_7days,1day_to_7days,17899
2017,1hour_to_1day,1hour_to_1day,80142
2017,1hour_to_1day,5min_to_1hour,1009
2017,5min_to_1hour,0_to_5min,270
2017,5min_to_1hour,5min_to_1hour,5156739
2018,0_to_5min,0_to_5min,422
2018,1day_to_7days,1day_to_7days,83896
2018,1hour_to_1day,1hour_to_1day,82234
2018,1hour_to_1day,5min_to_1hour,56
2018,5min_to_1hour,5min_to_1hour,4426699
2018,over_7days,over_7days,939
2019,0_to_5min,0_to_5min,250
2019,1day_to_7days,1day_to_7days,143712
2019,1day_to_7days,5min_to_1hour,102
2019,1hour_to_1day,1hour_to_1day,138536
2019,1hour_to_1day,5min_to_1hour,185
2019,5min_to_1hour,0_to_5min,96
2019,5min_to_1hour,5min_to_1hour,4742056
2019,over_7days,over_7days,1925
2020,0_to_5min,0_to_5min,414
2020,1day_to_7days,1day_to_7days,184994
2020,1hour_to_1day,1hour_to_1day,136256
2020,1hour_to_1day,5min_to_1hour,444
2020,5min_to_1hour,0_to_5min,2696
2020,5min_to_1hour,5min_to_1hour,6009521
2020,over_7days,over_7days,148
2021,1day_to_7days,1day_to_7days,12078
2021,1hour_to_1day,1hour_to_1day,66201
2021,1hour_to_1day,5min_to_1hour,136
2021,5min_to_1hour,5min_to_1hour,6966231
2022,0_to_5min,0_to_5min,1055
2022,1day_to_7days,1day_to_7days,68026
2022,1hour_to_1day,1hour_to_1day,113705
2022,1hour_to_1day,5min_to_1hour,66
2022,5min_to_1hour,0_to_5min,68
2022,5min_to_1hour,5min_to_1hour,6950310
2023,0_to_5min,0_to_5min,11504
2023,1day_to_7days,1day_to_7days,179651
2023,1hour_to_1day,1hour_to_1day,155018
2023,1hour_to_1day,5min_to_1hour,126
2023,5min_to_1hour,0_to_5min,204
2023,5min_to_1hour,5min_to_1hour,6396387
2024,1day_to_7days,1day_to_7days,63929
2024,1hour_to_1day,1hour_to_1day,96591
2024,1hour_to_1day,5min_to_1hour,122
2024,5min_to_1hour,5min_to_1hour,6245618
