station_id,from_year,to_year,previous_epoch_s,next_epoch_s,gap_s
S06,2017,2024,1490584499,1730965800,240381301
S07,2017,2018,1514735700,1514736000,300
S07,2018,2019,1546271700,1546272000,300
S07,2019,2020,1577807700,1577808000,300
S07,2020,2021,1609430100,1609430400,300
S07,2021,2023,1609439700,1681386000,71946300
S07,2023,2024,1704038100,1704038400,300
S08,2017,2018,1514735700,1514736000,300
S08,2018,2019,1546271700,1546272000,300
S08,2019,2020,1577807700,1577808000,300
S08,2020,2021,1609430100,1609430400,300
S08,2021,2022,1640966100,1640966400,300
S08,2022,2023,1672502100,1672502400,300
S08,2023,2024,1704038100,1704038400,300
S100,2017,2018,1514735700,1514736000,300
S100,2018,2019,1546271700,1546272000,300
S100,2019,2020,1577807700,1577808000,300
S100,2020,2021,1609430100,1609430400,300
S100,2021,2022,1640966100,1640966400,300
S100,2022,2023,1672502100,1672502400,300
S101,2017,2018,1512452100,1516253700,3801600
S102,2017,2018,1513151400,1516175700,3024300
S102,2018,2022,1536658200,1663222500,126564300
S102,2022,2023,1672502100,1672502400,300
S102,2023,2024,1684384800,1719301200,34916400
S104,2017,2018,1511163000,1515053400,3890400
S104,2018,2019,1545053100,1546498500,1445400
S104,2019,2020,1577807700,1577808000,300
S104,2020,2021,1609430100,1609430400,300
S104,2021,2022,1640966100,1640966400,300
S104,2022,2023,1672502100,1672502400,300
S104,2023,2024,1704038100,1704038400,300
S105,2018,2019,1546271700,1546272000,300
S105,2019,2020,1577807700,1577808000,300
S106,2017,2018,1514735700,1514736000,300
S106,2018,2019,1546271700,1546272000,300
S106,2019,2020,1577807700,1577808000,300
S106,2020,2021,1609430100,1609430400,300
S106,2021,2022,1640966100,1640970300,4200
S106,2022,2023,1672502100,1672502400,300
S106,2023,2024,1689627600,1730885700,41258100
S107,2017,2018,1514735700,1514736000,300
S107,2018,2019,1546271700,1546272000,300
S107,2019,2020,1577807700,1577808000,300
S107,2020,2021,1609430100,1609430400,300
S107,2021,2022,1640966100,1640966400,300
S107,2022,2023,1672502100,1672502400,300
S107,2023,2024,1704038100,1704038400,300
S108,2017,2018,1514649300,1514937600,288300
S108,2018,2019,1546271700,1546272000,300
S108,2019,2020,1577807700,1577808000,300
S108,2020,2021,1609430100,1609430400,300
S108,2021,2022,1640966100,1640966400,300
S108,2022,2023,1672502100,1672502400,300
S108,2023,2024,1683703800,1714635600,30931800
S109,2017,2018,1514735700,1514736000,300
S109,2018,2019,1545861600,1546485600,624000
S109,2019,2020,1577807700,1577808000,300
S109,2020,2021,1609430100,1609430400,300
S109,2021,2022,1640966100,1640966400,300
S109,2022,2023,1672502100,1672502400,300
S109,2023,2024,1704038100,1704038400,300
S11,2017,2018,1514735700,1514736000,300
S11,2018,2019,1546271700,1546272000,300
S11,2019,2020,1577807700,1577808000,300
S11,2020,2021,1609430100,1609430400,300
S111,2017,2018,1514735700,1514736000,300
S111,2018,2019,1546271700,1546272000,300
S111,2019,2020,1577807700,1577808000,300
S111,2020,2021,1609430100,1609430400,300
S111,2021,2022,1640939100,1640995500,56400
S111,2022,2023,1672502100,1672502400,300
S111,2023,2024,1704038100,1704038400,300
S112,2017,2018,1514735700,1514736000,300
S112,2018,2019,1546271700,1546272000,300
S112,2019,2020,1577807700,1577808000,300
S112,2020,2021,1609430100,1609430400,300
S112,2021,2022,1640966100,1640966400,300
S112,2022,2023,1672502100,1672502400,300
S112,2023,2024,1704038100,1704038400,300
S113,2017,2018,1514735700,1514736000,300
S113,2018,2019,1546271700,1546272000,300
S113,2019,2020,1577807700,1577808000,300
S113,2020,2021,1609430100,1609430400,300
S113,2021,2022,1640966100,1640966400,300
S113,2022,2023,1672502100,1672502400,300
S113,2023,2024,1704038100,1704038400,300
S114,2017,2018,1514735700,1514736000,300
S114,2018,2019,1546271700,1546272000,300
S114,2019,2020,1577807700,1577808000,300
S114,2020,2021,1609430100,1609430400,300
S114,2021,2022,1640966100,1640966400,300
S114,2022,2023,1672502100,1672502400,300
S114,2023,2024,1704038100,1704038400,300
S115,2017,2018,1514735700,1514736000,300
S115,2018,2019,1546271700,1546272000,300
S115,2019,2020,1577807700,1577808000,300
S115,2020,2021,1609430100,1609430400,300
S115,2021,2022,1640966100,1640966400,300
S115,2022,2023,1672502100,1672502400,300
S115,2023,2024,1704038100,1704038400,300
S116,2017,2018,1514735700,1514736000,300
S116,2018,2019,1546271700,1546272000,300
S116,2019,2020,1577807700,1577808000,300
S116,2020,2021,1609430100,1609430400,300
S116,2021,2022,1640966100,1640966400,300
S116,2022,2023,1672502100,1672502400,300
S116,2023,2024,1704038100,1704038400,300
S117,2017,2018,1514735700,1514736000,300
S117,2018,2019,1545902700,1546573800,671100
S117,2019,2020,1577807700,1577808000,300
S117,2020,2023,1608076500,1675410300,67333800
S117,2023,2024,1704038100,1704038400,300
S118,2017,2018,1514735700,1514736000,300
S118,2018,2019,1546271700,1546272000,300
S118,2019,2020,1577807700,1577808000,300
S118,2020,2021,1609430100,1609430400,300
S118,2021,2022,1640966100,1640966400,300
S118,2022,2023,1672502100,1672502400,300
S118,2023,2024,1704038100,1704038400,300
S119,2017,2018,1514735700,1514736000,300
S119,2018,2019,1546271700,1546272000,300
S119,2019,2020,1577807700,1577808000,300
S119,2020,2021,1609430100,1609430400,300
S119,2021,2022,1640966100,1640966400,300
S119,2022,2023,1672502100,1672502400,300
S119,2023,2024,1704038100,1704038400,300
S120,2017,2018,1514735700,1514736000,300
S120,2018,2019,1546271700,1546272000,300
S120,2019,2020,1577807700,1577808000,300
S120,2020,2021,1609430100,1609430400,300
S120,2021,2022,1640966100,1640966400,300
S120,2022,2023,1672502100,1672502400,300
S120,2023,2024,1704038100,1704038400,300
S121,2017,2018,1514735700,1514736000,300
S121,2018,2019,1546271700,1546272000,300
S121,2019,2020,1577807700,1577808000,300
S121,2020,2021,1609430100,1609430400,300
S121,2021,2022,1640966100,1640966400,300
S121,2022,2023,1672502100,1672502400,300
S121,2023,2024,1704038100,1704038400,300
S122,2017,2018,1514735700,1514736000,300
S122,2018,2019,1546271700,1546272000,300
S122,2019,2020,1577807700,1577808000,300
S122,2020,2021,1607927400,1611555900,3628500
S123,2017,2018,1514735700,1514736000,300
S123,2018,2019,1546271700,1546272000,300
S123,2019,2020,1576508100,1578383400,1875300
S123,2020,2021,1609430100,1609430400,300
S123,2021,2022,1640966100,1640966400,300
S123,2022,2023,1672502100,1672502400,300
S123,2023,2024,1704038100,1704038400,300
S201,2020,2021,1609430100,1609430400,300
S201,2021,2022,1640966100,1640966400,300
S201,2022,2023,1672502100,1672502400,300
S201,2023,2024,1704038100,1704038400,300
S202,2020,2021,1609430100,1609430400,300
S202,2021,2022,1640966100,1640966400,300
S202,2022,2023,1672502100,1672502400,300
S203,2020,2021,1609430100,1609430400,300
S203,2021,2022,1640966100,1640966400,300
S203,2022,2023,1672502100,1672502400,300
S203,2023,2024,1704038100,1704038400,300
S204,2020,2021,1609430100,1609430400,300
S204,2021,2022,1640966100,1640966400,300
S204,2022,2023,1672502100,1672502400,300
S205,2020,2021,1609430100,1609430400,300
S205,2021,2022,1640966100,1640966400,300
S205,2022,2023,1672502100,1672502400,300
S207,2020,2021,1609430100,1609430400,300
S207,2021,2022,1640966100,1640966400,300
S207,2022,2023,1672502100,1672502400,300
S207,2023,2024,1704038100,1704038400,300
S208,2020,2021,1609430100,1609430400,300
S208,2021,2022,1640966100,1640966400,300
S208,2022,2023,1672502100,1672502400,300
S208,2023,2024,1704038100,1704038400,300
S209,2020,2021,1609430100,1609430400,300
S209,2021,2022,1640966100,1640966400,300
S209,2022,2023,1672502100,1672502400,300
S209,2023,2024,1704038100,1704038400,300
S210,2020,2021,1609430100,1609430400,300
S210,2021,2022,1640966100,1640966400,300
S210,2022,2023,1672502100,1672502400,300
S210,2023,2024,1704038100,1704038400,300
S211,2020,2021,1609430100,1609430400,300
S211,2021,2022,1640966100,1640966400,300
S211,2022,2023,1672502100,1672502400,300
S211,2023,2024,1704038100,1704038400,300
S212,2020,2021,1609430100,1609430400,300
S212,2021,2022,1640966100,1640966400,300
S212,2022,2023,1672502100,1672502400,300
S212,2023,2024,1704038100,1704038400,300
S213,2020,2021,1609430100,1609430400,300
S213,2021,2022,1640966100,1640966400,300
S213,2022,2023,1672502100,1672502400,300
S213,2023,2024,1704038100,1704038400,300
S214,2020,2021,1609430100,1609430400,300
S214,2021,2022,1640966100,1640966400,300
S214,2022,2023,1672502100,1672502400,300
S214,2023,2024,1704038100,1704038400,300
S215,2018,2019,1546271700,1546272000,300
S215,2019,2020,1577807700,1577808000,300
S215,2020,2021,1609430100,1609430400,300
S215,2021,2022,1640966100,1640966400,300
S215,2022,2023,1672502100,1672502400,300
S215,2023,2024,1704038100,1704038400,300
S216,2020,2021,1609430100,1609430400,300
S216,2021,2022,1640966100,1640966400,300
S216,2022,2023,1672502100,1672502400,300
S216,2023,2024,1704038100,1704038400,300
S217,2020,2021,1609430100,1609430400,300
S217,2021,2022,1640966100,1640966400,300
S217,2022,2023,1672502100,1672502400,300
S217,2023,2024,1704038100,1704038400,300
S218,2020,2021,1609430100,1609430400,300
S218,2021,2022,1640966100,1640966400,300
S218,2022,2023,1672502100,1672502400,300
S218,2023,2024,1704038100,1704038400,300
S219,2020,2021,1609430100,1609430400,300
S219,2021,2022,1640966100,1640966400,300
S219,2022,2023,1672502100,1672502400,300
S219,2023,2024,1704038100,1704038400,300
S220,2020,2021,1609430100,1609430400,300
S220,2021,2022,1640966100,1640966400,300
S220,2022,2023,1672502100,1672502400,300
S220,2023,2024,1704038100,1704038400,300
S221,2020,2021,1609430100,1609430400,300
S221,2021,2022,1640966100,1640966400,300
S221,2022,2023,1672502100,1672502400,300
S221,2023,2024,1704038100,1704038400,300
S222,2020,2021,1609430100,1609430400,300
S222,2021,2022,1640966100,1640966400,300
S222,2022,2023,1672502100,1672502400,300
S222,2023,2024,1704038100,1704038400,300
S223,2020,2021,1609430100,1609430400,300
S223,2021,2022,1640966100,1640966400,300
S223,2022,2023,1672502100,1672502400,300
S223,2023,2024,1704038100,1704038400,300
S224,2020,2021,1609421100,1609849800,428700
S224,2021,2022,1640966100,1640966400,300
S224,2022,2023,1672502100,1672502400,300
S224,2023,2024,1704038100,1704038400,300
S226,2020,2021,1609430100,1609430400,300
S226,2021,2022,1640966100,1640966400,300
S226,2022,2023,1672502100,1672502400,300
S226,2023,2024,1704038100,1704038400,300
S227,2020,2021,1609430100,1609430400,300
S227,2021,2022,1640966100,1640966400,300
S227,2022,2023,1672502100,1672502400,300
S227,2023,2024,1704038100,1704038400,300
S228,2020,2021,1609430100,1609430400,300
S228,2021,2022,1640966100,1640966400,300
S228,2022,2023,1672502100,1672502400,300
S228,2023,2024,1704038100,1704038400,300
S229,2020,2021,1609430100,1609430400,300
S229,2021,2022,1640966100,1640966400,300
S229,2022,2023,1672502100,1672502400,300
S229,2023,2024,1704038100,1704038400,300
S230,2020,2021,1609430100,1609430400,300
S230,2021,2022,1640966100,1640966400,300
S230,2022,2023,1672502100,1672502400,300
S230,2023,2024,1704038100,1704038400,300
S24,2017,2018,1514735700,1514736000,300
S24,2018,2019,1546271700,1546272000,300
S24,2019,2020,1577807700,1577808000,300
S24,2020,2021,1609430100,1609430400,300
S24,2021,2022,1640966100,1640966400,300
S24,2022,2023,1672502100,1672502400,300
S24,2023,2024,1704038100,1704038400,300
S29,2017,2018,1514735700,1514736000,300
S29,2018,2019,1546271700,1546272000,300
S29,2019,2020,1577807700,1577808000,300
S29,2020,2021,1609430100,1609430400,300
S29,2021,2024,1609458900,1730885700,121426800
S33,2017,2018,1514735700,1514736000,300
S33,2018,2019,1546271700,1546272000,300
S33,2019,2020,1577807700,1577808000,300
S33,2020,2021,1609430100,1609430400,300
S33,2021,2022,1640966100,1640966400,300
S33,2022,2023,1672502100,1672502400,300
S33,2023,2024,1704038100,1704038400,300
S35,2017,2018,1514735700,1514736000,300
S35,2018,2019,1546271700,1546272000,300
S35,2019,2020,1577807700,1577808000,300
S35,2020,2021,1609430100,1609430400,300
S35,2021,2022,1640940300,1641098700,158400
S35,2022,2023,1672502100,1672502400,300
S35,2023,2024,1704038100,1704038400,300
S36,2017,2018,1514735700,1514736000,300
S36,2018,2019,1546271700,1546272000,300
S36,2019,2020,1577796600,1577854200,57600
S36,2020,2021,1608546600,1610438700,1892100
S36,2021,2022,1640869500,1641193500,324000
S36,2022,2023,1672490400,1672530300,39900
S40,2017,2018,1514735700,1514736000,300
S40,2018,2019,1546271700,1546272000,300
S40,2019,2020,1577807700,1577808000,300
S40,2020,2021,1609430100,1609430400,300
S40,2021,2022,1640966100,1640966400,300
S40,2022,2023,1672502100,1672502400,300
S40,2023,2024,1704038100,1704038400,300
S43,2017,2018,1514735700,1514736000,300
S43,2018,2019,1546271700,1546272000,300
S43,2019,2020,1577807700,1577808000,300
S43,2020,2021,1609430100,1609430400,300
S43,2021,2022,1640966100,1640966400,300
S43,2022,2023,1672502100,1672502400,300
S43,2023,2024,1704038100,1704038400,300
S44,2017,2018,1514735700,1514736000,300
S44,2018,2019,1546271700,1546272000,300
S44,2019,2020,1577807700,1577808000,300
S44,2020,2021,1609430100,1609430400,300
S44,2021,2022,1640966100,1640966400,300
S44,2022,2023,1672502100,1672502400,300
S44,2023,2024,1704038100,1704038400,300
S46,2017,2018,1514735700,1514736000,300
S46,2018,2019,1546271700,1546272000,300
S46,2019,2020,1577807700,1577808000,300
S50,2017,2018,1514735700,1514736000,300
S50,2018,2019,1546271700,1546272000,300
S50,2019,2020,1577807700,1577808000,300
S50,2020,2021,1609430100,1609430400,300
S50,2021,2022,1640966100,1640966400,300
S50,2022,2023,1672502100,1672502400,300
S50,2023,2024,1704038100,1704038400,300
S55,2017,2018,1514735700,1514736000,300
S55,2018,2019,1546271700,1546272000,300
S60,2017,2018,1514690100,1514937600,247500
S60,2018,2019,1546120500,1546398300,277800
S60,2019,2020,1577807700,1577808000,300
S60,2020,2021,1609430100,1609430400,300
S60,2021,2022,1609458900,1661841300,52382400
S60,2022,2023,1672502100,1672502400,300
S60,2023,2024,1704038100,1704038400,300
S61,2017,2018,1514735700,1514736000,300
S61,2018,2019,1546271700,1546272000,300
S61,2019,2020,1577807700,1577808000,300
S61,2020,2021,1609430100,1609430400,300
S61,2021,2022,1609458900,1661841300,52382400
S61,2022,2023,1672502100,1672502400,300
S64,2017,2018,1514735700,1514736000,300
S64,2018,2019,1546271700,1546272000,300
S64,2019,2020,1577807700,1577808000,300
S64,2020,2022,1580224500,1661841300,81616800
S64,2022,2023,1672502100,1672502400,300
S64,2023,2024,1704038100,1704038400,300
S66,2017,2018,1514735700,1514736000,300
S66,2018,2019,1544726100,1546413900,1687800
S66,2019,2020,1577807700,1577808000,300
S66,2020,2021,1609430100,1609430400,300
S66,2021,2022,1640966100,1640966400,300
S66,2022,2023,1672502100,1672502400,300
S66,2023,2024,1704038100,1704038400,300
S69,2017,2018,1514735700,1514736000,300
S69,2018,2019,1546271700,1546272000,300
S69,2019,2020,1577807700,1577808000,300
S69,2020,2021,1609430100,1609430400,300
S69,2021,2022,1640959500,1641003300,43800
S69,2022,2023,1672502100,1672502400,300
S69,2023,2024,1704038100,1704038400,300
S71,2017,2018,1514735700,1514736000,300
S71,2018,2019,1545624300,1546567200,942900
S71,2019,2020,1577807700,1577808000,300
S71,2020,2021,1609430100,1609430400,300
S71,2021,2022,1640966100,1640966400,300
S71,2022,2023,1672502100,1672502400,300
S71,2023,2024,1704038100,1704038400,300
S77,2017,2018,1514735700,1514736000,300
S77,2018,2019,1546271700,1546272000,300
S77,2019,2020,1577807700,1577808000,300
S77,2020,2021,1609430100,1609430400,300
S77,2021,2022,1640966100,1640966400,300
S77,2022,2023,1672502100,1672502400,300
S77,2023,2024,1704038100,1704038400,300
S78,2017,2018,1514735700,1514736000,300
S78,2018,2019,1546271700,1546272000,300
S78,2019,2020,1577807700,1577808000,300
S78,2020,2021,1609430100,1609430400,300
S78,2021,2022,1640966100,1640966400,300
S78,2022,2023,1672502100,1672502400,300
S78,2023,2024,1704038100,1704038400,300
S79,2017,2018,1514735700,1514736000,300
S79,2018,2019,1546271700,1546272000,300
S79,2019,2020,1577807700,1577808000,300
S79,2020,2021,1609430100,1609430400,300
S79,2021,2022,1640966100,1640966400,300
S79,2022,2023,1672502100,1672502400,300
S79,2023,2024,1704038100,1704038400,300
S81,2017,2018,1514735700,1514736000,300
S81,2018,2019,1546271700,1546272000,300
S81,2019,2020,1577807700,1577808000,300
S81,2020,2021,1609430100,1609430400,300
S81,2021,2022,1640966100,1640966400,300
S81,2022,2023,1672502100,1672502400,300
S81,2023,2024,1704038100,1704038400,300
S82,2017,2018,1514735700,1514736000,300
S82,2018,2019,1546271700,1546272000,300
S82,2019,2020,1577807700,1577808000,300
S82,2020,2021,1609430100,1609430400,300
S82,2021,2022,1640966100,1640966400,300
S84,2017,2018,1514735700,1514736000,300
S84,2018,2019,1545886800,1546478400,591600
S84,2019,2020,1577807700,1577808000,300
S84,2020,2021,1609430100,1609430400,300
S84,2021,2022,1640966100,1640966400,300
S84,2022,2023,1672502100,1672502400,300
S84,2023,2024,1704038100,1704038400,300
S88,2017,2018,1514735700,1514736000,300
S88,2018,2019,1546271700,1546272000,300
S88,2019,2020,1577807700,1577808000,300
S88,2020,2021,1609430100,1609430400,300
S88,2021,2022,1640966100,1640966400,300
S88,2022,2023,1672502100,1672502400,300
S88,2023,2024,1704038100,1704038400,300
S89,2017,2018,1514735700,1514736000,300
S89,2018,2019,1546271700,1546272000,300
S89,2019,2020,1577807700,1577808000,300
S89,2020,2021,1609430100,1609430400,300
S89,2021,2022,1640966100,1640966400,300
S89,2022,2023,1672502100,1672502400,300
S89,2023,2024,1704038100,1704038400,300
S90,2017,2018,1514735700,1514736000,300
S90,2018,2019,1546271700,1546272000,300
S90,2019,2020,1577807700,1577808000,300
S90,2020,2021,1609430100,1609430400,300
S90,2021,2022,1640966100,1640966400,300
S90,2022,2023,1672502100,1672502400,300
S90,2023,2024,1704038100,1704038400,300
S900,2017,2018,1514735700,1514736000,300
S900,2018,2019,1546271700,1546272000,300
S900,2019,2020,1577807700,1577808000,300
S900,2020,2021,1609430100,1609430400,300
S900,2021,2022,1640966100,1640966400,300
S900,2022,2023,1672502100,1672502400,300
S900,2023,2024,1704038100,1704038400,300
S91,2017,2018,1514735700,1514736000,300
S91,2018,2019,1545294300,1546492200,1197900
S91,2019,2020,1577807700,1577808000,300
S91,2020,2021,1609430100,1609430400,300
S91,2021,2023,1615859100,1676961600,61102500
S92,2017,2018,1514735700,1514736000,300
S92,2018,2019,1546271700,1546272000,300
S92,2019,2020,1577807700,1577808000,300
S92,2020,2021,1609430100,1609430400,300
S92,2021,2024,1610246700,1730885700,120639000
S94,2017,2018,1514735700,1514736000,300
S94,2018,2019,1546271700,1546272000,300
S94,2019,2020,1577807700,1577808000,300
S94,2020,2021,1609430100,1609430400,300
S94,2021,2022,1640966100,1640966400,300
S94,2022,2023,1672502100,1672502400,300
S94,2023,2024,1704038100,1704038400,300
